1.749002575874328613e+00,1.877458930015563965e+00,2.444405561390091131e-01,1.280491277012725804e-01
2.059886455535888672e-01,1.024292945861816406e+00,2.807858862346984674e-01,9.866059269443955282e-02
3.362588956952095032e-02,1.715162843465805054e-01,6.889939438274191863e-01,4.082062554375929797e-01
6.634324550628662109e+00,6.724491119384765625e+00,7.223146785764500422e-01,6.006851764382069581e-01
3.045261502265930176e-01,3.285421729087829590e-01,7.701756110861097682e-01,4.196785665363350626e-01
3.007754087448120117e+00,5.139598846435546875e+00,4.041839464742345012e-01,1.672672346257400022e-01
2.247621864080429077e-01,3.060770034790039062e-01,7.323198639019306011e-01,3.605547522905609981e-01
1.099974941462278366e-02,8.193088322877883911e-02,3.302568966304475495e-01,1.377371887284274954e-01
1.090142607688903809e+00,3.959969043731689453e+00,2.034593560218594943e-02,1.057446902291703239e-03
3.772671222686767578e-01,8.294457793235778809e-01,5.665824565901922405e-04,2.031605862484742175e-06
1.854735910892486572e-01,1.136722564697265625e+00,2.115310999814301596e-02,2.764677585376684732e-03
3.823464155197143555e+00,3.879731416702270508e+00,5.149693127518006897e-04,9.289328067874080830e-08
6.372160315513610840e-01,6.557362079620361328e-01,4.978398928861704764e-03,1.713003690179959460e-03
9.789618104696273804e-02,1.289597004652023315e-01,3.685756808017270902e-02,3.167950041196854194e-04
2.677019357681274414e+00,3.455649137496948242e+00,4.761541476341275558e-01,3.147824506545723322e-01
2.746447548270225525e-02,3.736063092947006226e-02,3.417114555086122607e-01,1.497297443722027666e-01
3.936603367328643799e-01,5.112987756729125977e-01,3.560678504030384550e-02,1.333379057663930389e-02
3.200997412204742432e-02,3.080866336822509766e-01,4.672828398966100139e-05,2.478807548111916503e-09
2.502853237092494965e-02,2.919548191130161285e-02,7.411849978958409135e-01,5.267417787329231604e-01
1.444957065582275391e+01,2.434402084350585938e+01,5.779031319021710189e-02,3.679562888140364141e-03
3.207511827349662781e-02,4.468279182910919189e-01,8.163033758456261779e-02,3.122758358897448350e-02
2.143837325274944305e-02,5.537907779216766357e-02,6.284986351434596052e-03,2.763651958365143102e-04
3.709607422351837158e-01,8.665698766708374023e-01,4.143956881915342172e-01,1.594898493520959248e-01
2.459519624710083008e+00,3.766474246978759766e+00,3.270772336296952076e-01,1.861047803707373549e-01
6.786462783813476562e+00,1.248081016540527344e+01,3.613385183031114778e-03,1.255087985929659311e-05
8.708921074867248535e-02,1.385696411132812500e+00,3.631251201097585035e-03,2.768691094066633163e-04
8.083550930023193359e-01,8.994183540344238281e-01,1.677307079780987475e-02,1.008575319352833510e-04
2.383684553205966949e-02,6.793532520532608032e-02,1.684393748646432210e-01,8.092633587567987785e-02
1.472357567399740219e-02,1.285578906536102295e-01,7.417631383483457297e-01,5.317961377300042258e-01
2.291556820273399353e-02,5.409915000200271606e-02,9.667046763686593103e-02,6.843666877800652637e-02
2.454297542572021484e+00,2.834304571151733398e+00,5.901583299567880747e-02,3.146298987556195303e-03
5.765308067202568054e-02,1.642173290252685547e+00,3.527429605883536379e-03,2.991399157442620194e-05
2.034279823303222656e+00,3.223262786865234375e+00,4.941740052347737278e-02,1.219577639784086287e-03
3.274560347199440002e-02,1.117622554302215576e-01,1.569690894275717064e-01,3.219396903229043705e-02
1.624921113252639771e-01,1.892505735158920288e-01,7.570683661581587565e-01,4.466910668189207345e-01
2.744792960584163666e-02,1.232804805040359497e-01,1.224319142297065621e-01,1.551085276390162804e-02
2.859153747558593750e+00,3.786256313323974609e+00,1.702552929356104805e-02,1.171592439688751153e-02
2.641689479351043701e-01,3.670337498188018799e-01,2.431080991806616742e-02,6.168206031865186567e-04
1.197485476732254028e-01,1.470414400100708008e-01,7.668034908344489864e-01,5.151353021344710070e-01
5.110399052500724792e-02,7.842373102903366089e-02,1.416170435288976459e-01,4.971526437255013864e-02
3.217232227325439453e+00,3.471256971359252930e+00,2.660181459916588498e-03,4.233691021809926625e-05
6.657545566558837891e-01,8.109967112541198730e-01,1.625617045104215674e-01,1.641072375405117079e-02
3.944476604461669922e+00,7.802789211273193359e+00,2.282207157655591345e-04,1.312083781013217987e-06
9.491353482007980347e-02,1.418377459049224854e-01,1.169873932443660225e-02,1.092973918282175161e-02
9.267835617065429688e+00,1.897662162780761719e+01,3.902838842058331537e-02,3.339609127137044275e-03
1.113418698310852051e+00,1.175230741500854492e+00,1.408322275182227745e-02,1.160737219521590369e-04
1.194004297256469727e+00,1.330106377601623535e+00,5.116470958484108378e-01,3.026064643424827283e-01
7.845640659332275391e+00,1.522358512878417969e+01,2.813802609570872915e-01,1.679389900173158812e-01
4.143318235874176025e-01,7.868690490722656250e-01,6.433483232812853281e-01,4.401203378016799173e-01
1.923917606472969055e-02,1.709948480129241943e-01,4.155684433499522434e-01,3.127720790895083258e-02
2.272172927856445312e+01,4.254367828369140625e+01,9.512447109675248313e-04,5.638791172879464852e-07
2.146688222885131836e+00,2.330395936965942383e+00,6.735864222102585508e-01,2.669219935023261492e-01
4.528420269489288330e-01,8.544303774833679199e-01,3.816176607291574818e-01,1.845073491940766308e-01
6.020146369934082031e+00,1.270506191253662109e+01,5.295475211918054814e-02,2.671167561246856614e-02
3.553985655307769775e-01,6.332838535308837891e-01,1.851686644073224919e-02,1.142388347585221453e-02
4.130904376506805420e-02,4.502894356846809387e-02,5.496924446783444385e-01,2.741194771669144270e-01
4.328998029232025146e-01,5.980700850486755371e-01,7.077867330951947977e-03,3.114671457028483914e-04
2.448352985084056854e-02,4.421077296137809753e-02,2.208678832324201258e-02,1.300319321547116491e-03
2.299237728118896484e+00,5.156736373901367188e+00,1.768450030522072947e-02,8.224251603528021093e-04
4.428376674652099609e+00,4.612602710723876953e+00,3.286650970107442005e-01,5.168143634959160293e-02
1.340923551470041275e-02,4.043777883052825928e-01,7.589316277842867997e-01,4.587569302930547543e-01
2.247882127761840820e+00,3.638180017471313477e+00,1.980886180398433449e-03,2.696780273647725323e-05
2.955617755651473999e-02,3.863182365894317627e-01,4.706936885047441343e-02,3.358872375844423885e-03
1.018612861633300781e+00,1.074673533439636230e+00,5.868540312972866380e-01,2.918356781216172591e-01
5.790850520133972168e-02,9.639672935009002686e-02,7.648840929078277728e-01,6.334399747519093848e-01
9.370714426040649414e-01,1.063351750373840332e+00,4.790398168080800545e-04,2.274109763000797813e-06
2.120682477951049805e+00,2.894266128540039062e+00,7.075431622740546711e-01,3.516326108252711968e-01
8.114362508058547974e-02,6.727262735366821289e-01,8.068712861649990353e-02,8.323995124654148814e-03
1.855514571070671082e-02,3.038908541202545166e-02,9.939663369298123996e-02,4.197810987008332440e-03
2.062348425388336182e-01,3.033337593078613281e-01,2.997673327661987130e-02,1.378201951216573296e-03
7.157590985298156738e-02,8.831471204757690430e-02,1.164532557009549385e-01,1.128694776124999910e-02
6.262876033782958984e+00,1.256894302368164062e+01,3.380369934443006041e-02,1.615118606319021488e-04
1.053749370574951172e+01,1.664875793457031250e+01,7.074007524545862235e-01,6.221829379940935212e-02
1.003732204437255859e+00,3.231726169586181641e+00,3.610961430048909016e-03,4.044386064364635658e-04
7.956468462944030762e-01,2.227166414260864258e+00,6.144091170706115212e-01,1.788300269488374838e-01
1.938532739877700806e-01,9.419556260108947754e-01,6.203439978785418862e-03,5.249964732595424621e-05
3.073257923126220703e+00,4.611130714416503906e+00,6.503632862741742793e-02,8.609715780784066297e-03
3.218029439449310303e-02,7.632841169834136963e-02,2.029520593291180286e-01,2.958618442571436802e-02
9.671981334686279297e-01,1.794990181922912598e+00,7.343812225557577733e-07,3.178018959104633723e-11
7.101383805274963379e-02,1.874315738677978516e-01,7.751607771648747480e-01,5.091858152442246821e-01
8.412295341491699219e+00,2.149342155456542969e+01,3.190798559364920184e-01,1.772688436666546297e-01
2.292674541473388672e+00,4.026206016540527344e+00,6.768957705016205306e-01,1.771346590914694707e-01
7.924317836761474609e+00,1.184628391265869141e+01,5.467710284687354871e-01,3.953082069657317121e-01
3.288190439343452454e-02,1.945478767156600952e-01,2.952152899591830026e-01,1.409855102336683985e-01
1.755453497171401978e-01,5.712490677833557129e-01,2.967550027150994696e-02,2.257122153853985402e-03
1.130232959985733032e-02,1.280612200498580933e-01,9.177341888358059308e-03,5.939698116569358533e-05
1.407206821441650391e+01,2.924536323547363281e+01,3.751322820141123060e-03,5.544533200935175543e-05
1.235749435424804688e+01,2.725086784362792969e+01,4.720067262396322461e-01,1.757446694337816417e-02
8.660971641540527344e+00,1.519194221496582031e+01,2.923913842842512656e-02,1.388078825800831417e-04
1.264329999685287476e-01,8.053830265998840332e-01,3.225957749834265087e-01,2.534841144221485210e-01
9.488511830568313599e-02,9.392082691192626953e-01,7.254919250263125452e-02,5.692832365663752503e-02
5.143868923187255859e-02,1.794832646846771240e-01,7.694507283121514440e-01,3.724230094346866471e-01
2.812268018722534180e+00,2.818174600601196289e+00,5.010411917211681221e-01,3.481769941948532621e-01
1.578657627105712891e-01,1.390364408493041992e+00,4.839901704153954931e-01,1.026517705212972031e-01
4.393276944756507874e-02,1.176768541336059570e+00,4.265117459554723656e-02,3.068929103092976618e-03
8.886693716049194336e-01,9.072299003601074219e-01,2.969350285616151330e-02,7.701773621405783032e-04
2.989194095134735107e-01,4.484249353408813477e-01,2.621895528796769348e-03,1.973675942945618544e-05
2.097031176090240479e-01,4.131211042404174805e-01,1.979844375571804260e-02,1.493319881720855946e-03
8.428252220153808594e+00,1.664783287048339844e+01,1.733628642424822619e-03,1.276797408961138913e-05
3.205171346664428711e+00,3.216260433197021484e+00,7.034292094482954560e-01,4.825330101492500967e-01
2.355478331446647644e-02,4.281581193208694458e-02,8.207104875927162535e-01,6.072500531078146579e-01
1.509222626686096191e+00,3.257855892181396484e+00,1.888681815418660204e-01,2.155266115063947385e-02
3.969397306442260742e+00,9.297565460205078125e+00,2.615626512408695814e-01,9.549732100592178696e-02
4.723691642284393311e-01,5.557809472084045410e-01,3.899976862431108193e-01,1.740266738462805662e-01
1.097298502922058105e+00,1.188543438911437988e+00,6.623651065781228642e-01,3.154266423333526026e-01
6.229599937796592712e-02,1.089906394481658936e-01,6.403541657512860086e-01,4.937519663450604668e-01
1.471220970153808594e+01,2.882248306274414062e+01,2.256046383470592387e-01,9.268147037441282210e-02
8.439379692077636719e+00,1.521363830566406250e+01,8.037142885791049851e-01,1.474325689368115588e-01
1.973370790481567383e+00,4.307476997375488281e+00,6.625245319318494586e-01,4.443012722328715247e-01
1.500611782073974609e+00,3.743882179260253906e+00,5.853766837482150542e-01,1.788121862163911668e-01
4.909751892089843750e+00,7.766032218933105469e+00,7.364097938435314461e-01,5.200850577414019016e-01
2.159030288457870483e-01,5.760158300399780273e-01,2.019266307288759554e-01,2.062513683808087084e-02
6.287172436714172363e-02,9.048568457365036011e-02,6.097765742179950266e-01,2.337716752290555644e-01
2.208926439285278320e+00,4.043236732482910156e+00,2.633632397649060541e-02,4.374999467580686918e-04
1.925424814224243164e+00,1.966240644454956055e+00,1.711941984990977828e-01,7.540262360395955099e-03
1.917721703648567200e-02,5.888588428497314453e-01,4.865344024018564140e-02,1.355946174728672737e-03
6.206637248396873474e-02,2.218296974897384644e-01,2.864503073353418250e-01,8.782450602071811829e-02
3.748551383614540100e-02,3.770093917846679688e-01,3.885867119478803033e-03,4.988553613488599936e-05
4.230935499072074890e-02,7.332189381122589111e-02,7.912127334719298855e-01,6.569696389743686638e-01
9.307278990745544434e-01,2.461275339126586914e+00,6.628401357197832855e-03,4.461037583747273771e-05
4.652440547943115234e-02,7.848140597343444824e-02,6.425420538782607993e-01,3.090230393333402437e-01
1.423110723495483398e+00,2.918751955032348633e+00,5.949750510192215458e-01,3.956598476019616006e-01
7.222881168127059937e-02,1.236156374216079712e-01,8.324261743125103141e-01,6.181872271729571544e-01
1.817390024662017822e-01,1.291765570640563965e+00,6.858365310166569806e-02,1.168988539366533352e-03
3.857994079589843750e+00,5.727561950683593750e+00,1.108998127919589294e-01,7.721311208584730190e-02
2.702871084213256836e+00,3.393662452697753906e+00,3.148958467655634808e-01,2.071120235956421807e-01
9.361723899841308594e+00,1.790413475036621094e+01,2.051533300035085494e-02,4.460939170557620681e-03
7.218397259712219238e-01,2.409507989883422852e+00,2.507024696609128078e-04,3.879035086473692218e-07
9.737352840602397919e-03,1.823852211236953735e-01,1.448267732879504610e-02,1.815165211573877002e-04
4.169381260871887207e-01,2.389086961746215820e+00,1.438091785452802474e-01,1.076181562545475145e-02
1.370875835418701172e-01,7.114006280899047852e-01,7.555427661299733977e-01,4.999559063717152196e-01
2.606805801391601562e+00,3.260196924209594727e+00,1.848266896271960613e-02,6.962326895874615396e-04
1.599385619163513184e+00,2.317279577255249023e+00,2.907640619155699158e-01,1.816438080688680956e-01
1.990326121449470520e-02,2.845360636711120605e-01,3.507883302460902408e-01,2.454574682321863932e-02
1.834636807441711426e+00,2.837558746337890625e+00,8.040562706686582573e-01,5.787353314862260234e-01
1.085434079170227051e+00,2.556742191314697266e+00,1.026118928425056587e-01,5.330770073056878555e-03
9.328783750534057617e-01,1.146793842315673828e+00,7.549588797073625290e-02,2.918896591980257860e-02
4.503981769084930420e-02,6.046781688928604126e-02,7.906012984676252797e-01,7.268283654387899251e-01
1.290888432413339615e-02,2.554960176348686218e-02,3.902690481814352630e-03,2.192496895092599374e-06
1.705969452857971191e+00,3.012195587158203125e+00,6.514320535776496612e-04,2.485229451620885044e-06
9.958724021911621094e+00,1.906004142761230469e+01,4.562469107019806458e-02,4.089650475144884778e-02
1.304844760894775391e+01,2.137524414062500000e+01,2.733982566483093568e-01,1.595606081733167980e-01
1.811852678656578064e-02,9.948796033859252930e-02,4.290258411367651736e-01,2.034924348289734453e-01
5.805188044905662537e-02,1.394068837165832520e+00,9.238785364864110505e-03,4.689254752835991802e-04
1.387368917465209961e+00,2.394914627075195312e+00,5.115531466575728992e-04,5.152432048460831027e-06
6.470158576965332031e+00,1.111077880859375000e+01,5.439068498439321164e-01,1.741443749943115127e-01
1.396133750677108765e-01,1.596622914075851440e-01,1.754406737346357326e-01,1.018543528014427269e-01
7.942686557769775391e+00,9.103401184082031250e+00,3.056275606456382299e-03,8.476839201099206633e-05
1.000995188951492310e-01,1.242969989776611328e+00,4.507199583773163765e-02,2.013662126787829632e-03
1.132458224892616272e-01,5.136736035346984863e-01,7.297351856045195539e-01,5.887800151337548860e-01
2.251955419778823853e-01,1.119246244430541992e+00,5.312609202821078069e-02,1.270628275206686641e-03
1.606356538832187653e-02,2.047975212335586548e-01,1.288908228685547996e-03,1.401368196263241828e-05
6.651713699102401733e-02,1.603709936141967773e+00,7.427477081424331828e-01,5.126626415637169920e-01
2.519831955432891846e-01,6.137033700942993164e-01,8.233734060063915283e-01,4.780168773484879119e-01
1.179150491952896118e-01,1.606031805276870728e-01,1.129221107291409898e-01,1.116011209513206870e-02
2.484107017517089844e-01,2.537418603897094727e-01,3.989590845449739187e-01,2.084378125078467647e-01
2.424720525741577148e-01,4.303496479988098145e-01,2.054564362960936696e-01,3.273311072732743021e-02
1.010475158691406250e+00,1.558554887771606445e+00,5.721115716397384698e-03,8.824533264489842210e-05
6.458961218595504761e-02,3.616594672203063965e-01,2.141088098120857985e-03,1.075694620161771198e-05
4.757784605026245117e-01,4.854390621185302734e-01,1.060886707316315292e-01,4.448047768189078432e-03
2.503531575202941895e-01,1.235253572463989258e+00,3.742589089674397407e-03,3.147117589263892512e-05
4.865959167480468750e+00,6.758659362792968750e+00,7.936093369590840885e-02,7.503758244901237440e-03
1.130589693784713745e-01,1.468444764614105225e-01,1.646316628396160553e-02,1.401462216743587508e-03
2.512361764907836914e+00,2.778591394424438477e+00,3.017005312464510203e-01,7.003263649639795974e-02
2.745508588850498199e-02,2.949751317501068115e-01,2.694657547885659366e-02,2.221893883631032018e-04
1.295230674743652344e+01,2.600584602355957031e+01,3.109958927836609099e-04,1.966491683158544390e-06
8.935523986816406250e+00,1.592652893066406250e+01,1.928860622797179403e-03,6.434448886705190773e-06
5.436952114105224609e-01,6.670808792114257812e-01,7.230146812157371983e-01,3.188597086271023340e-01
1.036218166351318359e+01,2.175685310363769531e+01,5.849323488446196428e-01,4.422807816076640419e-01
8.403388410806655884e-02,1.539799273014068604e-01,3.357569754006256568e-02,8.100970202754020910e-04
9.642365574836730957e-02,2.886561751365661621e-01,1.949285460565510775e-01,5.909679761015457222e-02
1.708932876586914062e+00,1.755540132522583008e+00,8.063022635881594846e-02,7.247835233429644752e-03
3.712878942489624023e+00,3.803474903106689453e+00,6.820154793371679958e-01,4.091541965850932216e-01
6.369298696517944336e-02,2.420019656419754028e-01,5.823385935396862001e-01,1.109687334716397134e-01
4.555116891860961914e-01,1.338487148284912109e+00,7.803927935871257660e-03,6.442844386132018375e-03
7.438964396715164185e-02,1.497647464275360107e-01,2.598018841701337234e-01,1.796169211674292221e-02
6.751874089241027832e-02,1.294009685516357422e-01,5.935629416193511920e-01,3.949736385386184434e-01
1.767759621143341064e-01,2.150382995605468750e+00,2.596657460396445405e-03,1.088528830173185469e-05
2.275439500808715820e-01,2.539710700511932373e-01,4.109880603949859768e-01,1.475881470339197588e-01
3.388796374201774597e-02,1.481110006570816040e-01,1.434201102606452727e-02,6.554114597632221262e-04
2.464205324649810791e-01,2.844407260417938232e-01,1.048047836432314250e-02,4.841816163492218550e-05
1.069915592670440674e-01,4.722530245780944824e-01,2.258382749999676697e-03,8.987498431811680177e-06
3.501169979572296143e-01,2.228488683700561523e+00,7.746313240593418747e-01,5.714592510760698740e-01
4.042625427246093750e+00,4.097178936004638672e+00,3.361094680677404467e-01,1.050751417458853920e-01
2.356367826461791992e+00,2.616450786590576172e+00,6.696274119105838363e-03,5.771243864977071425e-05
1.835284195840358734e-02,4.011196494102478027e-01,7.886923683194829726e-02,3.289254060831192650e-03
9.825553894042968750e-01,1.088477611541748047e+00,5.444436900528116796e-01,1.627778497486719878e-01
3.124056383967399597e-02,9.129974246025085449e-02,7.303790335867459405e-01,4.551431558288979162e-01
6.030192598700523376e-02,6.403426527976989746e-01,3.421855987933763998e-03,2.023724706368135173e-06
2.476781457662582397e-01,3.868189156055450439e-01,6.235365486759967268e-01,3.925690316588784645e-01
6.806571483612060547e-01,7.419279217720031738e-01,9.517284420379129584e-02,1.219220933257852968e-02
1.298461705446243286e-01,1.499686688184738159e-01,4.419783168808144591e-03,4.557380060088433993e-05
1.788194477558135986e-01,2.608920931816101074e-01,5.294856946463361025e-02,1.063871171774311009e-02
5.914833024144172668e-02,9.852368384599685669e-02,4.363911866193098676e-02,3.244645650335387099e-02
8.231952190399169922e-01,8.295940160751342773e-01,7.682070213641067902e-01,2.298156617326085893e-01
1.565883874893188477e+00,1.583967328071594238e+00,3.473987469195116695e-02,9.070430769146931027e-04
3.547348082065582275e-01,7.456502914428710938e-01,1.848763839899408845e-02,4.835877799784782383e-04
1.135090664029121399e-01,3.858320713043212891e-01,1.737909385722602451e-03,2.075477381341395144e-05
3.685958087444305420e-01,2.516462564468383789e+00,3.468385865619956210e-01,2.105614673382760760e-01
1.335757877677679062e-02,9.256284236907958984e-01,7.729330045723792342e-02,5.618251495870851819e-02
7.794776558876037598e-01,1.512746572494506836e+00,7.143574453978894789e-01,3.446344604457087790e-01
4.968483448028564453e+00,9.311834335327148438e+00,1.799183451715147264e-03,8.203432003917043858e-06
3.382973000407218933e-02,5.174649506807327271e-02,5.063199452471827122e-01,2.110046062243989828e-01
1.671183705329895020e-01,5.886123180389404297e-01,6.396004277123196191e-01,2.976112931558680397e-01
3.581987321376800537e-02,1.321782767772674561e-01,2.211577949962983958e-02,1.748787452410566212e-02
2.116379141807556152e-01,7.228575348854064941e-01,4.693384663886573382e-01,7.810503057382106595e-02
6.197045091539621353e-03,2.107222825288772583e-01,3.980087354943373512e-03,7.540088760449314975e-05
3.033069968223571777e-01,3.128695189952850342e-01,7.589060090419974536e-01,5.414856586551358708e-01
3.292380571365356445e+00,6.176194667816162109e+00,2.637272694770040893e-01,7.674489581429772000e-02
9.770689904689788818e-02,4.160937070846557617e-01,6.224377521733832630e-01,2.723444125902914070e-01
1.000565066933631897e-01,2.123731225728988647e-01,3.109006722752681862e-01,1.514422583529329569e-01
9.356294274330139160e-01,1.238985776901245117e+00,1.596242180690377599e-01,1.682769448788068445e-02
2.641736716032028198e-02,6.262551248073577881e-02,1.057995401037939986e-01,4.612690530890056761e-02
6.063229441642761230e-01,1.687997579574584961e+00,3.387595639576023165e-01,9.142277192853165424e-02
3.434630930423736572e-01,3.490597605705261230e-01,1.076121266752433359e-02,1.812949076965830741e-04
1.598366349935531616e-01,2.664669156074523926e-01,1.681219141583715215e-01,1.033389197864033049e-01
2.002273350954055786e-01,2.494282871484756470e-01,7.856120271901056995e-02,5.727828521218336633e-03
6.618370115756988525e-02,1.595111191272735596e-01,2.505879386156983912e-03,5.955071870914485643e-04
2.681961297988891602e+00,3.094311237335205078e+00,5.709830105255166988e-01,2.786929307097714137e-01
2.401408553123474121e-02,7.664430141448974609e-02,2.158551974171962762e-02,3.845297104799749732e-04
2.632326819002628326e-02,1.821492612361907959e-01,1.578394861562142926e-01,1.075514649914350307e-01
1.111524295806884766e+01,1.856994056701660156e+01,6.958377008057211599e-01,3.287761682758981729e-01
9.889272689819335938e+00,1.927013397216796875e+01,9.141442667027388502e-02,5.642990110081680388e-03
1.575487256050109863e+00,1.640547633171081543e+00,1.504887811728522484e-02,5.630590381333622219e-05
6.385152935981750488e-01,1.558717370033264160e+00,2.163571061807256779e-03,2.552647406106611783e-05
4.456683158874511719e+00,4.640335083007812500e+00,6.112231178604456971e-01,4.526493468406910803e-01
1.308194875717163086e+00,1.322214722633361816e+00,9.922407079443473776e-05,2.078279063288945849e-07
3.035222530364990234e+00,4.589245319366455078e+00,1.289755765615518968e-04,2.459629468987145628e-07
2.173970192670822144e-01,2.038407564163208008e+00,5.912665702723562955e-02,1.046290716867370740e-02
1.539116501808166504e-01,4.235981404781341553e-01,5.910391515436929089e-01,2.297430573959509115e-01
1.348054558038711548e-01,1.566765308380126953e-01,2.159303933973711898e-01,1.831200912306840123e-01
2.125412225723266602e-01,6.579738855361938477e-01,4.976278098420564566e-01,2.918526895769796292e-02
7.579399943351745605e-01,8.547337651252746582e-01,1.133892993312956565e-01,2.601701210356355265e-03
3.981216430664062500e+00,6.299043655395507812e+00,3.580372253684499517e-02,1.241587372502578335e-02
9.132184088230133057e-02,1.728234738111495972e-01,3.413116585174447715e-01,1.146982057358797991e-01
3.213163852691650391e+00,5.867577552795410156e+00,1.188250254675893292e-03,2.639230719930774072e-05
3.537153303623199463e-01,9.410914182662963867e-01,7.486560193405374930e-01,4.431792306326576281e-01
2.233803123235702515e-01,1.017524123191833496e+00,4.864466356848122786e-01,3.262123884857083267e-01
1.117981150746345520e-01,2.425543069839477539e-01,5.201616805092497131e-01,2.651213681615663398e-01
1.671551346778869629e+00,1.843761563301086426e+00,1.154815890908933440e-03,2.136922353501713445e-05
6.050203800201416016e+00,1.318330097198486328e+01,1.103045070017272256e-02,9.292041517392435335e-03
1.067643091082572937e-01,1.051556348800659180e+00,1.617253200269691549e-02,7.938170856964243960e-04
1.098262500762939453e+01,2.112255859375000000e+01,8.378268454663496678e-01,1.639049210453835670e-01
1.860250085592269897e-01,4.094895124435424805e-01,7.956470404867638235e-02,1.273989718960510942e-02
3.903369605541229248e-02,5.267269909381866455e-02,3.272908737279356384e-02,1.566966883733145188e-04
4.175689220428466797e-01,4.338188171386718750e-01,1.872289202026986565e-01,1.257242665439096130e-01
1.528147697448730469e+00,1.543749809265136719e+00,9.441416191107721012e-04,2.210610883623953526e-06
1.667120099067687988e+00,3.985638618469238281e+00,4.607995865787555267e-01,1.877130723394746514e-01
8.259419202804565430e-01,1.945948600769042969e+00,7.810812359142360606e-02,8.079305258544999813e-03
2.884296178817749023e+00,3.354778528213500977e+00,7.775405873734320128e-03,3.590256606944564055e-05
4.237091541290283203e-02,6.170225143432617188e-02,7.732725802302471418e-01,5.485418128013267447e-01
8.262139558792114258e-02,1.257224380970001221e-01,5.621502641676364709e-01,2.446491354474719659e-01
1.039806082844734192e-01,3.873006105422973633e-01,7.911575913440601626e-01,5.938799240041886529e-01
4.034523665904998779e-02,6.767034530639648438e-02,5.430156625634513512e-01,1.933203377509155607e-01
1.941131949424743652e-01,3.058778643608093262e-01,4.578848666709767201e-03,3.957371564733414004e-05
4.859135150909423828e+00,1.049541664123535156e+01,1.513712636295350134e-03,5.119220554461456629e-06
1.910345815122127533e-02,3.513438999652862549e-01,8.481529288238678355e-01,7.197672653051341296e-01
3.867288231849670410e-01,3.905113935470581055e-01,5.149473841664026219e-01,2.385322028266819161e-01
1.105749458074569702e-01,1.581572592258453369e-01,3.582872306934181683e-02,2.911897624780390714e-03
4.999750614166259766e+00,6.659507274627685547e+00,6.998939468922772411e-01,3.998223372113098861e-01
1.409482002258300781e+00,1.928921699523925781e+00,6.100386723930867339e-02,3.953855889587243322e-03
6.306694149971008301e-01,6.511324644088745117e-01,5.857021839196661084e-01,3.500418654638788318e-01
3.715677022933959961e+00,7.179987907409667969e+00,7.151071088393751163e-01,3.567023074905152358e-01
7.499409466981887817e-02,3.137177228927612305e-01,5.676962308843674920e-01,2.399447774667107236e-01
9.341635107994079590e-01,1.575705051422119141e+00,6.199103202748494912e-01,2.221435062291831075e-01
5.860629081726074219e-01,2.477035999298095703e+00,6.733189140568779374e-02,4.142414862985388524e-03
8.600780367851257324e-02,5.703974962234497070e-01,2.313639545767989247e-01,6.708218972305868277e-02
3.227609023451805115e-02,5.227329581975936890e-02,8.138920690886619624e-05,1.185350332333356960e-07
6.846725940704345703e-02,2.306108325719833374e-01,1.022247591978461267e-01,9.771390063407381366e-03
4.506746768951416016e+00,9.118421554565429688e+00,3.507618808024082213e-05,1.557750635150512153e-07
5.278697013854980469e-01,5.892295837402343750e-01,7.107600898754989904e-02,5.520717162332433592e-03
7.496846914291381836e-01,7.623206973075866699e-01,7.447010696210609737e-02,1.679174505035796461e-03
5.066661909222602844e-02,1.721990853548049927e-01,4.795785839628333713e-01,1.970483222292236936e-01
1.164238378405570984e-01,2.209713310003280640e-01,9.507716883168648714e-04,4.692520590099391598e-06
4.789952635765075684e-01,2.860424041748046875e+00,1.412949918400313587e-02,6.521149479480348177e-04
3.358133882284164429e-02,1.034040749073028564e-01,3.310710193041299654e-04,2.589681209308469789e-06
1.993407756090164185e-01,4.872415065765380859e-01,7.858368912587585520e-01,5.389628699483436369e-01
6.190782412886619568e-02,8.900758028030395508e-01,6.118783534451364137e-01,4.123761464366325069e-01
7.341907620429992676e-01,7.850638628005981445e-01,4.051718440128382337e-02,2.817399627271288676e-03
1.218143653869628906e+01,2.260931777954101562e+01,7.469491070821002721e-01,3.911166707183778568e-01
8.918741345405578613e-02,9.363657981157302856e-02,4.170186828399757295e-01,3.636892123456207937e-01
1.165644049644470215e+00,1.797684907913208008e+00,8.175079083982939032e-02,3.211364113422288113e-02
1.401764452457427979e-01,3.490035533905029297e-01,2.219634326508512778e-04,2.305199539032187772e-07
9.295814037322998047e-01,1.117071390151977539e+00,1.047845405061739732e-01,1.619006228743175013e-02
6.632880568504333496e-01,1.322803378105163574e+00,3.623629799088680659e-01,5.977304798523952467e-02
8.068440437316894531e+00,1.463351249694824219e+01,4.701862613765449006e-01,3.186882560886854510e-01
1.242876529693603516e+00,2.120686769485473633e+00,1.225502109176569432e-01,1.133524764729793022e-02
1.339602470397949219e+00,1.820801019668579102e+00,3.143339283281798568e-01,2.999072848938766356e-02
5.238620936870574951e-02,3.965919017791748047e-01,4.157568055392555362e-01,9.305688893664915140e-02
3.136996179819107056e-02,6.500916481018066406e-01,1.461245369352315304e-02,4.896130894714856296e-04
5.414581298828125000e-02,1.168631911277770996e-01,1.691259551061585764e-03,1.644162672720383966e-05
1.611537933349609375e+01,2.114033508300781250e+01,3.120597633923960501e-02,2.267203662039013468e-02
8.828380584716796875e+00,1.583665847778320312e+01,8.389054827271913428e-01,4.144110832607061923e-01
7.417917251586914062e+00,1.303299617767333984e+01,8.409885583147751476e-01,4.431010172633756961e-01
1.098030328750610352e+00,1.432639002799987793e+00,6.413948929443469282e-04,1.315004506008410345e-06
8.327260017395019531e+00,1.335457801818847656e+01,8.692954662121554765e-03,1.712897869359686354e-03
1.646480679512023926e+00,3.191804647445678711e+00,4.423899832163182833e-01,1.620167335665646524e-01
3.714325278997421265e-02,6.804327666759490967e-02,1.875468565356730455e-02,1.867735653660496098e-03
1.291169971227645874e-01,3.103454113006591797e-01,4.996305210817841846e-03,4.449606960143570600e-03
1.868342012166976929e-01,1.999539583921432495e-01,7.956914618156833985e-01,6.594443975518948786e-01
2.851554393768310547e+00,2.867364406585693359e+00,8.383051006340063172e-01,6.796747436068080184e-01
2.399184107780456543e-01,2.769425511360168457e-01,1.161890767392944612e-01,3.675901537975134747e-02
5.819861412048339844e+00,1.107050895690917969e+01,8.444243774380856271e-01,7.473121513344618272e-01
1.348830014467239380e-01,2.908022701740264893e-01,6.558354697326433946e-01,5.413010270992715256e-01
2.057971239089965820e+00,3.511252403259277344e+00,7.791975658961988183e-01,4.811058758624878195e-01
9.047731012105941772e-02,2.122468650341033936e-01,8.449805831095177355e-01,2.438034015530934351e-01
1.322434067726135254e+00,2.088768005371093750e+00,2.658935480866499446e-01,1.311709668936144602e-01
1.949392445385456085e-02,1.451861113309860229e-01,5.034799819118190856e-02,4.164400550566782488e-02
2.787277102470397949e-01,1.412015199661254883e+00,6.050378334672201763e-03,8.317399182206086650e-05
6.699474900960922241e-02,5.505406260490417480e-01,6.033200267873684020e-04,8.849485194584172376e-06
1.891335678100585938e+01,3.070827674865722656e+01,2.531697461928272830e-03,6.349174253961198389e-06
1.389835000038146973e+00,2.625920772552490234e+00,6.349275118001594942e-01,5.638566116879324408e-01
1.524085140228271484e+01,2.860983276367187500e+01,7.026059814217744393e-01,2.414136931223977989e-01
2.004560083150863647e-01,4.168318212032318115e-01,4.345743481239092709e-01,2.926267141236604807e-01
9.997128486633300781e+00,1.709542655944824219e+01,1.203654072431126765e-01,5.308203225050378560e-03
2.382938750088214874e-02,4.366117119789123535e-01,7.537100848459679092e-01,4.832180172187463540e-01
1.169307112693786621e+00,2.707816600799560547e+00,6.432383852310596950e-04,2.937300495275962930e-05
2.424440905451774597e-02,1.048842817544937134e-01,5.866094064534910224e-01,3.592643164467824723e-01
9.433060884475708008e-01,1.527990818023681641e+00,1.053164540069935207e-01,2.423004049477295307e-02
6.515518426895141602e-01,2.987566947937011719e+00,5.601832534062538560e-01,4.136146852424227305e-01
2.646779119968414307e-01,5.062034726142883301e-01,1.466698046110939679e-01,3.736585549627191583e-02
5.833211541175842285e-02,6.689738482236862183e-02,1.883681491082578319e-02,1.131947103731989479e-03
1.928269577026367188e+01,3.361854171752929688e+01,6.175989729909880932e-02,1.767269409803323699e-02
2.485136836767196655e-01,2.673354148864746094e-01,2.793428406997993108e-01,4.178052703807239032e-02
1.038359165191650391e+00,1.083992004394531250e+00,1.828373258991337069e-01,1.248362651867223616e-01
1.696042895317077637e+00,3.897782802581787109e+00,3.440180450925920397e-01,1.280474418226557054e-01
8.821678161621093750e-01,1.455443859100341797e+00,4.281710872366750742e-02,2.947339999845921543e-03
1.269874763488769531e+01,1.802784156799316406e+01,7.815183846466779993e-01,5.469104344505498760e-01
3.516358137130737305e-02,6.041831374168395996e-01,5.990486184382781687e-01,4.925396051986261070e-01
9.455428123474121094e+00,1.618177413940429688e+01,3.907892327408041266e-02,7.429861058956266362e-04
3.725812584161758423e-02,5.983860045671463013e-02,1.504296743608595777e-01,3.956331225715820077e-02
4.036596715450286865e-01,1.154933333396911621e+00,6.431560410593880617e-01,3.031504964881170938e-01
2.333868481218814850e-02,2.226612120866775513e-01,5.563078713744501469e-02,2.002652873625943020e-03
1.840200424194335938e+00,1.866513252258300781e+00,2.890095066444298699e-01,1.900700370004548834e-02
3.720866918563842773e+00,6.685891628265380859e+00,4.547607533777567324e-01,2.581995682425634042e-01
5.219128727912902832e-02,3.641194403171539307e-01,3.954120606828498419e-01,2.052822780450226925e-01
3.484424203634262085e-02,5.290221795439720154e-02,2.094112792371733422e-01,1.675500865662469807e-01
6.125236034393310547e+00,1.007478523254394531e+01,1.113978158249697703e-01,2.694455914712906575e-02
1.064981174468994141e+01,1.772661209106445312e+01,1.528599053666201968e-04,9.173821556296424262e-07
3.661140799522399902e-01,5.414783358573913574e-01,6.443362716297973414e-02,5.908509333246869666e-02
5.055053234100341797e+00,5.535469532012939453e+00,4.022031434595230159e-02,1.987943642464395921e-02
3.419138956815004349e-03,3.298514336347579956e-02,6.537264673491627320e-01,2.145300579921125550e-01
4.536707326769828796e-02,8.931796252727508545e-02,2.443464313573083802e-01,9.243381780961906768e-02
6.434631347656250000e-02,1.121226325631141663e-01,4.892299670793424649e-01,3.223922490936064200e-01
6.867266446352005005e-02,6.812414526939392090e-01,5.284951409883452689e-01,2.639646487804888642e-01
5.247138142585754395e-01,1.051392316818237305e+00,1.588954440192702489e-02,2.101072254390712324e-04
9.613782167434692383e-03,8.955507725477218628e-02,9.817285644830864300e-05,3.285110359019238757e-05
2.577822208404541016e+00,4.180239677429199219e+00,1.277484754181490434e-03,4.545131467359464494e-06
7.114724069833755493e-02,1.583161056041717529e-01,4.972131341033098062e-02,1.262173687867468308e-02
1.083344340324401855e+00,1.116973042488098145e+00,3.776865314985216049e-01,2.254433511359582587e-02
1.309804916381835938e+00,1.349182724952697754e+00,7.982687267416630483e-01,5.213831423680881372e-01
9.302708320319652557e-03,2.908793091773986816e-01,8.378098582085535817e-02,2.879644280772364340e-03
4.862633228302001953e+00,7.051297187805175781e+00,2.748916151588992607e-02,2.764031997095628412e-04
8.239196538925170898e-01,8.566749691963195801e-01,4.380138458134563706e-03,2.464319657000113573e-04
9.584833383560180664e-01,9.862512946128845215e-01,5.385916559978959350e-02,8.824717714425278636e-03
3.728080034255981445e+00,3.764508724212646484e+00,1.205825108429203762e-02,1.031336207902855406e-04
2.857044339179992676e-02,1.808232814073562622e-01,6.981451825233371267e-01,5.008465774235602019e-01
2.339613437652587891e-01,2.658689618110656738e-01,7.616880890262398562e-01,2.446020359006653155e-01
1.186716675758361816e+00,1.856145858764648438e+00,6.219839253637278187e-01,3.646250517384152512e-01
1.049165055155754089e-01,2.913141250610351562e-01,8.361906732654217356e-02,4.016137643209460872e-03
5.831940099596977234e-02,1.915993988513946533e-01,9.315922779402296960e-03,3.453947603877516315e-04
4.231387138366699219e+00,6.660413742065429688e+00,8.150178377809447205e-02,3.858276956444917083e-03
2.544992208480834961e+00,4.455106258392333984e+00,6.106952498333290125e-01,3.226421624859506787e-01
1.743748039007186890e-01,6.346128582954406738e-01,3.268768445115283194e-01,5.505977097280234656e-02
9.358801841735839844e-01,1.864532232284545898e+00,3.964441184534795992e-01,1.356139994943350580e-01
5.881702899932861328e-01,6.154309511184692383e-01,8.396728102903927571e-03,6.224399963694615678e-05
5.096481442451477051e-01,7.681926488876342773e-01,5.887812474072900981e-02,5.745959102062214718e-03
4.932510852813720703e-01,7.762789130210876465e-01,6.483963417796589912e-01,5.021068119951638264e-01
1.590120494365692139e-01,2.420350313186645508e-01,8.011431514481082150e-03,3.890892616870145204e-05
1.464539021253585815e-02,1.762094199657440186e-01,4.838262727193570201e-01,2.687393160027054528e-01
1.208158396184444427e-02,4.632629454135894775e-01,9.744004868938449526e-04,4.321020853348400692e-07
2.753547906875610352e+00,4.710311889648437500e+00,4.322328928549323823e-02,1.584971087975728388e-03
6.283879280090332031e-02,3.445613086223602295e-01,3.213993407905013644e-03,1.781347425335200185e-03
1.218731701374053955e-01,1.321728974580764771e-01,6.540371499353048179e-03,4.473853578884634530e-05
2.862881124019622803e-01,4.885442554950714111e-01,2.333604797648958229e-02,3.302647113819778824e-04
1.707344353199005127e-01,5.945670604705810547e-01,1.149445701581784940e-01,3.624694389339411238e-02
1.613563179969787598e+00,2.764586925506591797e+00,5.352257774903270704e-01,3.614888900613060785e-01
7.912780046463012695e-01,9.716663360595703125e-01,7.916268721510605344e-02,2.565983937792937208e-02
3.135075047612190247e-02,1.402807384729385376e-01,5.448951755159623378e-01,2.741751582618747740e-01
1.270404458045959473e+00,1.294676303863525391e+00,5.060040216152789094e-02,8.476510900904399293e-04
6.195751950144767761e-02,1.012455672025680542e-01,1.274686329675572827e-02,3.643328579512328247e-04
3.662562072277069092e-01,8.641641139984130859e-01,5.821726291137527820e-01,2.369633869165077567e-01
1.195480704307556152e+00,1.722555398941040039e+00,3.775377319276930765e-01,5.265317753957926561e-02
9.788887500762939453e-01,1.631272077560424805e+00,7.909930306687990020e-01,5.684814250918602818e-01
2.562967836856842041e-01,4.164519011974334717e-01,3.754848224390204270e-01,2.821778154659942417e-01
6.211724504828453064e-02,3.668434321880340576e-01,4.511740402087294211e-03,3.295848038775694988e-05
9.874114394187927246e-02,6.712672710418701172e-01,1.204718192138465316e-03,8.908182526246033461e-06
1.372173881530761719e+01,2.459189414978027344e+01,3.126384874156618032e-03,1.920851822806435294e-05
1.523554045706987381e-02,2.763395011425018311e-02,6.615071265424765645e-03,1.064019965666018752e-03
1.353905443102121353e-02,5.483652949333190918e-01,2.476904024618036826e-01,1.949302346358035010e-01
6.663128733634948730e-01,9.793155193328857422e-01,4.385626630042460672e-02,7.340081973395973236e-04
5.582293868064880371e-01,6.509663462638854980e-01,5.948949389588050751e-01,2.824213081167727402e-01
1.192201852798461914e+00,2.035953521728515625e+00,2.651255428007670556e-02,1.265362586861717986e-03
4.094236373901367188e+00,7.809096336364746094e+00,4.427879268338263952e-03,5.453690637935437735e-05
1.050947308540344238e+00,1.058051347732543945e+00,7.411834173827636096e-01,4.348961533872533480e-01
6.717453598976135254e-01,1.336953401565551758e+00,3.942724425622773921e-01,1.657687176369854742e-01
1.865565031766891479e-02,3.515031933784484863e-01,5.443381005836114284e-01,5.426615984059324216e-02
9.493632912635803223e-01,1.032212376594543457e+00,9.068231521496605829e-03,7.135404750691076714e-05
2.214177399873733521e-01,4.156387448310852051e-01,6.985912778196030626e-01,4.344545453604575780e-01
7.286219000816345215e-01,8.537101149559020996e-01,2.268756755479101050e-02,2.441364937347090258e-03
7.111142277717590332e-01,1.166193485260009766e+00,9.565943423639683418e-02,1.691638558189306751e-02
6.281279027462005615e-02,1.148050427436828613e-01,1.204777378453517067e-01,1.792768422347940094e-02
1.199091911315917969e+00,1.249152064323425293e+00,4.849556565417785792e-01,3.594854263745748679e-01
8.344113826751708984e-02,1.079408004879951477e-01,2.385907633156750252e-01,1.490383700101355902e-01
1.091888844966888428e-01,2.341015636920928955e-01,4.856874674262990355e-01,2.595963620874152111e-01
3.987154662609100342e-01,9.257984161376953125e-01,4.924703470924995941e-03,4.326595743175953857e-06
9.827514290809631348e-01,1.064156413078308105e+00,4.746082748957630715e-02,5.585437479819765905e-04
3.540556669235229492e+00,6.094968795776367188e+00,8.743537893889669066e-02,4.971314680340677139e-02
5.039990901947021484e+00,1.095290660858154297e+01,1.726070140383305640e-01,9.022339310249760658e-03
8.588857203722000122e-02,2.188391685485839844e-01,5.740539138698644850e-01,1.866692490285650208e-01
5.820165853947401047e-03,2.309994250535964966e-01,6.667400355277258717e-01,5.462231952006946223e-01
2.103420794010162354e-01,2.717033624649047852e-01,6.374768543456106329e-01,3.126908622767003987e-01
1.947240352630615234e+00,2.049395799636840820e+00,4.548304075210427011e-01,3.091778132027274140e-01
1.612025141716003418e+00,1.800633549690246582e+00,7.438708460244669585e-02,5.522001033743584308e-02
1.330552697181701660e-01,2.227410972118377686e-01,9.342183134713027970e-02,8.289818296164869205e-02
1.493092477321624756e-01,2.189628601074218750e+00,6.368240544959743454e-01,1.285425702522070002e-01
3.800861835479736328e-01,4.201664328575134277e-01,2.747476922786989961e-02,9.922000032337452424e-04
1.240420699119567871e+00,2.272459983825683594e+00,2.180922531171552436e-01,1.239009821899050845e-02
1.835800051689147949e+00,1.861513733863830566e+00,2.111432594012396802e-02,7.306607799943409809e-04
9.535787999629974365e-02,8.458824753761291504e-01,5.363015096605650012e-02,1.829116578043288310e-02
8.384376168251037598e-01,8.532248735427856445e-01,2.251889397433148865e-03,1.364281298196767800e-04
1.929996609687805176e-01,2.159179151058197021e-01,6.819653093673038180e-01,3.056752706896558314e-01
1.493772983551025391e+00,1.530671596527099609e+00,5.807228633425735032e-01,3.051444481560789956e-01
2.287576436996459961e+00,2.301960945129394531e+00,5.461744669408501451e-01,3.689328070049704977e-01
1.439588814973831177e-01,2.516743540763854980e-01,3.422106429096830049e-01,4.165976547169558675e-02
5.303873494267463684e-02,6.868584156036376953e-01,3.549856482737978602e-03,8.220491983979005823e-05
7.363797664642333984e+00,1.195723152160644531e+01,3.766908128097871122e-01,2.353147856872954136e-01
1.077044486999511719e+00,3.370317459106445312e+00,4.556485976301767882e-01,2.510040425677406706e-01
9.153140336275100708e-02,1.703116595745086670e-01,5.578651535656863336e-01,3.142958634204184865e-02
9.985092878341674805e-01,1.572481632232666016e+00,3.853835914465785772e-01,4.044607547376488643e-02
1.268020272254943848e-02,5.702910423278808594e-01,3.470668851431587543e-01,1.939596221724165792e-01
2.099870443344116211e-01,1.101900815963745117e+00,8.789869023429486283e-04,6.280473498487815220e-06
5.323231220245361328e+00,9.129943847656250000e+00,5.959928889414711772e-03,2.907767645871084383e-05
6.085022352635860443e-03,2.182223498821258545e-01,4.812156857017862999e-02,2.324612716536161861e-02
9.265513718128204346e-02,4.206952452659606934e-01,1.636418818823370813e-05,7.294253590028887402e-09
4.847413897514343262e-01,9.594625234603881836e-01,2.487040366364610677e-01,8.303429206732398926e-02
5.812158584594726562e+00,9.944526672363281250e+00,4.857391211523958141e-01,2.340512343626816594e-01
6.291424483060836792e-02,2.357935309410095215e-01,7.323875641514119295e-01,6.176480525297399771e-01
2.040656805038452148e+00,2.059211254119873047e+00,4.730770872091172308e-05,3.179090957150521035e-08
5.302276134490966797e+00,5.311541557312011719e+00,1.353007002436201756e-02,2.557884282173294999e-04
3.887097239494323730e-01,1.808601379394531250e+00,1.549751765604345799e-04,6.234903214275000494e-07
6.399830579757690430e-01,8.962047696113586426e-01,2.749909526825078387e-03,1.172986901266659387e-04
5.921895802021026611e-02,3.323197960853576660e-01,2.654735021934451211e-02,2.724894824445045494e-03
2.680315971374511719e+00,5.413874626159667969e+00,7.895682084215838170e-01,4.722997719637827552e-01
5.985778942704200745e-02,1.180305629968643188e-01,7.456027388098421804e-01,5.470859049285510256e-01
8.632118701934814453e-01,8.937485218048095703e-01,3.398974455821190954e-02,6.373143922905888381e-04
1.910160928964614868e-01,1.021401047706604004e+00,7.413181816208819219e-01,5.535145873013826989e-01
4.773497581481933594e-02,8.752948790788650513e-02,1.869786462612971212e-02,2.562034840797311475e-04
1.165871024131774902e+00,1.489566326141357422e+00,4.094899479837876832e-04,1.094168864007594166e-05
3.514619469642639160e-01,8.472628593444824219e-01,2.901037453258066279e-01,9.648798473890685123e-02
6.108425930142402649e-02,2.585094869136810303e-01,1.562301073212157831e-01,3.426218880905085307e-02
1.680977270007133484e-02,2.058873325586318970e-01,2.296077993159217900e-02,1.271274873152816731e-03
4.139345139265060425e-02,3.332583308219909668e-01,1.762132507900537881e-02,1.292229932130406489e-03
2.129132300615310669e-02,2.414779365062713623e-01,8.726697085007243393e-01,5.613377311368780154e-01
3.350118547677993774e-02,1.972536444664001465e-01,1.855706185582098877e-01,2.319018349049800642e-02
4.678176403045654297e+00,5.269484519958496094e+00,5.140580352114417773e-01,2.353551107937530418e-01
3.540417909622192383e+00,7.849045753479003906e+00,6.054609689815082518e-05,9.773679143787461499e-09
2.657036542892456055e+00,4.078494548797607422e+00,8.313326634923470237e-01,6.280244595901814941e-01
5.426912754774093628e-02,7.934290915727615356e-02,8.422839610118970644e-03,3.282631134160496345e-05
1.052913293242454529e-01,6.298827528953552246e-01,1.675929320926750066e-05,5.509193268249390485e-09
5.561720728874206543e-01,1.190080881118774414e+00,2.198672884119894921e-01,1.012525537917770557e-01
2.464752435684204102e+00,2.707927942276000977e+00,8.554068335352958963e-01,7.078342895305924642e-01
9.043843746185302734e-01,1.005032539367675781e+00,1.179035502240677324e-02,2.758316751138023548e-04
7.467721700668334961e-01,1.109608530998229980e+00,1.648490224928578218e-03,1.391521289573816045e-03
6.537910938262939453e+00,1.702235412597656250e+01,4.981167654559381930e-02,2.009298470350973087e-03
4.931719228625297546e-02,4.286927580833435059e-01,3.948000826056917156e-01,6.462000190779171316e-02
7.850848674774169922e+00,1.644001007080078125e+01,5.816951736688404928e-01,2.383223874348372462e-01
1.881440877914428711e-01,4.268559813499450684e-01,1.365770229588603168e-02,4.682613039191929616e-05
4.543391615152359009e-02,9.084166586399078369e-02,7.119335847586283350e-04,1.542172632729155168e-05
9.132289886474609375e+00,1.102671432495117188e+01,6.180506501041904688e-03,3.156184812269646756e-05
2.914386749267578125e+00,2.924634218215942383e+00,5.704689768058923693e-01,2.769359698127880076e-01
3.151137232780456543e-01,3.218478858470916748e-01,4.723039195002572965e-01,2.838915793272213106e-01
6.435678154230117798e-02,7.335560768842697144e-02,8.131288161146918991e-01,2.088399732952122556e-01
8.214189112186431885e-02,8.478333801031112671e-02,4.347402731935418596e-01,2.963966198713028910e-01
1.645147949457168579e-01,3.309103846549987793e-01,1.295313604451074907e-01,1.717779198017610476e-02
2.565948851406574249e-02,8.875486999750137329e-02,2.901183265488382901e-03,3.211713724560194549e-05
7.705728523433208466e-03,3.994083404541015625e-01,9.491755908794080598e-02,2.511228275714888492e-02
6.369598675519227982e-03,1.146496981382369995e-01,1.186094026960676784e-02,2.461419511624041156e-04
2.494272738695144653e-01,6.404719352722167969e-01,1.508274450325580718e-02,5.581389602150377272e-03
4.042103290557861328e-01,5.144119858741760254e-01,9.653774715915075522e-02,1.363443367754585411e-02
1.099209904670715332e+00,2.567462682723999023e+00,2.525853879300199445e-02,3.834526492017542587e-04
5.839309841394424438e-02,6.392116844654083252e-02,1.909756944570906168e-03,4.729201138697902707e-06
2.587842345237731934e-01,4.888180494308471680e-01,7.533873384542528751e-01,2.885380593814284023e-01
5.416760221123695374e-02,6.898348033428192139e-02,9.293666518400134358e-04,1.205170389312337775e-05
1.124880164861679077e-01,4.466041326522827148e-01,3.138355036296980316e-02,9.602841451659127614e-04
3.477373719215393066e-02,1.072887301445007324e+00,3.771238808857158009e-03,1.249586998432472562e-04
6.072640419006347656e+00,1.218164539337158203e+01,6.538460074182689263e-02,1.968567375988217183e-03
3.345137536525726318e-01,5.730392336845397949e-01,5.764330667483531512e-01,1.844796467121526118e-01
7.185547351837158203e+00,1.310194587707519531e+01,1.434936164424999716e-01,2.902592659581776369e-02
9.306068420410156250e-01,3.461177349090576172e+00,3.218831774519670397e-02,2.121002426486273684e-03
2.142892219126224518e-02,2.206980735063552856e-01,7.683230668849405642e-03,3.525098582200181241e-03
8.489158749580383301e-02,1.359366476535797119e-01,6.392997117893088888e-01,5.469197516256938396e-01
4.706878215074539185e-02,6.470687687397003174e-02,3.503975026658278091e-01,9.899318346684926606e-02
3.431412696838378906e+00,3.868339061737060547e+00,6.408170742934782282e-01,2.431584828903944340e-01
8.882851600646972656e+00,1.279318237304687500e+01,7.016658194110627633e-01,2.336797236490284480e-02
3.930014967918395996e-01,1.130867481231689453e+00,1.837455950409144778e-02,6.967042128747658047e-04
1.291016340255737305e+00,1.544971942901611328e+00,4.709494126866786146e-01,2.156200481665412894e-01
1.403085231781005859e+00,1.587563157081604004e+00,1.372766610821100075e-01,7.648466187629648916e-02
6.407321244478225708e-02,1.449736952781677246e+00,6.609645642522293807e-02,6.295174085331145530e-02
1.552058942615985870e-02,1.879382282495498657e-01,4.129548637218576901e-01,2.345090386740810162e-01
