2.526847457885742188e+01,5.678873062133789062e+01,7.815970093361102045e-14,0.000000000000000000e+00
2.576705515384674072e-01,1.148821115493774414e+00,3.469607934292184837e-11,5.551115123125782702e-17
3.745375061035156250e+01,7.667903900146484375e+01,5.077804288156073653e-10,5.551115123125782702e-17
1.823435351252555847e-02,8.495524525642395020e-02,1.112365755062683093e-11,5.551115123125782702e-17
3.286660090088844299e-02,1.178583651781082153e-01,5.242099104796338338e-08,1.831867990631508292e-15
3.008657097816467285e-01,3.440220952033996582e-01,2.594030545921555131e-11,5.551115123125782702e-17
3.330240011215209961e+00,3.350590467453002930e+00,4.447861641887485007e-06,1.144239147876646712e-10
1.305046081542968750e-01,1.986889541149139404e-01,6.657469159287998650e-08,6.994405055138486205e-15
4.470041275024414062e+00,8.404645919799804688e+00,9.139168866134639302e-10,5.551115123125782702e-17
3.686410903930664062e+01,6.716139221191406250e+01,3.124585012614922164e-06,9.121898791875082679e-10
2.805391120910644531e+01,5.190853881835937500e+01,1.032482210838736592e-09,5.551115123125782702e-17
3.889771550893783569e-02,2.598140239715576172e-01,9.750990631607336923e-08,1.013800154936461695e-12
4.127917098999023438e+01,6.972130584716796875e+01,2.262973142208579702e-11,5.551115123125782702e-17
1.218191266059875488e+00,1.389076590538024902e+00,3.482449884018024022e-10,5.551115123125782702e-17
3.018968391418457031e+01,5.434721374511718750e+01,7.319346391199132995e-07,1.349165223984982731e-11
2.466263961791992188e+01,4.930359649658203125e+01,2.021546319230793642e-08,3.174127627403322549e-13
2.492523002624511719e+01,4.492378234863281250e+01,3.122058167548402707e-10,5.551115123125782702e-17
3.054087066650390625e+01,6.044718933105468750e+01,1.924466142000369473e-11,0.000000000000000000e+00
2.938481140136718750e+01,5.158914947509765625e+01,1.345716081346814974e-07,6.439293542825907934e-13
1.468556970357894897e-01,2.173305898904800415e-01,1.019401840718359153e-09,5.551115123125782702e-17
4.265552520751953125e+01,6.904237365722656250e+01,7.377409794173672708e-11,0.000000000000000000e+00
2.096916437149047852e+00,2.214538335800170898e+00,7.850176630408434164e-07,4.387046281806306069e-13
4.121465206146240234e+00,7.065760612487792969e+00,2.863866734315045903e-07,1.129102367158907327e-11
1.123898983001708984e+01,1.794636154174804688e+01,2.130022689811328362e-05,2.442037683181297325e-10
2.232899516820907593e-01,2.423221617937088013e-01,1.015965089834480750e-12,5.551115123125782702e-17
9.567615389823913574e-01,1.442024946212768555e+00,1.042389508043584101e-10,0.000000000000000000e+00
3.671186447143554688e+01,6.720503234863281250e+01,5.126884561335032231e-08,3.669287096386142366e-14
2.940362453460693359e+00,3.978836059570312500e+00,1.335983710500365795e-04,2.234615714691301491e-09
2.283348083496093750e+01,4.373468780517578125e+01,1.179389919059303793e-11,5.551115123125782702e-17
2.088635444641113281e+00,2.515861511230468750e+00,4.490445056268294044e-02,5.951158829925140559e-03
2.577639389038085938e+01,6.037177658081054688e+01,4.014795551565697451e-08,7.771561172376095783e-16
2.274199426174163818e-01,2.271875858306884766e+00,1.661440574007855275e-08,3.615996391204134852e-13
1.456936001777648926e-01,4.187967181205749512e-01,5.910401562614353566e-07,1.654787418203795824e-13
1.496677160263061523e+00,2.564891815185546875e+00,2.576629333783664322e-07,6.506462035815729905e-13
3.041897201538085938e+01,5.029896926879882812e+01,4.211857224373227737e-05,7.576887117721753384e-09
1.899664551019668579e-01,3.680328726768493652e-01,1.950316941184427333e-01,6.307060164369809874e-02
5.562071502208709717e-02,1.105880066752433777e-01,2.221520634115847770e-09,2.164934898019055254e-15
3.685743713378906250e+01,6.791254425048828125e+01,2.123398012976451810e-08,5.717648576819556183e-15
1.925427627563476562e+01,4.125855255126953125e+01,3.046152521890554965e-07,1.077027356188864360e-11
2.773532629013061523e+00,6.005620956420898438e+00,2.981820346192876059e-11,5.551115123125782702e-17
4.998960113525390625e+01,7.964796447753906250e+01,4.540047471301988935e-08,7.771561172376095783e-16
4.414510726928710938e+01,7.481999206542968750e+01,2.038380575442033660e-11,5.551115123125782702e-17
9.472242742776870728e-02,1.935391277074813843e-01,5.345224263209047422e-12,5.551115123125782702e-17
3.189832270145416260e-01,6.272386312484741211e-01,2.383576669373610457e-10,5.551115123125782702e-17
1.484604179859161377e-01,5.566357374191284180e-01,4.651123930443645804e-11,5.551115123125782702e-17
3.129476904869079590e-01,4.923347234725952148e-01,4.600251291009271881e-10,5.551115123125782702e-17
1.414001584053039551e+00,2.606813907623291016e+00,4.992734004005683346e-11,5.551115123125782702e-17
6.183831393718719482e-02,1.001625061035156250e-01,3.147079263854379860e-09,1.831867990631508292e-15
6.505491584539413452e-02,8.041294813156127930e-01,5.306516456703564977e-01,3.858445323673920235e-02
2.941503143310546875e+01,5.320063018798828125e+01,3.092490463707520121e-08,1.521005543736464460e-14
4.480643081665039062e+01,8.285301208496093750e+01,1.790395609546635569e-11,5.551115123125782702e-17
2.740360832214355469e+01,4.685323333740234375e+01,5.156722826527015968e-10,5.551115123125782702e-17
2.172914743423461914e+00,3.563702583312988281e+00,3.109107415966150256e-11,5.551115123125782702e-17
2.965862464904785156e+01,5.735133361816406250e+01,6.086851866982101456e-08,8.665290707199346798e-14
2.470627593994140625e+01,4.780763244628906250e+01,1.382021164175739614e-10,0.000000000000000000e+00
3.541714668273925781e+00,6.408864974975585938e+00,8.454348332520567055e-14,5.551115123125782702e-17
1.463061124086380005e-01,4.571462273597717285e-01,6.633055216198613380e-10,1.432187701766451937e-14
2.740107345581054688e+01,4.996681213378906250e+01,1.191996829019714710e-08,5.551115123125782702e-17
1.585997827351093292e-02,4.604316055774688721e-01,2.069460902903719202e-05,3.938250781043706183e-09
3.555334472656250000e+01,5.672910308837890625e+01,4.741549418763035817e-06,7.005679369953554669e-10
1.639082336425781250e+01,2.943381881713867188e+01,5.238382285721598919e-07,1.485034317738609388e-12
2.482944726943969727e-01,1.111341953277587891e+00,1.679072048066387879e-07,8.539391416206854046e-12
3.961817932128906250e+01,7.660876464843750000e+01,6.930703093684645877e-01,3.018827136322778104e-01
5.849867343902587891e+00,1.036718559265136719e+01,2.164022350203964606e-09,7.771561172376095783e-16
2.381099319458007812e+01,4.181907653808593750e+01,1.600790500155824247e-09,7.771561172376095783e-16
2.293973541259765625e+01,4.467951202392578125e+01,1.099991653319420948e-09,2.164934898019055254e-15
4.523535156250000000e+01,7.776989746093750000e+01,1.104079955238645994e-08,0.000000000000000000e+00
3.213999557495117188e+01,5.590986633300781250e+01,1.989717296480009168e-08,1.143529715363911237e-14
3.670355606079101562e+01,6.050258636474609375e+01,4.338607918530266172e-01,1.875159593948660941e-02
6.861535906791687012e-01,3.012771844863891602e+00,3.053396084208848116e-04,1.160339236361274118e-07
1.164281815290451050e-01,3.590611219406127930e-01,1.983968545005154738e-12,5.551115123125782702e-17
8.007450103759765625e-01,1.014850974082946777e+00,8.505449122786501448e-10,7.771561172376095783e-16
4.087399291992187500e+01,8.037315368652343750e+01,6.543682928850103053e-09,3.114175584073564096e-14
2.728250312805175781e+01,4.714824676513671875e+01,5.169275008043427988e-10,5.551115123125782702e-17
4.720960184931755066e-02,1.047569155693054199e+00,3.248266988720160953e-09,5.551115123125782702e-17
1.338765919208526611e-01,1.798311769962310791e-01,1.512678871051775786e-12,0.000000000000000000e+00
3.104065513610839844e+01,6.129273223876953125e+01,6.647793426850512333e-12,0.000000000000000000e+00
2.969425010681152344e+01,5.201834106445312500e+01,5.507122535775010874e-11,5.551115123125782702e-17
1.283986866474151611e-01,7.882589101791381836e-01,1.363576829227497456e-08,1.737499033538369986e-14
3.931984186172485352e+00,4.613199234008789062e+00,3.707399498509289515e-09,7.771561172376095783e-16
2.637044489383697510e-01,3.657434880733489990e-01,8.702871756582908347e-12,0.000000000000000000e+00
7.462430596351623535e-01,8.838686943054199219e-01,8.383294058944557037e-13,5.551115123125782702e-17
3.093100738525390625e+01,5.841615295410156250e+01,2.226421457751648347e-07,3.408384685599230579e-13
3.032802581787109375e+01,5.641182327270507812e+01,6.884383618732670129e-10,5.551115123125782702e-17
3.892243194580078125e+01,7.100473022460937500e+01,1.115878500712597088e-10,0.000000000000000000e+00
2.562862968444824219e+01,5.786398315429687500e+01,1.321455477415467428e-05,3.291811268013589142e-14
9.059044718742370605e-01,1.178754329681396484e+00,1.338652688698260818e-08,1.737499033538369986e-14
2.787400817871093750e+01,4.648022079467773438e+01,2.757743846615312577e-07,1.077837818996840724e-11
2.916108131408691406e+01,5.740868377685546875e+01,1.692248008389185543e-10,5.551115123125782702e-17
1.764469593763351440e-01,1.135984063148498535e+00,4.975986289679212859e-10,5.551115123125782702e-17
1.662484109401702881e-01,7.031663656234741211e-01,7.162492821066734905e-12,5.551115123125782702e-17
7.908818870782852173e-02,1.067906245589256287e-01,2.147759192716591770e-10,5.551115123125782702e-17
8.725628852844238281e-01,2.103043079376220703e+00,6.943343915377653275e-07,5.831413130152895974e-11
8.426317572593688965e-02,4.946203529834747314e-01,1.696787068877769755e-05,1.082204881264203777e-10
3.947272524237632751e-02,2.872717976570129395e-01,2.407528787440327278e-09,7.771561172376095783e-16
1.453493213653564453e+01,2.624342727661132812e+01,1.714439405098300284e-05,9.249972454661303800e-10
1.641177892684936523e+00,1.905944824218750000e+00,3.701785270632251823e-05,4.254816055038190825e-09
2.981146240234375000e+01,5.087483596801757812e+01,1.148679833551935481e-04,1.331356924705318079e-08
4.685954093933105469e+00,8.132212638854980469e+00,5.568781547005130506e-09,5.551115123125782702e-17
3.211461639404296875e+01,6.453361511230468750e+01,8.823841601834914172e-09,2.725597525454759307e-14
5.489579677581787109e+00,9.156071662902832031e+00,1.346700528870314884e-12,5.551115123125782702e-17
3.890449106693267822e-01,7.187442779541015625e-01,1.432187349270641619e-07,1.990541065310935664e-11
5.215083062648773193e-02,1.253519356250762939e-01,1.146503614268823412e-09,0.000000000000000000e+00
9.495264291763305664e-01,4.395260810852050781e+00,5.496424426709722866e-09,1.754152378907747334e-14
1.263750642538070679e-01,1.017651557922363281e+00,2.644646544717078607e-01,3.806221859456726531e-02
5.467648431658744812e-02,1.303330540657043457e+00,2.200517545958291521e-12,0.000000000000000000e+00
1.551267206668853760e-01,1.144516110420227051e+00,1.482924893991821591e-11,5.551115123125782702e-17
3.992670059204101562e+01,7.726538848876953125e+01,3.871270859434616796e-08,3.375633106372788461e-13
2.454076766967773438e+01,4.677005767822265625e+01,1.031730977785194625e-05,2.050604019920854171e-09
3.008844256401062012e-01,4.655344009399414062e+00,2.152303436031566264e-07,6.746825320647076296e-13
3.414294433593750000e+01,5.802308654785156250e+01,1.742304389651394558e-08,7.160938508832259686e-15
1.022557690739631653e-01,5.934982299804687500e-01,7.130593637388831230e-01,1.338094978413309488e-01
2.949816465377807617e+00,4.372866630554199219e+00,1.908280822249253106e-08,2.198241588757809950e-14
2.752534484863281250e+01,4.940652465820312500e+01,2.126327447449227748e-09,0.000000000000000000e+00
4.370405197143554688e+01,8.212428283691406250e+01,6.875511826542890503e-10,7.771561172376095783e-16
7.799727469682693481e-02,1.607656359672546387e+00,1.419457867912754523e-08,1.293964935200619948e-13
1.357014560699462891e+01,2.537509346008300781e+01,2.066210269546786549e-08,4.285460875053104246e-14
4.226497268676757812e+01,1.014641265869140625e+02,7.908784738219765131e-12,0.000000000000000000e+00
3.864752578735351562e+01,6.462844085693359375e+01,2.087648086512849943e-06,2.936223486571520880e-11
1.368298530578613281e+00,2.283219814300537109e+00,1.014696043855067842e-08,1.489364187534647499e-13
1.888317801058292389e-02,3.291006013751029968e-02,2.375322161185522418e-13,0.000000000000000000e+00
1.810005158185958862e-01,3.563451290130615234e+00,2.190076453523204236e-10,5.551115123125782702e-17
2.952087211608886719e+01,6.008208847045898438e+01,1.811348448454985771e-07,1.433297924791077094e-13
2.668106794357299805e+00,2.817445278167724609e+00,9.375872300765308864e-10,5.551115123125782702e-17
5.870597437024116516e-02,8.354970216751098633e-01,1.130198031829010574e-07,5.364098054627675083e-12
9.999784827232360840e-02,8.800510168075561523e-01,1.488511797709257678e-07,8.760769887317110260e-13
1.023039221763610840e+00,1.862324595451354980e+00,1.711418784466900433e-10,1.332267629550187849e-15
5.401830375194549561e-02,9.604702889919281006e-02,6.447060970082851838e-07,4.510536388835362231e-11
1.907731294631958008e-01,1.601567864418029785e+00,3.000174231271302006e-08,8.471556789402256982e-13
3.992880249023437500e+01,7.121426391601562500e+01,5.632993183013468297e-09,3.275157922644211794e-15
1.540676116943359375e+00,1.823398113250732422e+00,5.836302952755278994e-06,3.863597775044524951e-10
2.848149240016937256e-01,1.675352811813354492e+00,9.430234371166079654e-13,5.551115123125782702e-17
1.145844627171754837e-02,1.618333309888839722e-01,1.792691550761560393e-10,0.000000000000000000e+00
9.557762742042541504e-01,2.706142902374267578e+00,6.280531650304510549e-13,5.551115123125782702e-17
3.588704764842987061e-01,1.235056400299072266e+00,3.771548106779161191e-01,1.595693413608817446e-01
2.218995666503906250e+01,5.366728973388671875e+01,4.422793742353547941e-09,2.164934898019055254e-15
4.915661621093750000e+01,9.227455902099609375e+01,1.768598045792657558e-10,5.551115123125782702e-17
2.128016471862792969e+01,4.013153076171875000e+01,4.242934421028188297e-07,7.698508497355760483e-12
4.278055953979492188e+01,7.723703765869140625e+01,1.644278213586147785e-09,5.551115123125782702e-17
1.734532356262207031e+00,2.096744537353515625e+00,4.025113575778505037e-13,5.551115123125782702e-17
2.621910285949707031e+01,4.855345916748046875e+01,1.246967140655641515e-09,5.551115123125782702e-17
1.309286355972290039e-01,9.101822972297668457e-01,6.166676397856285519e-07,4.000688669236751593e-13
2.021083641052246094e+01,3.898727035522460938e+01,4.695315251157516911e-06,2.983017166613421978e-09
3.369974899291992188e+01,6.082475662231445312e+01,1.827793472131133967e-11,0.000000000000000000e+00
3.819240188598632812e+01,6.875012969970703125e+01,8.847053722949027588e-08,1.675881655671673798e-13
6.694523245096206665e-02,1.265143603086471558e-01,3.986458885218979731e-09,5.551115123125782702e-17
1.272636651992797852e-01,6.206531524658203125e-01,1.186667430985721694e-11,5.551115123125782702e-17
2.830585479736328125e+01,6.515261077880859375e+01,1.168856766931014590e-08,1.065814103640150279e-14
2.612449455261230469e+01,4.672366333007812500e+01,1.161196794163821266e-06,2.427619216760490417e-11
3.466892838478088379e-01,2.049726247787475586e+00,6.593247833908133515e-05,3.508107637717472471e-09
4.678385543823242188e+01,8.324107360839843750e+01,2.314642921774634488e-11,5.551115123125782702e-17
1.314376145601272583e-01,1.910351216793060303e-01,3.275713034156524373e-13,0.000000000000000000e+00
5.560022592544555664e-01,8.899545073509216309e-01,9.992007221626408864e-15,0.000000000000000000e+00
1.541221141815185547e-01,3.565348982810974121e-01,2.217698802375878131e-10,5.551115123125782702e-17
3.216903284192085266e-02,5.034453272819519043e-01,1.258664999337355539e-06,6.735501045795899699e-12
3.790039443969726562e+01,5.838676071166992188e+01,6.705945837515159269e-08,2.835010004531568484e-12
2.668184638023376465e-01,5.310969948768615723e-01,4.007122178517619204e-08,2.635114348947809049e-13
4.421952819824218750e+01,6.964858245849609375e+01,1.259983473667070086e-07,6.278311204255260236e-13
3.088364410400390625e+01,6.466697692871093750e+01,1.712320075730744406e-07,1.056377207930836448e-12
2.842116546630859375e+01,5.316999816894531250e+01,2.169857087341853230e-07,3.988143149058487325e-12
2.491964149475097656e+01,4.094879150390625000e+01,2.770140061780779206e-09,5.939693181744587491e-15
1.574254989624023438e+00,3.645453453063964844e+00,2.514907726514081787e-10,5.551115123125782702e-17
3.411386108398437500e+01,6.570692443847656250e+01,3.538759285603987337e-10,5.551115123125782702e-17
5.927404761314392090e-02,1.149379611015319824e+00,4.923649821186870668e-09,5.551115123125782702e-17
2.802066691219806671e-02,2.205833941698074341e-01,2.774751182710311070e-07,8.292810882437606779e-13
7.415672391653060913e-02,1.842294931411743164e+00,9.641598630594216957e-11,5.551115123125782702e-17
1.153497472405433655e-01,3.070505261421203613e-01,1.865625309793728093e-08,1.117439474285220058e-13
3.940793991088867188e+01,6.977027130126953125e+01,4.184718294109046610e-09,4.607425552194399643e-15
1.038953065872192383e-01,1.763356029987335205e-01,1.952049633047181487e-11,0.000000000000000000e+00
2.600320816040039062e+00,3.377977371215820312e+00,9.633577435774753894e-09,5.717648576819556183e-15
2.029344886541366577e-01,4.705802202224731445e-01,5.013585052116020790e-07,8.450462551934379007e-13
9.442769289016723633e-01,1.080576896667480469e+00,5.417725107021184039e-01,3.460037261848931678e-01
1.020124033093452454e-01,3.476463794708251953e+00,1.642805495360999402e-06,6.552536291337673902e-13
4.758061981201171875e+01,9.446382141113281250e+01,2.913524976833059554e-11,5.551115123125782702e-17
3.807169723510742188e+01,6.318913269042968750e+01,8.067295323048204736e-01,6.094777589871298584e-01
2.796878814697265625e+01,4.999282836914062500e+01,1.570493405766981709e-05,2.070080606930702061e-09
1.253826856613159180e+00,2.090324640274047852e+00,1.045250828801691512e-05,5.334140906754214484e-10
5.300925970077514648e-01,1.337035059928894043e+00,7.751866426541909050e-09,5.551115123125782702e-17
2.092187500000000000e+01,3.716443252563476562e+01,2.123408504584034517e-09,0.000000000000000000e+00
2.218979644775390625e+01,4.188050842285156250e+01,1.018364350069411728e-07,4.762856775641921558e-14
2.145263701677322388e-01,2.401125282049179077e-01,5.458966612081894709e-12,5.551115123125782702e-17
2.365001487731933594e+01,4.955981445312500000e+01,2.779942942510160719e-12,0.000000000000000000e+00
2.318792976438999176e-02,4.402002692222595215e-01,6.117799045135541292e-09,3.275157922644211794e-15
1.171927601099014282e-01,4.333341717720031738e-01,2.339961557851211182e-12,0.000000000000000000e+00
9.289627075195312500e-01,1.874141573905944824e+00,3.600997278141448987e-11,0.000000000000000000e+00
5.207831263542175293e-01,1.724375724792480469e+00,3.442198970304843897e-09,1.720845688168992638e-15
3.154371643066406250e+01,6.415054321289062500e+01,4.042344237120687467e-11,5.551115123125782702e-17
3.851929473876953125e+01,7.137876892089843750e+01,3.590439984213489311e-08,5.551115123125782702e-17
6.722915172576904297e-02,7.110288143157958984e-01,3.250394316203220058e-04,2.627037222702188757e-06
4.262167587876319885e-02,5.849443674087524414e-01,4.578028123258803816e-09,7.216449660063517513e-16
1.668142676353454590e-01,2.561470746994018555e+00,1.600110291744005764e-05,9.747093132617123956e-10
4.972792816162109375e+01,8.965886688232421875e+01,1.621060896628279124e-09,6.106226635438360972e-16
5.689117684960365295e-02,4.319869577884674072e-01,3.163628059521528257e-08,1.278699368612024045e-12
3.704276800155639648e+00,6.402657508850097656e+00,2.549536302021149226e-06,2.774674379146802039e-10
1.477289795875549316e+00,1.705092310905456543e+00,5.391448658798037030e-06,4.962391608742677818e-11
2.532649599015712738e-02,1.942571282386779785e+00,1.066583371622797927e-08,5.551115123125782702e-17
1.013906225562095642e-01,4.991782009601593018e-01,1.515823100373125953e-08,1.089128787157278566e-13
6.498951315879821777e-01,8.183420896530151367e-01,8.298841922665944892e-05,2.239727986963480078e-07
8.525815010070800781e+00,1.421788597106933594e+01,1.839928764901799241e-10,5.551115123125782702e-17
3.600865554809570312e+01,6.483016967773437500e+01,9.712753379353955552e-10,1.110223024625156540e-15
2.478402328491210938e+01,4.467850494384765625e+01,1.427191698155638733e-13,0.000000000000000000e+00
2.954804801940917969e+01,5.416110992431640625e+01,4.997859348598865381e-10,5.551115123125782702e-17
1.098348051309585571e-01,2.591946363449096680e+00,1.118466874672208178e-09,3.941291737419305719e-15
2.588193893432617188e+01,5.002058410644531250e+01,6.804221930334364288e-08,1.342703725981664320e-12
4.679098129272460938e-01,6.947656273841857910e-01,8.300787449069813029e-04,7.965751979144286565e-07
2.591021955013275146e-01,3.519498705863952637e-01,6.270942517299309404e-01,2.992611305749037776e-01
7.091321349143981934e-01,1.401439547538757324e+00,1.388288928261260935e-10,5.551115123125782702e-17
4.483036804199218750e+01,7.154809570312500000e+01,2.871758386646661165e-11,5.551115123125782702e-17
1.489490509033203125e+00,3.393888473510742188e+00,1.328969401193091926e-08,1.839084440291571809e-13
6.621551990509033203e+00,1.468741607666015625e+01,2.896622386394653859e-10,5.551115123125782702e-17
9.591873735189437866e-02,1.567858755588531494e-01,6.337191882366255413e-11,0.000000000000000000e+00
3.825764846801757812e+01,6.256370544433593750e+01,3.769669520981011601e-09,5.551115123125782702e-17
6.099122390151023865e-02,7.236380875110626221e-02,3.873084076233546114e-07,4.662936703425657470e-15
1.430658400058746338e-01,2.844868600368499756e-01,4.712534362738551863e-09,1.831867990631508292e-15
2.798386573791503906e+00,4.300768375396728516e+00,7.046059987136921166e-07,1.100409208198982469e-10
3.002033615112304688e+01,5.293238449096679688e+01,3.577125262665958871e-10,5.551115123125782702e-17
3.714350891113281250e+01,6.657607269287109375e+01,1.110035507956297351e-09,5.551115123125782702e-17
5.022802203893661499e-02,1.645477890968322754e+00,3.791544855857864604e-11,5.551115123125782702e-17
5.156188011169433594e-01,9.616865515708923340e-01,1.338348504242858894e-08,5.551115123125782702e-17
2.291071042418479919e-02,1.430356800556182861e-01,5.735688035635178039e-10,5.551115123125782702e-17
1.230498075485229492e+00,6.000581741333007812e+00,2.281461058961653521e-08,7.160938508832259686e-15
2.388123321533203125e+01,4.574193572998046875e+01,3.048527008314519948e-01,4.260532122416621492e-02
1.775837516784667969e+01,2.895833778381347656e+01,8.420917213536327495e-08,1.110223024625156540e-15
2.466164398193359375e+01,4.713337707519531250e+01,1.218260065050102980e-08,1.837419105754634074e-14
2.183496206998825073e-01,2.639231383800506592e-01,4.609191979587645704e-06,1.109622005390775712e-09
5.303649976849555969e-02,9.201734513044357300e-02,1.029441110134143855e-08,1.104671909502030758e-14
2.655883598327636719e+01,4.686001586914062500e+01,4.405347873992493390e-06,4.541533815682896602e-10
5.559442520141601562e+00,7.778604984283447266e+00,4.774399459117617539e-08,6.650235917504687677e-14
1.404139637947082520e+00,3.221104145050048828e+00,2.644007235375056553e-11,0.000000000000000000e+00
2.016218900680541992e+00,3.118880033493041992e+00,2.194189652216171904e-02,1.140883761476768621e-02
1.761512830853462219e-02,8.115003705024719238e-01,2.667423004698576960e-09,5.551115123125782702e-17
2.274694666266441345e-02,1.115015149116516113e+00,4.771533168579367157e-10,5.551115123125782702e-17
5.088217258453369141e-01,5.065854072570800781e+00,1.129762949858559296e-11,0.000000000000000000e+00
3.312817382812500000e+01,5.999362945556640625e+01,6.034450716896344602e-12,5.551115123125782702e-17
7.405653595924377441e-02,7.940440177917480469e-01,1.377268091240502201e-07,4.146127885462647100e-13
7.528625726699829102e-01,7.674903869628906250e-01,5.930791968283832816e-05,2.896402667706965417e-08
1.632173347473144531e+01,3.009739303588867188e+01,3.446187779587717159e-12,0.000000000000000000e+00
5.803511619567871094e+00,9.275431632995605469e+00,1.710812627120361640e-07,6.722400414105322852e-14
5.890163034200668335e-02,5.555076003074645996e-01,9.253562354705202608e-07,1.284899964204555545e-11
1.443323493003845215e-02,3.150895237922668457e-02,2.129987026755486568e-07,7.943645741192995047e-14
1.841324269771575928e-01,2.162028789520263672e+00,1.845781971709925529e-09,7.771561172376095783e-16
4.231389045715332031e+00,9.657979965209960938e+00,3.142913707065986273e-11,5.551115123125782702e-17
2.706718258559703827e-02,6.675670146942138672e-01,3.912346957513079815e-08,6.508682481864980218e-13
1.711783371865749359e-02,1.206242814660072327e-01,2.926326474172776804e-01,1.770605401685076963e-02
1.381195735931396484e+01,2.591432571411132812e+01,3.701925432864072718e-10,5.551115123125782702e-17
1.083779096603393555e+00,2.538120269775390625e+00,4.087725374857242855e-08,8.554268404736831144e-14
2.626749801635742188e+01,5.017533493041992188e+01,1.178010800018114423e-09,5.551115123125782702e-17
1.059001564979553223e+00,9.096060752868652344e+00,4.167571843183281999e-10,5.551115123125782702e-17
4.553121924400329590e-01,1.494406223297119141e+00,4.365186299204459885e-06,2.681632138568090795e-10
3.151298522949218750e+01,7.065972900390625000e+01,7.245815059064852903e-12,0.000000000000000000e+00
4.851477444171905518e-01,6.089374423027038574e-01,3.482783517064721446e-01,4.309133487170135890e-02
6.864019632339477539e-01,6.963424086570739746e-01,4.832712008351336408e-11,0.000000000000000000e+00
5.039650726318359375e+01,8.690635681152343750e+01,3.382117919059624001e-10,5.551115123125782702e-17
2.964275360107421875e+01,5.690071868896484375e+01,1.842010966257578986e-06,2.869759985202335884e-12
4.000360870361328125e+01,7.372650909423828125e+01,9.559640301581850963e-10,5.551115123125782702e-17
2.993740463256835938e+01,5.546722793579101562e+01,4.931783870176786877e-08,1.498801083243961330e-14
6.987711906433105469e+00,1.329409599304199219e+01,3.003128493106466124e-07,1.230571200494523509e-12
1.921801567077636719e+01,4.120101165771484375e+01,7.724267059305844896e-08,3.275157922644211794e-15
3.362625241279602051e-01,1.940906047821044922e+00,1.947723103618015372e-05,2.053631709131309435e-10
2.867354154586791992e+00,3.982088088989257812e+00,4.332921577088200138e-09,5.551115123125782702e-17
2.786209487915039062e+01,5.179580688476562500e+01,1.263361637526827508e-10,5.551115123125782702e-17
6.225320816040039062e+00,1.138469505310058594e+01,2.567811518972007434e-10,0.000000000000000000e+00
1.258416473865509033e-01,5.566624999046325684e-01,1.119080940248373679e-06,5.568323580007472628e-11
2.927994132041931152e-01,3.562986254692077637e-01,6.885647052534693557e-10,5.551115123125782702e-17
4.633889770507812500e+01,8.145613861083984375e+01,1.500293167477906309e-09,4.440892098500626162e-16
1.001550629734992981e-01,4.506572484970092773e-01,4.940026165911604039e-11,5.551115123125782702e-17
1.688764762878417969e+01,2.979206085205078125e+01,1.732246051353025784e-04,1.690502852702557846e-07
2.469064109027385712e-02,1.037171721458435059e+00,1.553448703006665710e-09,1.632027846198980114e-14
2.348953437805175781e+01,4.129097366333007812e+01,2.036217139345097848e-08,5.551115123125782702e-17
3.749331665039062500e+01,6.002279663085937500e+01,8.348378655043120489e-10,7.216449660063517513e-16
2.368355512619018555e+00,3.955325841903686523e+00,2.752273875472610598e-07,6.325773238557985678e-12
6.762974858283996582e-01,1.033034324645996094e+00,6.485288358254459595e-05,1.660171689010780938e-08
3.017640686035156250e+01,5.294110107421875000e+01,5.994189541806691501e-01,4.660072003457254031e-01
1.014225959777832031e+00,1.181554675102233887e+00,4.137762354972096546e-11,5.551115123125782702e-17
3.805528640747070312e+01,7.994013977050781250e+01,4.210445186947353591e-08,5.551115123125782702e-17
1.526941895484924316e+00,1.800267219543457031e+00,1.296760815394648603e-08,1.110223024625156540e-15
2.526561737060546875e+01,4.627430343627929688e+01,2.958748246406628368e-09,4.884981308350688778e-14
2.809654808044433594e+01,6.334870147705078125e+01,4.914526785526618369e-09,1.110223024625156540e-15
2.402889430522918701e-01,3.107008635997772217e-01,1.348012867996573050e-09,5.551115123125782702e-17
5.658616870641708374e-02,3.417948722839355469e+00,5.216532483753866245e-08,2.065014825802791165e-14
2.901101875305175781e+01,5.351603698730468750e+01,2.792044373478574926e-12,0.000000000000000000e+00
7.198710441589355469e-01,1.122968077659606934e+00,1.168203820900437506e-07,6.411537967210279021e-14
2.467878341674804688e+01,4.045397949218750000e+01,8.556404370363424050e-06,2.565913037599898416e-10
6.272826343774795532e-02,1.003109574317932129e+00,4.771918293455801319e-06,5.729305918578120327e-13
2.306758463382720947e-01,7.441830635070800781e-01,2.114086683491223084e-12,5.551115123125782702e-17
2.433777999877929688e+01,4.536357879638671875e+01,9.631572206458827168e-10,5.551115123125782702e-17
3.307269287109375000e+01,6.105979156494140625e+01,1.983501141111787547e-09,5.551115123125782702e-17
3.664912414550781250e+01,6.353147888183593750e+01,8.338724041878631255e-06,6.238353167375976227e-10
3.430797576904296875e+01,6.068526458740234375e+01,6.434874855187899811e-11,0.000000000000000000e+00
3.107454299926757812e+01,5.887222671508789062e+01,4.391360095001850539e-07,3.225197886536079750e-14
2.639629554748535156e+01,4.741286849975585938e+01,2.008773758443993529e-09,1.454392162258955068e-14
3.669114685058593750e+01,6.442778015136718750e+01,2.840939428150335289e-09,5.551115123125782702e-17
2.534819602966308594e+01,4.334572982788085938e+01,2.182088676416782391e-09,5.551115123125782702e-17
3.515869379043579102e-01,6.709476709365844727e-01,6.249404882474607348e-10,5.551115123125782702e-17
5.529702186584472656e+00,8.903520584106445312e+00,4.174938172951669912e-10,5.551115123125782702e-17
2.645218133926391602e+00,2.991458654403686523e+00,6.758066334877632642e-07,2.157696243898499233e-10
2.120014381408691406e+01,3.919652557373046875e+01,4.810285503253908246e-11,5.551115123125782702e-17
2.283502578735351562e+01,4.771289062500000000e+01,2.797762022055394482e-14,0.000000000000000000e+00
1.449353620409965515e-02,2.463439106941223145e-02,4.879148349790085604e-07,2.287015021806837467e-11
3.511454772949218750e+01,6.577505493164062500e+01,2.922274089378618100e-10,0.000000000000000000e+00
8.411121368408203125e-01,1.310915946960449219e+00,1.019541728819461923e-09,5.551115123125782702e-17
3.397731018066406250e+01,6.265408325195312500e+01,9.821587987346447335e-13,5.551115123125782702e-17
1.692512631416320801e-01,2.043755054473876953e-01,1.516550346414291539e-08,7.216449660063517513e-16
3.861211776733398438e+01,7.791209411621093750e+01,7.372084775969511838e-09,2.886579864025407005e-15
2.424747467041015625e+01,4.515532684326171875e+01,1.242748126628612226e-10,5.551115123125782702e-17
1.567207813262939453e+00,1.609998106956481934e+00,4.080576987419703983e-10,5.551115123125782702e-17
2.125449943542480469e+01,4.222380065917968750e+01,2.706592727719225877e-10,5.551115123125782702e-17
2.368165969848632812e+00,7.139660358428955078e+00,3.285111904727244792e-09,5.551115123125782702e-17
7.056163996458053589e-02,1.063181400299072266e+00,1.953094574957958685e-09,1.054711873393898713e-15
4.988172054290771484e+00,1.095790672302246094e+01,6.585306744355534647e-10,5.551115123125782702e-17
2.061545252799987793e-01,3.647007942199707031e-01,4.375306961179603604e-08,3.934075287759242201e-13
3.031523132324218750e+01,5.884639739990234375e+01,5.281886039654182241e-12,0.000000000000000000e+00
1.510245227813720703e+01,3.245737457275390625e+01,2.227107387398064020e-13,5.551115123125782702e-17
2.519247293472290039e+00,6.346675872802734375e+00,4.727342302612846936e-07,6.947609154650535856e-12
1.489884185791015625e+01,2.392344474792480469e+01,1.372547853151218078e-09,5.551115123125782702e-17
2.801947021484375000e+01,5.776963043212890625e+01,6.675434816028058549e-09,4.996003610813204432e-15
1.499021911621093750e+01,2.369902038574218750e+01,5.059591023925946729e-09,6.328271240363392280e-14
1.282148361206054688e-01,1.002462863922119141e+00,2.029426626748431772e-10,5.551115123125782702e-17
3.139473342895507812e+01,5.570823669433593750e+01,2.511685467507795977e-04,5.765915728206394419e-08
5.998593568801879883e-01,1.467018008232116699e+00,4.580944161947098081e-06,1.265955118512351874e-09
4.112085723876953125e+01,7.261520385742187500e+01,1.449702635714089638e-09,5.551115123125782702e-17
2.973946762084960938e+01,5.661005020141601562e+01,9.213289575704664003e-10,5.551115123125782702e-17
3.392123031616210938e+01,5.678964614868164062e+01,1.771346902490478215e-09,4.163336342344337027e-15
2.200592309236526489e-02,2.448283135890960693e-01,1.175111012996499227e-06,7.636558052581676748e-12
3.028188133239746094e+01,5.373941802978515625e+01,9.600431645218066024e-07,2.968736367847668589e-11
2.930691146850585938e+01,5.050281906127929688e+01,1.446996948539780448e-06,1.260663795576988377e-11
2.136101007461547852e+00,5.212890625000000000e+00,4.686362409245248273e-12,5.551115123125782702e-17
3.350422668457031250e+01,6.140708160400390625e+01,1.252824660680218471e-08,6.050715484207103145e-15
1.206480860710144043e-01,2.071091413497924805e+00,2.566755141764076598e-10,1.831867990631508292e-15
1.866065406799316406e+01,3.411111068725585938e+01,1.203191324350427749e-09,1.831867990631508292e-15
1.767537689208984375e+01,3.697393798828125000e+01,6.196851365380950938e-10,1.831867990631508292e-15
1.956312209367752075e-01,3.486778140068054199e-01,4.995023761433792231e-05,6.498888094341737087e-10
2.471899604797363281e+01,6.120541381835937500e+01,2.269387455733351544e-10,5.551115123125782702e-17
4.271918869018554688e+01,8.338067626953125000e+01,1.005061328607226301e-08,1.831867990631508292e-15
2.664324188232421875e+01,4.852997970581054688e+01,4.868490055542906703e-10,3.275157922644211794e-15
2.944066429138183594e+01,4.633640289306640625e+01,1.067327343173829490e-08,1.554312234475219157e-14
5.487229228019714355e-01,5.711923241615295410e-01,8.993193412187849844e-10,5.551115123125782702e-17
9.116558730602264404e-02,2.509507536888122559e-01,3.945153576045967725e-08,4.957145804951323953e-14
1.508533358573913574e-01,1.720610260963439941e-01,2.653431141197426513e-06,1.233624313812242690e-12
2.714668655395507812e+01,6.059362411499023438e+01,7.424977299663737540e-11,5.551115123125782702e-17
4.372481155395507812e+01,7.465499877929687500e+01,2.330029946762124382e-09,7.771561172376095783e-15
8.064132183790206909e-02,1.420464813709259033e-01,3.225197886536079750e-14,5.551115123125782702e-17
1.678141832351684570e+00,2.868227005004882812e+00,8.188958400268120386e-10,3.330669073875469621e-16
6.927827000617980957e-02,2.139061391353607178e-01,1.790132521106713170e-07,1.177391517614978511e-13
6.999195367097854614e-02,3.333437442779541016e-01,2.865655490680296680e-10,5.551115123125782702e-17
3.550741195678710938e+01,6.951405334472656250e+01,1.616096145795609118e-10,5.551115123125782702e-17
2.607281208038330078e-01,1.514215230941772461e+00,1.072810729141338015e-10,5.551115123125782702e-17
5.783321261405944824e-01,3.068565607070922852e+00,8.495525384288882265e-07,1.401784244237092025e-11
4.475900650024414062e+01,8.329054260253906250e+01,1.012355754781424366e-10,5.551115123125782702e-17
5.363985300064086914e-01,1.899271845817565918e+00,7.216294228840069991e-11,0.000000000000000000e+00
1.736009240150451660e+00,2.721780061721801758e+00,1.197097976302075040e-11,0.000000000000000000e+00
2.484287834167480469e+01,5.557881164550781250e+01,1.550825915804965316e-03,3.632142346887690110e-07
1.402306184172630310e-02,3.993697836995124817e-02,4.439170973591366476e-07,7.771561172376095783e-16
8.765368163585662842e-02,9.780985713005065918e-01,7.876692172947841186e-06,6.233773108821338838e-09
1.464117914438247681e-01,1.833572685718536377e-01,2.754198147325581658e-09,5.551115123125782702e-17
2.051911950111389160e-01,8.801290392875671387e-01,1.729993925891903928e-11,5.551115123125782702e-17
3.076650798320770264e-01,8.470156192779541016e-01,1.057602616594266465e-09,2.886579864025407005e-15
4.170175170898437500e+01,8.010078430175781250e+01,3.681046123471531928e-08,2.069455717901291791e-13
2.431801259517669678e-01,8.292965888977050781e-01,6.490054083041485455e-08,2.448041769298470172e-14
2.763123130798339844e+01,5.524935913085937500e+01,1.154858431107186334e-10,0.000000000000000000e+00
9.279689937829971313e-02,1.055809974670410156e+00,3.968919613683841163e-06,4.624922667062492110e-11
2.473492361605167389e-02,8.682505041360855103e-02,1.627004087012551281e-11,0.000000000000000000e+00
2.927275466918945312e+01,5.673601913452148438e+01,2.584510749858992540e-08,1.109501379659150189e-12
5.842060223221778870e-02,1.212637722492218018e-01,2.919637798193264189e-08,3.276823257181149529e-13
2.483467674255371094e+01,4.480231857299804688e+01,7.853774736110707977e-08,1.629252288637417223e-13
3.674464225769042969e-01,1.298049211502075195e+00,5.037683076247745362e-08,1.309730102150297171e-12
4.260856807231903076e-01,7.603956460952758789e-01,5.367827848878903296e-10,5.551115123125782702e-17
1.178539693355560303e-01,7.039600610733032227e-01,1.169004604228973676e-08,5.992983886926595005e-13
9.529277682304382324e-02,8.674014806747436523e-01,2.957226437652188400e-01,1.102659013888478978e-01
8.187470026314258575e-03,1.253365427255630493e-01,2.053905424653795775e-02,9.756945120106275127e-04
4.160316944122314453e+00,4.274648189544677734e+00,1.071792838894802813e-04,6.333046204121117739e-08
2.913991928100585938e+00,4.164099693298339844e+00,2.287614542240135052e-12,5.551115123125782702e-17
1.427470803260803223e+00,1.950337886810302734e+00,3.583686298215205124e-01,1.070268326332041164e-01
1.231470108032226562e+00,4.569457054138183594e+00,5.082322074301259818e-08,7.771561172376095783e-16
3.562277603149414062e+01,7.424110412597656250e+01,1.420864287338119425e-08,8.842926391139371844e-14
3.470478773117065430e+00,6.742918014526367188e+00,3.570975883881999380e-06,1.241636238269450132e-10
1.580029875040054321e-01,3.026053309440612793e-01,1.279032435519411592e-12,5.551115123125782702e-17
2.897659683227539062e+01,5.459832000732421875e+01,6.931789031661139688e-10,5.551115123125782702e-17
5.587326735258102417e-02,4.770766794681549072e-01,1.312467200875744311e-05,9.611866857994755264e-10
9.475574493408203125e-01,1.246205091476440430e+00,4.168887457467462809e-14,0.000000000000000000e+00
1.587490141391754150e-01,1.779896318912506104e-01,1.737034627247169283e-09,7.771561172376095783e-16
4.911312088370323181e-02,2.274606823921203613e-01,5.817328457280446230e-07,1.741717881031945581e-12
1.037813782691955566e+00,1.716641306877136230e+00,9.039647919095727957e-10,7.771561172376095783e-16
1.531384140253067017e-01,4.267567396163940430e-01,1.701369500839433613e-08,2.770006446439765568e-14
1.570354819297790527e+00,2.593408346176147461e+00,2.461048032031953881e-11,0.000000000000000000e+00
2.814178466796875000e+01,5.558365631103515625e+01,1.590044762522779820e-11,5.551115123125782702e-17
1.256580650806427002e-01,8.607662916183471680e-01,5.609346320767372163e-12,5.551115123125782702e-17
2.363860321044921875e+01,3.867309951782226562e+01,6.134103865311069104e-01,4.621733930040631821e-01
5.353765010833740234e+00,5.400069713592529297e+00,1.575857067059871497e-08,1.654232306691483245e-14
3.144153833389282227e+00,3.530232429504394531e+00,1.414215158868081801e-07,6.428746424091968947e-13
3.428155899047851562e+01,5.837015151977539062e+01,1.873833421761617046e-09,1.831867990631508292e-15
4.247600936889648438e+01,7.365356445312500000e+01,6.966360266424942438e-10,5.551115123125782702e-17
2.949102592468261719e+01,6.518387603759765625e+01,1.129485394102403006e-11,5.551115123125782702e-17
6.662125885486602783e-02,6.543279290199279785e-01,1.283190220746632804e-11,0.000000000000000000e+00
9.774524718523025513e-02,1.687765717506408691e-01,2.862175133039324137e-05,2.357227124605287827e-08
4.206669628620147705e-01,6.406584978103637695e-01,5.053844341728327416e-01,4.609257380059000875e-02
5.406298637390136719e+00,9.460102081298828125e+00,3.009453797275796205e-11,0.000000000000000000e+00
3.047605133056640625e+01,5.898133087158203125e+01,1.086321033128001545e-10,5.551115123125782702e-17
2.526721172034740448e-02,6.921508312225341797e-01,4.439112966103664348e-10,5.551115123125782702e-17
1.810084700584411621e+00,1.872426390647888184e+00,4.734839464948237264e-09,1.110223024625156540e-15
5.261441230773925781e+00,5.632192611694335938e+00,6.366887959630140870e-06,2.140033150688225305e-10
7.377571612596511841e-02,1.574338674545288086e-01,6.633655291743423277e-10,0.000000000000000000e+00
2.781484031677246094e+01,4.462305450439453125e+01,8.235451589622133639e-06,2.612734639750868837e-09
2.183135598897933960e-01,2.656241953372955322e-01,2.755376482532767568e-10,7.771561172376095783e-16
3.107077026367187500e+01,5.300556182861328125e+01,6.333200266650603760e-01,4.710062129655977481e-01
5.071662139892578125e+01,9.276173400878906250e+01,9.947116463848715284e-10,5.551115123125782702e-17
2.880415725708007812e+01,5.473502731323242188e+01,1.103539759572669254e-09,6.772360450213454897e-15
1.238947629928588867e+00,3.388775110244750977e+00,6.091164572730178861e-09,7.216449660063517513e-16
2.534094238281250000e+01,4.566628265380859375e+01,3.205602450151445737e-12,5.551115123125782702e-17
2.909737014770507812e+01,4.735915374755859375e+01,1.650765080185578881e-10,5.551115123125782702e-17
5.615979433059692383e-01,1.134822607040405273e+00,2.675136482888085254e-07,3.225197886536079750e-14
1.692780876159667969e+01,2.954152297973632812e+01,4.522336428669504471e-07,3.335393072845249662e-11
2.190267562866210938e+01,4.326282119750976562e+01,1.011119121763215389e-08,2.053912595556539600e-15
6.231280416250228882e-02,5.545976758003234863e-01,9.290194069588864068e-08,1.414646177977374464e-12
9.084822535514831543e-01,1.649724006652832031e+00,8.825979946891493455e-10,5.551115123125782702e-17
9.404512643814086914e-01,3.504294395446777344e+00,6.578348976660208791e-12,5.551115123125782702e-17
1.241645067930221558e-01,6.067226529121398926e-01,3.494119438229859043e-10,5.551115123125782702e-17
6.315191090106964111e-02,3.392301559448242188e+00,1.143207279952207500e-07,4.685141163918160601e-14
4.072276651859283447e-01,6.678724884986877441e-01,1.908173730136297763e-09,2.164934898019055254e-15
1.331194788217544556e-01,2.048336863517761230e-01,2.019046653978229244e-06,1.215749723115777670e-12
1.574906855821609497e-01,2.628945708274841309e-01,6.043063388583291839e-08,3.941291737419305719e-15
9.634956717491149902e-01,2.194503068923950195e+00,4.275683251897532955e-09,2.609024107869117870e-15
4.335239028930664062e+01,8.190315246582031250e+01,7.313449678081340721e-07,8.704703624573539855e-13
1.009898066520690918e+00,1.646747469902038574e+00,5.640053033387987247e-01,3.049559122534094557e-01
1.929296875000000000e+01,3.439499664306640625e+01,1.038635843997326447e-11,5.551115123125782702e-17
6.773221492767333984e-02,7.942607998847961426e-02,4.422077591537121322e-05,1.284077566499064460e-09
3.410322570800781250e+01,5.907043457031250000e+01,3.980230646127846938e-06,9.165390668641748562e-12
2.878200340270996094e+01,5.825126647949218750e+01,1.583593256526683035e-10,5.551115123125782702e-17
1.044112920761108398e+00,1.204120278358459473e+00,1.686595663130674438e-08,7.771561172376095783e-16
3.038979911804199219e+01,4.966108703613281250e+01,6.995379275842594780e-10,5.551115123125782702e-17
2.577750921249389648e+00,2.905661344528198242e+00,2.440572377526706305e-08,6.050715484207103145e-14
8.051552772521972656e+00,8.362126350402832031e+00,8.691280483219837594e-02,2.205085628531372466e-02
5.553404986858367920e-02,5.902264714241027832e-01,2.064553419112158394e-06,7.197953344473262405e-11
1.020293831825256348e+00,1.036006093025207520e+00,1.104577873611845007e-09,0.000000000000000000e+00
4.195775604248046875e+01,7.548371124267578125e+01,9.027500968983304119e-10,5.551115123125782702e-16
1.648492336273193359e+00,1.669064283370971680e+00,3.848892038416096284e-09,6.772360450213454897e-15
2.760277032852172852e+00,4.653845310211181641e+00,7.956627023908424690e-10,5.551115123125782702e-17
2.824082183837890625e+01,4.354055023193359375e+01,3.119961589082009823e-08,9.225953334635050851e-14
7.666499912738800049e-02,1.278373360633850098e+00,7.946454901874844268e-07,9.465300765398865224e-11
2.425137138366699219e+01,5.262811279296875000e+01,5.765342314667520895e-08,5.551115123125782702e-17
2.423527717590332031e+01,4.289250183105468750e+01,3.114820229521697570e-08,5.717648576819556183e-15
1.315147972106933594e+01,2.392665863037109375e+01,1.059658266688856543e-08,7.821521208484227827e-14
4.267618432641029358e-02,8.960986137390136719e-02,2.694344736209330904e-08,6.267208974009008671e-14
4.328419685363769531e+00,4.371607780456542969e+00,4.024751498743484035e-08,7.993605777301127091e-14
5.059887313842773438e+01,8.445201110839843750e+01,2.910838237113466676e-12,0.000000000000000000e+00
2.021350562572479248e-01,2.048324108123779297e+00,1.480447586743594002e-08,4.662936703425657470e-15
2.212080001831054688e+00,3.087841510772705078e+00,1.920394883665303420e-01,1.791465811267795027e-02
8.339297026395797729e-03,4.704717174172401428e-02,1.380470737721850583e-10,0.000000000000000000e+00
3.114401626586914062e+01,6.542703247070312500e+01,1.462190368783922167e-09,5.551115123125782702e-17
2.526853370666503906e+01,4.369400024414062500e+01,2.388135522668477506e-09,6.716849298982197070e-15
2.794948033988475800e-02,3.926304280757904053e-01,6.460415535869401538e-11,5.551115123125782702e-17
3.133169174194335938e+01,7.472126770019531250e+01,1.234563618002226804e-09,0.000000000000000000e+00
4.707897603511810303e-01,5.771421790122985840e-01,5.067337537356664257e-07,1.017519402068955969e-12
1.231174182891845703e+01,2.095499420166015625e+01,5.492732274570144568e-08,1.065814103640150279e-14
2.260041809082031250e+01,3.897678756713867188e+01,2.015054789694659121e-13,5.551115123125782702e-17
2.724114036560058594e+01,5.680005645751953125e+01,9.577172388475219122e-12,5.551115123125782702e-17
2.997376632690429688e+01,4.788299179077148438e+01,3.429773298702087914e-08,3.413935800722356362e-14
2.586405944824218750e+01,4.165580749511718750e+01,3.825942447632790788e-06,1.316508013715633751e-11
2.272567749023437500e+00,2.314225912094116211e+00,1.343836120160091241e-08,3.225197886536079750e-14
5.675402283668518066e-02,2.874084115028381348e-01,1.471951072140598171e-08,2.942091015256664832e-15
3.830576324462890625e+01,7.327709960937500000e+01,1.192995108256766912e-08,6.106226635438360972e-16
6.195147633552551270e-01,1.016814231872558594e+00,3.948799275732550740e-06,1.654101300374577477e-10
4.633896425366401672e-02,2.635520994663238525e-01,2.316569158722359134e-11,0.000000000000000000e+00
4.770474880933761597e-02,2.016374170780181885e-01,5.113111592079500056e-03,1.173761128511197072e-03
6.450455784797668457e-01,1.734266757965087891e+00,4.169027956191229123e-09,2.164934898019055254e-15
5.556019210815429688e+01,9.231163024902343750e+01,3.816458260530453117e-11,5.551115123125782702e-17
1.691482514142990112e-01,2.526344358921051025e-01,4.722252255895398321e-09,7.216449660063517513e-16
5.880485847592353821e-02,3.217695951461791992e-01,1.200350036034691925e-08,1.156852391659413115e-13
1.865227127075195312e+01,3.028518295288085938e+01,9.790686306132556638e-08,2.393085729579524923e-13
6.943544745445251465e-01,1.048027157783508301e+00,3.581257182749819634e-06,6.881695213678540313e-10
1.824258923530578613e+00,1.961875796318054199e+00,1.150744277644832891e-09,5.551115123125782702e-17
7.913337647914886475e-02,1.710761427879333496e+00,2.225131712219052815e-08,4.496403249731883989e-15
1.063727065920829773e-01,2.696906805038452148e+00,2.174643409791343629e-09,5.551115123125782702e-17
3.222210693359375000e+01,5.605128479003906250e+01,3.831536038445548797e-08,4.337086245698174025e-13
3.223899078369140625e+01,5.523444366455078125e+01,9.583039362048850762e-10,5.551115123125782702e-17
1.389475017786026001e-01,1.749134302139282227e+00,2.779876401293179811e-08,5.551115123125782702e-17
7.536136507987976074e-01,8.129982948303222656e-01,2.016173339391968966e-10,0.000000000000000000e+00
3.346210002899169922e+00,6.080612659454345703e+00,2.711038116220976235e-09,8.881784197001252323e-15
7.359383106231689453e-01,7.996313571929931641e-01,6.302474594910290051e-05,2.465110917615476183e-07
2.153068733215332031e+01,4.098213195800781250e+01,7.613039832944052954e-01,2.211515823788707813e-01
3.164769935607910156e+01,5.745735168457031250e+01,5.506715927694472157e-08,3.150812943886194262e-13
3.038773345947265625e+01,5.579190826416015625e+01,2.624368045711644726e-06,1.257832171752681916e-10
3.410490453243255615e-01,1.159569859504699707e+00,7.108373405494856634e-01,4.810503664608035135e-01
2.350484657287597656e+01,4.039694213867187500e+01,2.174681125732824682e-07,1.071365218763276062e-13
9.417888522148132324e-02,3.614256083965301514e-01,3.841869544718434781e-09,3.275157922644211794e-15
1.188463419675827026e-01,2.548914551734924316e-01,6.387349286596233355e-06,6.577179911815278501e-10
3.225184231996536255e-02,1.259497851133346558e-01,6.276701380869553759e-12,0.000000000000000000e+00
6.221128627657890320e-02,4.154812991619110107e-01,1.377769035526554831e-07,2.231548279496564646e-14
3.827930092811584473e-01,4.102097451686859131e-01,3.717101831890445851e-08,1.138422689450635517e-12
5.140826702117919922e+00,8.699891090393066406e+00,2.889774440850700898e-07,2.981226376874701600e-12
1.422489643096923828e+00,1.476848959922790527e+00,6.622738213958884179e-02,1.189501684307275875e-02
4.230827713012695312e+01,7.042683410644531250e+01,1.280141381787558430e-09,7.771561172376095783e-16
2.294203937053680420e-01,1.045093178749084473e+00,1.656507075953328467e-08,3.941291737419305719e-15
2.552174217998981476e-02,1.808236241340637207e-01,5.501327837720282332e-09,2.164934898019055254e-15
7.348205894231796265e-02,3.722153306007385254e-01,2.769928730828041807e-11,5.551115123125782702e-17
1.890764385461807251e-01,1.169652462005615234e+00,6.982873890226670710e-09,8.548717289613705361e-15
1.695874482393264771e-01,2.451313734054565430e-01,6.741861526395347415e-01,3.403896575807082714e-01
3.221845865249633789e+00,4.870972633361816406e+00,3.959328226388336702e-08,1.559863349598344939e-14
5.066516399383544922e+00,9.063417434692382812e+00,5.084935250643241034e-10,0.000000000000000000e+00
1.390902232378721237e-02,1.818905472755432129e+00,1.270922256324524824e-11,5.551115123125782702e-17
