2.559027373790740967e-01,2.841463387012481689e-01,4.772462830606035711e-01,3.942337367608815812e-01
1.276998221874237061e-01,1.605297178030014038e-01,4.100329726849095691e-01,3.572519290872299691e-01
1.446217447519302368e-01,1.815682500600814819e-01,5.555163237185134495e-01,4.974645835156168983e-01
2.102896422147750854e-01,2.708659768104553223e-01,3.243680668658789346e-01,2.554661952988249718e-01
9.430313110351562500e-02,1.306442171335220337e-01,2.089898537333894080e-01,1.719888322314236384e-01
1.500920891761779785e+00,1.524713635444641113e+00,2.468082868276588182e-01,2.069844610929977291e-01
5.554292201995849609e-01,8.298293352127075195e-01,1.126234568101982525e-01,6.172837573710243664e-02
3.007673740386962891e+00,3.468647003173828125e+00,5.153790089290211096e-01,4.887317168339069817e-01
3.727838993072509766e-01,5.050319433212280273e-01,2.645242713617851349e-02,1.373364983145103357e-02
1.008020043373107910e+00,2.125688076019287109e+00,4.282422928427853659e-01,3.431262328898194713e-01
1.769938766956329346e-01,2.302082180976867676e-01,4.335983539252387664e-01,3.907932624214411899e-01
2.353280305862426758e+00,2.642489194869995117e+00,9.725978249496686212e-02,6.586833760531263238e-02
8.246453404426574707e-01,1.243036150932312012e+00,6.454691021940024420e-01,5.444132312713333421e-01
7.326729297637939453e-01,8.196296691894531250e-01,1.551643654768745662e-01,1.295825635918925745e-01
6.881420016288757324e-01,7.796326279640197754e-01,3.178871936392830833e-01,2.442317252160732810e-01
2.573938965797424316e-01,4.034131765365600586e-01,4.388861300268401267e-01,3.979026696599102797e-01
2.599275112152099609e-01,5.601879954338073730e-01,7.744032479698781390e-02,4.283128010507053496e-02
9.803553819656372070e-01,2.391767501831054688e+00,5.270203206313865962e-01,4.825099573773666273e-01
1.320903599262237549e-01,1.934887766838073730e-01,3.465874577841854265e-01,2.637281875451141233e-01
1.645237803459167480e-01,3.616217374801635742e-01,5.789557817057078282e-02,4.132868912101789194e-02
2.052685737609863281e+00,2.201558351516723633e+00,4.937425882940655875e-01,3.836929888133444599e-01
1.663897335529327393e-01,4.514644443988800049e-01,6.695950851763613487e-01,5.440505150167760373e-01
8.427593231201171875e+00,9.356051445007324219e+00,4.909606350045700451e-01,4.489140913564300117e-01
5.342723369598388672e+00,5.463160991668701172e+00,4.832471778328170098e-01,4.098019229397606433e-01
1.302106082439422607e-01,8.354027271270751953e-01,5.167374404671695176e-01,3.753821580837326533e-01
1.604843378067016602e+00,1.723757266998291016e+00,8.064542100342775299e-02,5.419393252618714962e-02
4.915452003479003906e-01,5.398029088973999023e-01,4.689747400504684083e-01,4.127663445474956672e-01
6.460638642311096191e-01,8.525524139404296875e-01,8.313618880471879136e-02,4.801564245967065991e-02
2.537660002708435059e-01,4.640928208827972412e-01,3.055938777159150632e-03,1.300837170550128707e-03
8.843207955360412598e-01,2.008464574813842773e+00,2.327409406547705228e-01,1.979628559903290896e-01
2.144629061222076416e-01,3.857023715972900391e-01,3.691559797078691751e-03,2.356399332558878346e-03
1.747382581233978271e-01,3.567633032798767090e-01,1.406438602971296636e-01,1.153409752745865324e-01
1.441532015800476074e+00,1.540902733802795410e+00,9.922520860686040445e-02,6.505219971312953264e-02
1.428436183929443359e+01,1.598151111602783203e+01,4.057670144606229101e-02,2.559344823288106641e-02
7.634181380271911621e-01,8.188986182212829590e-01,3.294497945214022172e-01,2.368068245288086349e-01
1.343464702367782593e-01,2.043478935956954956e-01,2.960503190962233688e-01,2.435239682293039998e-01
5.381134748458862305e-01,5.907513499259948730e-01,3.347200731779738092e-01,3.016267586973675474e-01
1.587586998939514160e+00,1.617689132690429688e+00,6.137266156119022265e-01,5.595114996609806823e-01
9.242362976074218750e-01,9.695518016815185547e-01,5.040518883344219381e-02,4.482043799537410722e-02
2.460772693157196045e-01,4.172327518463134766e-01,2.881018733978152335e-01,2.562144193127323111e-01
1.923000812530517578e+00,2.144553899765014648e+00,1.197445198226209651e-01,7.747035826641562872e-02
7.409763932228088379e-01,7.854567766189575195e-01,2.468264336415573190e-01,1.876717344253845399e-01
6.675190925598144531e-01,8.377479314804077148e-01,3.608222793911697313e-02,2.535813569422190605e-02
1.194306984543800354e-01,1.596128344535827637e-01,1.207259305640704938e-01,9.456829360020257980e-02
3.372683525085449219e-01,4.271812438964843750e-01,5.186735064789568250e-01,4.257563813076701287e-01
5.378988981246948242e-01,5.859918594360351562e-01,4.768635614113707621e-01,3.922443645122011269e-01
1.863618940114974976e-01,2.413035929203033447e-01,4.291457958700030662e-01,3.777030997267610823e-01
1.938277363777160645e+00,2.237042903900146484e+00,9.005777366581857457e-02,5.759804577613442111e-02
1.680818349123001099e-01,2.028666436672210693e-01,5.455560020142489197e-01,4.503187972989947663e-01
9.988792985677719116e-02,1.430356502532958984e-01,2.897892055488349161e-03,1.297511181449551021e-03
1.136164307594299316e+00,1.176284313201904297e+00,1.546715536130188751e-01,1.354694156017909323e-01
6.565841436386108398e-01,7.458815574645996094e-01,6.636362485806471812e-01,5.751566965967938039e-01
1.806688547134399414e+00,2.039680004119873047e+00,3.906233539119176035e-01,3.377542828453158341e-01
9.919824451208114624e-02,1.284381449222564697e-01,2.096712679679488822e-01,1.787038386174940041e-01
3.136656761169433594e+00,3.575878143310546875e+00,1.364643141445155972e-01,8.982379919595523399e-02
4.227451682090759277e-01,5.101709365844726562e-01,5.806822662029978988e-01,4.880599132180765687e-01
2.041781395673751831e-01,2.672604620456695557e-01,4.888872508843395970e-01,4.001868951420058940e-01
1.240667924284934998e-01,1.390572935342788696e-01,1.488131305981116315e-02,8.531525763762315417e-03
6.913025975227355957e-01,1.139348030090332031e+00,5.930868613420564595e-01,5.122039604804188295e-01
2.427758723497390747e-01,5.543887019157409668e-01,5.941572266473298392e-01,4.296427346981743778e-01
1.182947635650634766e+00,1.254607558250427246e+00,5.384039668722375716e-01,4.641148024067725530e-01
2.004750072956085205e-01,2.184948623180389404e-01,4.349648061939175303e-01,3.167715401589827895e-01
4.826553165912628174e-01,5.209473371505737305e-01,6.399896362565578034e-01,5.557019161090962500e-01
4.396468698978424072e-01,5.294268131256103516e-01,2.315636126694903818e-01,1.511708305014448639e-01
7.442913651466369629e-01,9.819296002388000488e-01,2.788833162355657258e-01,1.831364258036701775e-01
1.303780078887939453e-01,4.671659469604492188e-01,3.194704577146517677e-02,2.045808232844614771e-02
2.932418882846832275e-01,4.036729931831359863e-01,4.088516575558309718e-04,1.463849990214205476e-04
3.115550577640533447e-01,7.076659202575683594e-01,8.961584736948186025e-02,5.247775203107196695e-02
3.112166404724121094e+00,3.385795593261718750e+00,3.589390493338068255e-01,2.693891083651607232e-01
3.102035999298095703e+00,3.492517948150634766e+00,2.050486426440635279e-01,1.439037665742107230e-01
3.653668463230133057e-01,4.043698906898498535e-01,5.816870998374438217e-01,3.893506002925030129e-01
7.119320392608642578e+00,8.273024559020996094e+00,1.780038719156549765e-01,1.211863528127982148e-01
3.326784372329711914e+00,3.555396556854248047e+00,3.548317907312581454e-04,9.906267312148608895e-05
6.706658601760864258e-01,7.917465567588806152e-01,1.771543569567046728e-03,6.612758258981443760e-04
7.695636153221130371e-01,9.055553674697875977e-01,5.771590907385637514e-01,5.320676187607713548e-01
2.558258533477783203e+00,2.812469959259033203e+00,1.046773378184373549e-04,3.542530804545584999e-05
1.692171990871429443e-01,1.912602633237838745e-01,1.381634690075700389e-01,1.162792736596849341e-01
2.792042016983032227e+00,3.264814853668212891e+00,4.645585738902373030e-01,3.503234236886011432e-01
1.579560488462448120e-01,2.489459812641143799e-01,1.086497959634611377e-01,6.985008281833998689e-02
8.866880089044570923e-02,2.155928909778594971e-01,1.196910166913156548e-02,6.330502841307594775e-03
4.651177823543548584e-01,5.537201166152954102e-01,4.723699472610339845e-01,3.928540240437043973e-01
5.785330012440681458e-02,8.372992277145385742e-02,1.850740357743314579e-01,1.266955582019013704e-01
1.526995897293090820e-01,1.186977624893188477e+00,4.024286897886858450e-01,3.258204482364992494e-01
1.497253477573394775e-01,3.956026136875152588e-01,2.261781815987600197e-01,2.084943545419981059e-01
5.699696540832519531e+00,6.677668571472167969e+00,2.081854261455018396e-03,8.201164604167976435e-04
9.840097427368164062e-01,1.010551810264587402e+00,5.139220291417018194e-01,4.209682984018570662e-01
8.676332831382751465e-01,1.072839736938476562e+00,6.249724259726073816e-01,4.813596209129746284e-01
5.023407936096191406e-01,9.477608799934387207e-01,1.290131375991737661e-01,1.057894257657105985e-01
8.608654141426086426e-02,9.160713106393814087e-02,4.072243928694349036e-01,2.936620095329852687e-01
1.652416735887527466e-01,1.904275417327880859e-01,3.642770261610981386e-01,3.373593255123784607e-01
4.798018336296081543e-01,6.061052083969116211e-01,4.707958038574439619e-01,4.389395828448219294e-01
1.873641252517700195e+00,2.069711923599243164e+00,1.879640794540924920e-01,1.762888789312316296e-01
4.166432023048400879e-01,4.562118649482727051e-01,1.787256954612131410e-01,1.442883295529261978e-01
2.631790637969970703e-01,2.894474267959594727e-01,1.920893077517304981e-02,1.424938401785746933e-02
1.481405347585678101e-01,3.475597500801086426e-01,4.886768839095990691e-01,3.860203117004299966e-01
2.724893391132354736e-01,4.093267917633056641e-01,5.918493028250937371e-02,4.035071877882900893e-02
1.712209224700927734e+00,2.487338542938232422e+00,3.984955897276493131e-01,2.641397952728761767e-01
6.688459873199462891e+00,8.217303276062011719e+00,2.127937104158915127e-01,1.399094275293032430e-01
9.514317661523818970e-02,1.071914210915565491e-01,5.950747104541159738e-02,4.766597774391501119e-02
1.818534582853317261e-01,2.047971338033676147e-01,3.906042168023792782e-01,2.449680755410358901e-01
2.597636878490447998e-01,3.293397128582000732e-01,5.587726607679575075e-01,5.053055366670541337e-01
2.768623828887939453e-01,3.210682570934295654e-01,3.282572263529606182e-01,1.810685875925475696e-01
9.981595724821090698e-02,1.566444635391235352e-01,5.156762917769651677e-01,4.514361753065325167e-01
5.213797688484191895e-01,7.141002416610717773e-01,5.064559523575632438e-01,4.349544882932075973e-01
1.037743568420410156e+00,1.137681961059570312e+00,2.536197055310128734e-01,2.213195966031857864e-01
1.606801301240921021e-01,9.499290585517883301e-01,5.401179836680098933e-01,4.769255584178920815e-01
1.594328761100769043e+00,1.830595493316650391e+00,5.034404626432567031e-01,4.555044680102633969e-01
1.042886734008789062e+01,1.162929534912109375e+01,6.508702442776717056e-01,5.822816774793132533e-01
2.549212217330932617e+00,3.008399486541748047e+00,6.314177585349838306e-01,5.817145441969193698e-01
4.754452109336853027e-01,5.049746632575988770e-01,1.328659873788296530e-01,1.046111256254986799e-01
3.334417104721069336e+00,3.386809587478637695e+00,3.724038412416595945e-01,2.759294148223784271e-01
9.806561470031738281e-01,1.000043272972106934e+00,2.031752524224602618e-01,1.311382793236582356e-01
4.700664877891540527e-01,9.325254559516906738e-01,4.893275670662663446e-01,4.020337014288879462e-01
3.547100722789764404e-01,4.218260943889617920e-01,4.894225229119654186e-01,4.295903381594556869e-01
1.845050007104873657e-01,3.230831027030944824e-01,6.244877588739268237e-01,5.403842278255474030e-01
3.969899415969848633e-01,4.734355509281158447e-01,4.460544330094851073e-03,1.253307054894126082e-03
6.642615050077438354e-02,1.202886402606964111e-01,3.649371241744963079e-01,3.334732490550430528e-01
2.360702753067016602e+00,2.381472587585449219e+00,5.739179050634788393e-01,4.480631706775506373e-01
9.718396067619323730e-01,1.088336348533630371e+00,5.834002496860433151e-01,5.148643814642124283e-01
3.534605741500854492e+00,3.715398788452148438e+00,2.483217812190972040e-01,1.891567154722036403e-01
1.016810983419418335e-01,1.230653822422027588e-01,1.881142519782358358e-02,1.730164302546699506e-02
1.739097833633422852e-01,1.915804892778396606e-01,2.566616003422075853e-01,1.940843429955895760e-01
2.652691125869750977e+00,2.726042032241821289e+00,8.657941077862491008e-02,5.765826954218994382e-02
3.004308223724365234e+00,3.023983240127563477e+00,2.394392243979721613e-01,1.852303962627023237e-01
6.450484991073608398e-01,7.546180486679077148e-01,3.367612469927488972e-01,2.912612482489776444e-01
7.696179151535034180e-01,9.650691151618957520e-01,1.831297849530449939e-02,1.190814337194195938e-02
3.576893508434295654e-01,4.829186797142028809e-01,5.739809203462957754e-01,5.292690115601865752e-01
6.563241481781005859e-01,1.115723609924316406e+00,5.548329317372792113e-01,5.076443212305334907e-01
2.185682296752929688e+00,2.576820373535156250e+00,2.706614226220754871e-02,1.396973620582159237e-02
6.237397193908691406e-01,7.140903472900390625e-01,3.775662296922610572e-04,5.110565507715492117e-05
2.573818564414978027e-01,4.889036417007446289e-01,1.244091037432304425e-02,6.860925202372025744e-03
9.319394111633300781e+00,1.055150413513183594e+01,2.987234329595951365e-01,2.718993380402840998e-01
2.207139581441879272e-01,4.184798300266265869e-01,1.867217212337238808e-01,1.301980347481830891e-01
2.089482098817825317e-01,2.367351651191711426e-01,5.498765163698935421e-01,4.514660452659658429e-01
5.054740309715270996e-01,5.558907985687255859e-01,2.518245131823303451e-01,1.040613411985415460e-01
1.093507051467895508e+00,1.213300466537475586e+00,4.559479058452243772e-01,4.178479435216259086e-01
3.893385231494903564e-01,4.690470695495605469e-01,5.400073721381608571e-01,4.691072447131991452e-01
7.695781588554382324e-01,9.744300842285156250e-01,2.999277054938484510e-01,1.943155630280343771e-01
8.997293710708618164e-01,1.058766126632690430e+00,5.677546809758938773e-01,5.267890670714597823e-01
4.578195512294769287e-01,5.035344958305358887e-01,5.010032355585816166e-01,4.126697198002197142e-01
2.309950888156890869e-01,2.942935824394226074e-01,5.908544685112048223e-01,5.179064055178994597e-01
9.924327135086059570e-01,1.023261666297912598e+00,1.680865406099901760e-02,1.053096075556664291e-02
3.215396776795387268e-02,3.717279434204101562e-02,2.426545007169020884e-01,2.297358773743177762e-01
3.057571351528167725e-01,3.504028916358947754e-01,4.520073849656396359e-01,3.438490634285284453e-01
8.185358643531799316e-01,8.791370987892150879e-01,3.821125176896211229e-01,3.122411499951210367e-01
2.850006818771362305e-01,3.063214123249053955e-01,4.745041482838230906e-01,4.092883060023345676e-01
1.082201194763183594e+01,1.180808353424072266e+01,2.226235903211301048e-01,1.565023449101497488e-01
4.826503992080688477e-01,6.257843971252441406e-01,1.019918475977749095e-01,8.222492073712772687e-02
4.247003078460693359e+00,4.634594440460205078e+00,6.854948250658399189e-02,5.511460512714178028e-02
2.468202412128448486e-01,2.729162871837615967e-01,1.744630670916391679e-02,1.041902312713016698e-02
1.406529843807220459e-01,2.486006915569305420e-01,2.626177732517349095e-01,2.329608225706177316e-01
5.044839382171630859e-01,7.453073263168334961e-01,5.448575958851300527e-01,4.823084412584007774e-01
2.307580113410949707e-01,3.165424466133117676e-01,4.352149740217675089e-01,3.991867041016037287e-01
3.920234441757202148e-01,4.523525536060333252e-01,4.167600002938565140e-01,3.242773957649461858e-01
1.946545481681823730e+00,1.993498444557189941e+00,2.441547501110452045e-01,2.100867933707286084e-01
3.265582919120788574e-01,4.123230278491973877e-01,1.570053511940668334e-01,1.265275163862876195e-01
2.177722007036209106e-01,3.260654211044311523e-01,1.233167868926073885e-01,9.568843376502700337e-02
5.229285240173339844e+00,5.254149913787841797e+00,6.634175233083390300e-01,5.738075852136794719e-01
5.147783756256103516e-01,6.988469362258911133e-01,3.383839561072259361e-01,2.510935368398720113e-01
2.633002400398254395e-01,9.371869564056396484e-01,4.923072624328344582e-01,4.508732050538638569e-01
1.368903875350952148e+00,1.868764758110046387e+00,4.345691093372077707e-01,3.465579871579878013e-01
1.594927757978439331e-01,2.253715395927429199e-01,3.126252586846267612e-02,1.972824563127340003e-02
4.623764157295227051e-01,4.900777041912078857e-01,4.539170009119301574e-01,3.717432014129585238e-01
7.919992804527282715e-01,1.294302225112915039e+00,3.998966189752605205e-01,3.507165831708851655e-01
1.103597998619079590e+00,1.361595273017883301e+00,3.532163280376453551e-01,3.234733751656164169e-01
4.130096733570098877e-01,4.597086608409881592e-01,9.343355872305503240e-04,3.438404301170372435e-04
3.725520670413970947e-01,3.948090672492980957e-01,2.797334164809928136e-03,9.462030257684772572e-04
1.397848010063171387e+00,1.478140711784362793e+00,3.920063501699455610e-01,2.410258311397083242e-01
2.685920000076293945e-01,5.629087090492248535e-01,5.402789112833198404e-01,4.974769430715972884e-01
2.840021252632141113e-01,3.431557416915893555e-01,4.146315978708400296e-01,3.276536508764519295e-01
6.418851613998413086e-01,6.692470908164978027e-01,8.080116478547610948e-02,5.705441103014508020e-02
1.545285820960998535e+00,1.566583991050720215e+00,5.633813846796937863e-01,4.961492781815006192e-01
6.975376605987548828e-01,1.033268809318542480e+00,6.324500326155831909e-01,4.798288888995223544e-01
4.836605191230773926e-01,5.290585756301879883e-01,6.512956363482156341e-01,5.264392599210745427e-01
4.454064071178436279e-01,5.027865767478942871e-01,1.020460532995862146e-01,5.922687529755776836e-02
2.393200635910034180e+00,3.096987724304199219e+00,4.390278502174094211e-01,3.778686212775753117e-01
2.968850731849670410e-01,3.334799408912658691e-01,1.028084254473491943e-01,7.637089541427566353e-02
9.854670166969299316e-01,1.381661057472229004e+00,2.823532834971873573e-01,2.391325865363779224e-01
4.526594877243041992e-01,4.771555662155151367e-01,1.149958752586883737e-01,8.135372538659224606e-02
7.417030334472656250e-01,7.815566062927246094e-01,2.388436964854166455e-01,2.057226336811204814e-01
5.260870456695556641e-01,5.999535322189331055e-01,3.462912412112414962e-01,2.917608215302681107e-01
1.021153256297111511e-01,5.048362016677856445e-01,1.376488674110332155e-03,5.473564659447260894e-04
6.935343742370605469e-01,8.844548463821411133e-01,4.301399703913631467e-01,3.712538693375735388e-01
1.914770454168319702e-01,2.176814526319503784e-01,4.883807324906941916e-01,2.857985573359702602e-01
2.462297439575195312e+00,2.559018850326538086e+00,3.016695547823223800e-01,2.557368894273735482e-01
8.759174942970275879e-01,9.480178952217102051e-01,3.059060351480982209e-01,2.359296444204778131e-01
3.603601455688476562e-01,3.714160323143005371e-01,2.813515862297544246e-01,2.031510390964095802e-01
2.570083141326904297e-01,3.901902437210083008e-01,5.574144217075234220e-01,3.606548344648808913e-01
1.747949123382568359e+00,1.756742477416992188e+00,3.252647637311846252e-01,2.466489923556416386e-01
1.424260139465332031e+00,1.475356221199035645e+00,2.295577065287425222e-01,1.841489220163688434e-01
1.211190670728683472e-01,1.526111960411071777e-01,5.093719589024024996e-01,4.480431655159071713e-01
4.468205928802490234e+00,5.028744697570800781e+00,5.686863860321578201e-02,4.151162920222983832e-02
6.222779154777526855e-01,7.284991741180419922e-01,2.568357193650767645e-01,2.089401132943727313e-01
1.503657400608062744e-01,2.492824792861938477e-01,1.544592887593893016e-02,7.446622564405258604e-03
1.857129812240600586e+00,2.032615900039672852e+00,1.866833584672406010e-02,9.129571908405020864e-03
6.177507042884826660e-01,8.294269442558288574e-01,3.417080925422665283e-01,2.776063855284449655e-01
9.173460006713867188e-01,1.047002077102661133e+00,6.157211277124118309e-01,5.752458259154215048e-01
4.186893999576568604e-01,5.933462381362915039e-01,3.505319384366197832e-01,2.621697187063323220e-01
3.121958673000335693e-01,5.369098782539367676e-01,4.714467062087679960e-01,3.544255462392033040e-01
7.112222671508789062e+00,8.070522308349609375e+00,4.739518191491542964e-03,1.684933393930942991e-03
9.633905291557312012e-01,9.960810542106628418e-01,6.267542648759846236e-01,4.963730004757057057e-01
3.113406002521514893e-01,3.545138537883758545e-01,3.808077054621645807e-01,2.970637551739088722e-01
8.124753832817077637e-01,1.197536706924438477e+00,3.219213676912698885e-01,2.284245929047044044e-01
2.889137029647827148e+00,3.264840364456176758e+00,2.466943626784887100e-01,2.107433970855928651e-01
5.646619200706481934e-01,6.410400271415710449e-01,3.162072452367634678e-01,2.434688302613913224e-01
3.069126009941101074e-01,3.515473902225494385e-01,1.243407620532314684e-01,1.128357425660822533e-01
4.597979784011840820e-01,7.035635709762573242e-01,4.171798463909076604e-02,2.735324811094819175e-02
1.951256692409515381e-01,5.303361415863037109e-01,5.215916330345375940e-01,4.249780663063511543e-01
1.230475082993507385e-01,3.985607922077178955e-01,4.184038408446070778e-01,3.713391429299234270e-01
1.397247791290283203e+00,1.619367241859436035e+00,5.751658688516859685e-01,4.824061384441955536e-01
1.414554834365844727e+00,1.665128231048583984e+00,5.067075018290655430e-01,4.237971993564758622e-01
1.522731423377990723e+00,1.597147583961486816e+00,5.469787643286284640e-01,4.373235928693102181e-01
4.440191388130187988e-01,6.230056285858154297e-01,8.626784529794928602e-04,8.337635279879185290e-04
4.382150471210479736e-01,9.003494977951049805e-01,5.499692853567578199e-01,4.446790856560393079e-01
2.866824626922607422e+00,3.287700414657592773e+00,1.132055082808891555e-03,3.938655675499447284e-04
3.546991944313049316e-01,3.740145266056060791e-01,7.777457904249440723e-04,3.410518309279741977e-04
1.443745195865631104e-01,1.986442804336547852e-01,4.582365247012453735e-01,3.887939537207075191e-01
2.110707163810729980e-01,3.415288627147674561e-01,2.058594214945504430e-01,1.903333816202671391e-01
6.627704501152038574e-01,8.700474500656127930e-01,1.800745870683401195e-02,9.857282474400874683e-03
3.563041985034942627e-01,5.353884100914001465e-01,1.727787497412610618e-01,1.440623951018510374e-01
4.657432436943054199e-01,5.143447518348693848e-01,1.953412781407230514e-01,1.536999503514910881e-01
1.626194268465042114e-01,1.962260603904724121e-01,2.103548002279397311e-01,1.663514586504548087e-01
1.106755495071411133e+00,1.153355240821838379e+00,2.958390445984248052e-01,2.015977362381516924e-01
4.617317914962768555e-01,4.902296066284179688e-01,4.305506091657684831e-02,4.061270859998528104e-02
6.842672079801559448e-02,1.149492338299751282e-01,3.923410421544827331e-01,3.467298733248042053e-01
1.675677776336669922e+00,2.648286342620849609e+00,1.652081223701282742e-01,1.381921694203500084e-01
8.252459764480590820e-02,8.941255509853363037e-02,7.171998077570105323e-01,5.940529847055092683e-01
2.988135218620300293e-01,3.190332651138305664e-01,3.584521568714408857e-01,2.984902055864430137e-01
7.371366620063781738e-01,1.424259662628173828e+00,2.442929341495370110e-03,1.095800221861953361e-03
8.021238446235656738e-02,5.663967132568359375e-01,3.756565835450240698e-01,3.100609660322194427e-01
1.002085208892822266e-01,2.011971771717071533e-01,5.269874915306014262e-01,4.095250935828131933e-01
2.349179238080978394e-01,2.949719727039337158e-01,6.260053668201616128e-01,5.179148659664963850e-01
7.791276574134826660e-01,8.172513842582702637e-01,5.727922322688595580e-01,5.133641155903921893e-01
1.214522480964660645e+00,1.582529306411743164e+00,4.688809645682154859e-01,4.017708525519390617e-01
1.360024690628051758e+00,1.415393233299255371e+00,2.171895943511675808e-01,1.751506196462981890e-01
2.891687452793121338e-01,3.673155307769775391e-01,2.233341897946313215e-01,1.994655891350305410e-01
4.870828092098236084e-01,6.796877384185791016e-01,1.209986220585893557e-01,1.057945301807318161e-01
6.676073670387268066e-01,6.957975029945373535e-01,5.992913085018962693e-01,4.693838472603770740e-01
2.355860322713851929e-01,2.898111641407012939e-01,3.103861905193493476e-01,2.367043517532431696e-01
1.375923156738281250e+00,1.398459434509277344e+00,1.899343431556837491e-01,1.774388116331693799e-01
4.363164007663726807e-01,5.017096996307373047e-01,2.685129270488489928e-01,1.727485732422420206e-01
3.569986224174499512e-01,7.071400284767150879e-01,3.676839507471694191e-01,2.503198207850128032e-01
1.637480258941650391e+00,2.023312091827392578e+00,1.262525812498720978e-01,1.063023447643952069e-01
3.652935981750488281e+00,4.002348899841308594e+00,4.503829046484680854e-01,3.942755797149134489e-01
1.964741945266723633e-01,3.372810482978820801e-01,4.325899724504732036e-01,3.908588698481427759e-01
1.053759098052978516e+00,1.331239223480224609e+00,2.370102628323637051e-01,2.166085249359436249e-01
1.396254777908325195e+00,1.498364686965942383e+00,3.231628266005326933e-01,2.611479617566370148e-01
3.725466728210449219e-01,3.953982889652252197e-01,3.445744450403599446e-01,2.558383738237834937e-01
1.370054036378860474e-01,1.947186291217803955e-01,5.886337908043028921e-01,4.918389966149836479e-01
1.421536326408386230e+00,1.641060829162597656e+00,4.570662427314375886e-01,3.783966628316821068e-01
9.175434708595275879e-01,9.976952672004699707e-01,5.134329458415648473e-01,4.289481735201410850e-01
1.802958548069000244e-01,2.265912890434265137e-01,4.955546149784794685e-01,3.882778006184968711e-01
3.138463258743286133e+00,3.559442996978759766e+00,3.771111431852722240e-01,3.346107235697980409e-01
1.441248655319213867e-01,1.619265675544738770e-01,2.974208388854748808e-01,2.244441737692438599e-01
6.195306777954101562e-02,9.674294292926788330e-02,1.501258148374412515e-02,1.113037319223231236e-02
5.012862086296081543e-01,6.261405944824218750e-01,6.451668773444978466e-01,5.790345144926312138e-01
4.108689785003662109e+00,5.062528133392333984e+00,6.482047001844941647e-01,5.573465242508447437e-01
4.605658352375030518e-01,1.066538453102111816e+00,4.794110467914202145e-01,4.216897367007654829e-01
5.635787844657897949e-01,8.488409519195556641e-01,4.891739041231946139e-02,2.718799901895396776e-02
1.046013712882995605e+00,1.265213012695312500e+00,1.700329035954375456e-01,1.478219632652412741e-01
7.080600261688232422e-01,8.456722497940063477e-01,1.532461220263016122e-01,6.600179205273881688e-02
1.043671965599060059e+00,1.170703530311584473e+00,1.811626618243578069e-03,8.568789242029417608e-04
2.119837999343872070e+00,2.369646072387695312e+00,2.354386213792455385e-01,1.705986120964396169e-01
7.213178873062133789e-01,7.677900195121765137e-01,4.974008741199201222e-01,4.390951469471197077e-01
1.043277144432067871e+00,1.126374959945678711e+00,5.207645092507487972e-01,4.491750509439058625e-01
1.897838562726974487e-01,2.234909683465957642e-01,1.807580978360907031e-01,1.351960496244921650e-01
2.392465770244598389e-01,3.279965221881866455e-01,3.544190294580381595e-01,2.760791801419085756e-01
1.513158977031707764e-01,2.410453557968139648e-01,5.740300652144318949e-01,4.413097008893283602e-01
1.024092674255371094e+00,1.477322220802307129e+00,3.111450774830401556e-01,2.575389173139093213e-01
1.092437076568603516e+01,1.140465450286865234e+01,4.434956199951655131e-01,3.477598922252369551e-01
1.549426913261413574e+00,1.693588614463806152e+00,4.981897659670175837e-01,3.942459591116048712e-01
8.840288162231445312e+00,8.998377799987792969e+00,2.800831395785410294e-01,2.153468564471966440e-01
4.332383573055267334e-01,5.325958728790283203e-01,4.447234543586743305e-01,3.892147180879074186e-01
9.051212668418884277e-01,1.198961257934570312e+00,3.430789889643401924e-01,2.852478663769658640e-01
1.631248742341995239e-01,6.569803953170776367e-01,2.485581510488901191e-01,1.695897323655081168e-01
2.487275600433349609e-01,7.264239788055419922e-01,1.027914200280583001e-01,8.847121074735625479e-02
3.617955744266510010e-01,4.073312878608703613e-01,1.944369147312486890e-01,1.425967835528442751e-01
2.404145598411560059e-01,3.616803288459777832e-01,3.886629003576974606e-01,2.469365631971450203e-01
1.698071062564849854e-01,1.453158020973205566e+00,3.494439375844620166e-01,2.768011285631410412e-01
3.261182069778442383e+00,3.291576862335205078e+00,4.398008657565121160e-01,3.799932159169468471e-01
3.922239542007446289e-01,6.223272681236267090e-01,4.712594246469498094e-01,4.490979326873235089e-01
1.441084742546081543e-01,1.841101348400115967e-01,1.126719883322507831e-02,6.403107288570630828e-03
1.775529384613037109e+00,1.972593188285827637e+00,1.512581905000442428e-01,1.029489021953699512e-01
1.711031079292297363e+00,2.050242424011230469e+00,4.059265840212158416e-01,2.676492055978826334e-01
5.046318173408508301e-01,9.119706153869628906e-01,6.048067591474333149e-01,4.653811806491520708e-01
2.242214977741241455e-01,3.651604056358337402e-01,4.599538140723957169e-01,4.030251516148504187e-01
4.533076584339141846e-01,6.683797836303710938e-01,5.827710285213707486e-01,5.105216659793851974e-01
1.076070964336395264e-01,5.402039289474487305e-01,1.937734317366969772e-01,1.427135351843859534e-01
1.087022900581359863e+00,1.268236041069030762e+00,3.730663888977530096e-01,2.954514660999073561e-01
3.012658357620239258e-01,5.024945735931396484e-01,3.510154150399236173e-01,2.902508262815822748e-01
2.037647962570190430e+00,2.281882762908935547e+00,1.618812887610608930e-01,1.406000812376173026e-01
9.462931007146835327e-02,1.246687322854995728e-01,1.114850407756169393e-01,7.511465936863265247e-02
5.684522390365600586e-01,5.826745033264160156e-01,4.733831588044471461e-01,3.999904514165980030e-01
1.121283173561096191e+00,1.593314647674560547e+00,1.576403316765326301e-01,1.351982621750771330e-01
6.784659028053283691e-01,7.356531620025634766e-01,4.584678165499400104e-01,4.254386013010017509e-01
7.553471922874450684e-01,8.660805225372314453e-01,2.153969208875161634e-02,1.328462035271155139e-02
2.910862565040588379e-01,5.045701861381530762e-01,4.959885457022211175e-01,4.137858612831053495e-01
9.855455756187438965e-01,1.109358429908752441e+00,3.898657085786936261e-01,3.205532586383989524e-01
4.579448699951171875e-01,5.709989070892333984e-01,5.966608234354980889e-02,3.527369661236740006e-02
2.186906814575195312e+00,2.491629838943481445e+00,3.950183633265761940e-01,3.053229618138496582e-01
1.361624896526336670e-01,1.635971963405609131e-01,3.492730086004406376e-01,2.821051503261498006e-01
5.422100424766540527e-01,6.079305410385131836e-01,1.744810254922434245e-01,1.373965017868345462e-01
4.523026049137115479e-01,6.609588265419006348e-01,4.902711309771758397e-01,4.247602768119395633e-01
5.718956589698791504e-01,8.122677803039550781e-01,3.364126853449499466e-01,2.501629132364721064e-01
5.095682621002197266e+00,5.733904361724853516e+00,1.389482312504999317e-01,1.187428683149245878e-01
6.099905371665954590e-01,6.869366168975830078e-01,4.692622294434358743e-01,3.863938030272230928e-01
3.155521750450134277e-01,3.681750297546386719e-01,2.415940848246651007e-01,1.880869276539692270e-01
1.205041408538818359e-01,1.743607372045516968e-01,6.366052158492319091e-01,5.606716956709839605e-01
1.653437495231628418e+00,2.314961433410644531e+00,6.280986630463333276e-01,5.170083512213249355e-01
3.289448618888854980e-01,3.753266334533691406e-01,2.240869304395231021e-01,1.755891193181469134e-01
3.307318985462188721e-01,6.816167831420898438e-01,1.937790981145739999e-01,1.212795794792208004e-01
6.566715240478515625e-01,9.606989622116088867e-01,2.745326047306176909e-01,2.455327005739834645e-01
1.260168075561523438e+00,1.605264902114868164e+00,4.907912585036990905e-01,4.101210862722314276e-01
1.653199791908264160e-01,4.539221823215484619e-01,2.652870581840406361e-01,2.346340935246489234e-01
3.675487637519836426e-01,8.544857501983642578e-01,2.923809385766418245e-04,1.057847254793964353e-04
3.299561142921447754e-01,3.719983696937561035e-01,5.863369807134855005e-02,4.005895361953487610e-02
8.363103270530700684e-01,9.756540060043334961e-01,3.717956062066981038e-01,2.951272927816060987e-01
6.709342479705810547e+00,7.323732376098632812e+00,5.541778392974818779e-01,5.001217048964964329e-01
7.201495170593261719e-01,8.771904110908508301e-01,4.318109743052689353e-03,2.132377641265892354e-03
1.954188942909240723e+00,1.979541420936584473e+00,2.480901807162495532e-01,1.780988651316109950e-01
5.169202089309692383e-01,5.857823491096496582e-01,4.981850908978840420e-01,4.406080106837508836e-01
3.535040915012359619e-01,3.858695626258850098e-01,3.702783364713252423e-01,3.352110463604429658e-01
4.187906980514526367e-01,4.671079516410827637e-01,1.088313183240224302e-01,8.562750984789058162e-02
1.162047311663627625e-01,4.824942946434020996e-01,4.438404056749175597e-01,3.632912741187744321e-01
8.260788917541503906e-01,1.078946352005004883e+00,2.982529675713587736e-01,2.089463203225850330e-01
1.054282188415527344e+00,1.134434580802917480e+00,5.611513203606907085e-01,3.817676708009937192e-01
4.589198529720306396e-01,4.767619371414184570e-01,1.311483384173556255e-02,7.680127478118470297e-03
1.650323271751403809e-01,2.701526880264282227e-01,5.372115354849726909e-01,4.919901549390988116e-01
2.708917558193206787e-01,3.133380711078643799e-01,2.884781352460350501e-01,2.430635429448224083e-01
1.666050106287002563e-01,1.957750767469406128e-01,1.752001204673210855e-01,1.307195954508533764e-01
3.245674073696136475e-01,3.879236578941345215e-01,5.051621884201761281e-01,3.873496597817713272e-01
5.823644995689392090e-01,7.653685808181762695e-01,5.535475289564367740e-02,3.782650690180544562e-02
3.661736488342285156e+00,4.407269477844238281e+00,1.891185388291916070e-07,6.200170898917889417e-08
9.429353475570678711e-01,1.179464340209960938e+00,3.545854468831823869e-01,3.272289615210501879e-01
3.408589661121368408e-01,3.520739376544952393e-01,4.051970902439057665e-01,3.530859343640233572e-01
3.554369509220123291e-01,4.050055146217346191e-01,1.560571983015576758e-01,1.250538885465805605e-01
3.590243816375732422e+00,4.170692920684814453e+00,2.975693499590351676e-01,2.378275372132273580e-01
3.945126384496688843e-02,1.094519793987274170e-01,2.883754132005061921e-01,1.976670713197798412e-01
1.766776889562606812e-01,1.957126557826995850e-01,1.849650366070305085e-01,1.483999566399658576e-01
6.694747209548950195e-01,7.743939161300659180e-01,3.579701297691056938e-01,3.253114616821027871e-01
3.848786950111389160e-01,5.183044672012329102e-01,1.621141901013700704e-04,4.610106873415009687e-05
5.616613626480102539e-01,6.560055613517761230e-01,6.074337283889508221e-04,1.722252545748870212e-04
1.877097010612487793e+00,2.319608449935913086e+00,6.465559595428675976e-01,6.133815515108483885e-01
2.096582889556884766e+00,2.447085857391357422e+00,8.198272946463025512e-03,4.767334921808752402e-03
1.275696396827697754e+00,1.427395820617675781e+00,7.767438638141105356e-02,6.697448874403760799e-02
8.140184879302978516e-01,1.016795992851257324e+00,2.990548266009009915e-01,1.763909434188802861e-01
1.576034307479858398e+00,1.804527044296264648e+00,3.046947988024384379e-01,2.455143788580402830e-01
2.107375115156173706e-01,2.288070768117904663e-01,6.471151385717669458e-01,5.883204024149486511e-01
8.511225581169128418e-01,1.033247947692871094e+00,1.900388870467946689e-01,1.371166221577566624e-01
1.129730194807052612e-01,1.624288409948348999e-01,3.406410635128621078e-01,2.081354964229119586e-01
8.270362019538879395e-02,3.072057068347930908e-01,5.722052882814310237e-01,5.030864749151675586e-01
3.148982286453247070e+00,3.575513839721679688e+00,6.210731537835023630e-01,5.394434362634151769e-01
6.219571232795715332e-01,7.165253162384033203e-01,3.411847813630846105e-01,2.799225314104409890e-01
1.666116952896118164e+00,1.717709779739379883e+00,1.357224790306282847e-02,6.338373176067779724e-03
9.027360677719116211e-01,1.009588718414306641e+00,6.005981782390851231e-02,3.152940105387080916e-02
2.577616870403289795e-01,3.149871230125427246e-01,4.688219309745624841e-01,4.055852837983672798e-01
3.676495850086212158e-01,4.311434328556060791e-01,4.350888668934143055e-01,3.647712416266328250e-01
1.478901952505111694e-01,1.368551969528198242e+00,7.267772042382170117e-02,6.847252106012685635e-02
5.456008911132812500e-01,6.564677357673645020e-01,1.304513818437285089e-01,9.088786349174376999e-02
2.742739915847778320e-01,2.983969748020172119e-01,3.303296709651777352e-01,2.915855292728785075e-01
3.382779955863952637e-01,4.684598445892333984e-01,5.556401439377566254e-01,4.463733253675710722e-01
4.022386550903320312e+00,4.294209480285644531e+00,6.024624482633150757e-01,4.576126285856069731e-01
1.702498942613601685e-01,3.841977715492248535e-01,6.028682294047429391e-01,5.719976220399893840e-01
1.174285411834716797e+00,1.385181665420532227e+00,5.176026757598568562e-01,4.612074144417854793e-01
1.698023319244384766e+00,2.052267551422119141e+00,3.474929889675625327e-01,2.981575808358516433e-01
4.169951975345611572e-01,4.519439041614532471e-01,7.198406462810325035e-02,4.276822208402880632e-02
4.680643379688262939e-01,5.513459444046020508e-01,6.971759056599901028e-01,6.286440993697068880e-01
4.889465808868408203e+00,5.413576126098632812e+00,2.225752345777929353e-01,1.180776539088536081e-01
9.201653599739074707e-01,1.190519571304321289e+00,4.495551824244471417e-01,4.016795923338228325e-01
5.631489753723144531e-01,8.954952955245971680e-01,5.228702450166367033e-02,2.920357152704405879e-02
9.994547963142395020e-01,1.083800911903381348e+00,4.571695434789692092e-01,3.743581886475273457e-01
9.419475197792053223e-01,1.221817731857299805e+00,7.622228437255257338e-02,5.010862225474499443e-02
5.054225921630859375e+00,5.698186874389648438e+00,9.242204604999182393e-02,4.705741127528811907e-02
2.318668365478515625e+00,2.373906850814819336e+00,5.288088764528606767e-01,4.522289666427987687e-01
1.370849251747131348e+00,2.762681961059570312e+00,5.437227647844569134e-01,4.529514785965176871e-01
1.215103030204772949e+00,1.479530334472656250e+00,3.118648967275705619e-02,1.932080785093120978e-02
2.240110188722610474e-01,2.806122899055480957e-01,3.830273078144002530e-01,2.535061508528675400e-01
2.094557523727416992e+00,2.324143409729003906e+00,6.039587606492192728e-01,4.532561216628679945e-01
5.367860794067382812e+00,6.146447181701660156e+00,2.977450067890963226e-03,1.429144654835512451e-03
4.817048072814941406e+00,5.462841987609863281e+00,3.936958500035592223e-01,3.024938126570227981e-01
5.290781259536743164e-01,5.903689265251159668e-01,6.615599195630172957e-01,6.259369753033299233e-01
4.784905612468719482e-01,7.302055358886718750e-01,2.197267231686654831e-01,1.655928790784534921e-01
6.942752003669738770e-01,8.334083557128906250e-01,2.333411852486427240e-01,1.749043549145327114e-01
2.452816367149353027e-01,4.748047590255737305e-01,5.391334439351801455e-01,4.569902664681670945e-01
2.202895641326904297e+00,2.316957235336303711e+00,5.517074081803290397e-01,4.688025016095842545e-01
4.443697333335876465e-01,5.279988050460815430e-01,3.017918734368685296e-03,1.211445017728129958e-03
5.137155652046203613e-01,8.592098951339721680e-01,1.008697208356190700e-02,4.882975393300792444e-03
2.333135455846786499e-01,3.252333104610443115e-01,4.731246268611858374e-01,3.923958120400815597e-01
1.144558238983154297e+01,1.281826305389404297e+01,5.072462419744400153e-01,3.912545309600981569e-01
4.770866036415100098e-01,5.837956070899963379e-01,4.738379863198395325e-01,4.400544944312475004e-01
9.144068360328674316e-01,1.215468168258666992e+00,5.881477952888081173e-01,5.616261731127282220e-01
2.135906070470809937e-01,2.316943258047103882e-01,2.872653211916654237e-01,2.173550088353100040e-01
4.486237525939941406e+00,4.583908081054687500e+00,1.629168651150191272e-01,1.152457120130530588e-01
3.475562334060668945e-01,5.747350454330444336e-01,3.816104412638648968e-01,3.296815564233968598e-01
4.717346131801605225e-01,9.109816551208496094e-01,5.399757381579084470e-01,4.648822926370279607e-01
1.208063736557960510e-01,1.376847177743911743e-01,1.215241007445125310e-01,8.789971260664714015e-02
3.185918569564819336e+00,3.680685997009277344e+00,5.730246926794315687e-01,4.733541080303400039e-01
1.690811395645141602e+00,1.929014921188354492e+00,3.067287020383058227e-01,2.252988771039008409e-01
4.179983735084533691e-01,5.821895599365234375e-01,2.093887322789267924e-01,1.277472051235965522e-01
1.201150864362716675e-01,1.973653137683868408e-01,4.607664868753879595e-01,4.028107724980051207e-01
6.103461980819702148e-01,6.805100440979003906e-01,5.944437072870694116e-01,4.847854478405605461e-01
2.050523161888122559e-01,5.096637010574340820e-01,2.994386726866506976e-01,2.359444474577407913e-01
2.995851337909698486e-01,3.666352033615112305e-01,4.707918387251855963e-01,3.762282240294911873e-01
1.748797655105590820e+00,1.998049974441528320e+00,4.574786639713701586e-01,4.169092793669668118e-01
1.873980998992919922e+00,1.973736047744750977e+00,3.638307734222414602e-01,3.059642923007634963e-01
1.420217007398605347e-01,1.670397669076919556e-01,1.113050122198436243e-01,8.508113309016424042e-02
1.972143203020095825e-01,2.961600422859191895e-01,4.595828249673242771e-01,4.166113999263701961e-01
2.896902561187744141e-01,5.082156062126159668e-01,1.728563586167397026e-01,1.366119728339725836e-01
2.668795287609100342e-01,6.913225650787353516e-01,3.132934478879920714e-01,2.737022705468327155e-01
2.537067413330078125e+00,2.803432464599609375e+00,1.423087691812527922e-01,9.029582043679645897e-02
3.440617024898529053e-01,3.943166434764862061e-01,5.185056340240226103e-01,4.000114634496002020e-01
1.182077527046203613e-01,1.364340782165527344e-01,4.961485686816956009e-01,4.474529589747025526e-01
4.271876513957977295e-01,8.728641271591186523e-01,4.819082051978685333e-01,4.305944115716336951e-01
5.721228942275047302e-02,2.847403883934020996e-01,6.152933808012392980e-01,5.336992652517253966e-01
2.695208191871643066e-01,7.504924535751342773e-01,7.925891384093164405e-03,4.068998219448727305e-03
6.151112556457519531e+00,6.888308048248291016e+00,2.947830101402458269e-01,2.336685927444726585e-01
4.907981395721435547e+00,5.916121959686279297e+00,5.689670274381652959e-01,5.083679831240234259e-01
7.382197976112365723e-01,8.083942532539367676e-01,2.800922282261945062e-01,2.084318201035147977e-01
1.171430051326751709e-01,1.734037697315216064e-01,1.927549036513627745e-01,1.351210342276425447e-01
1.192642569541931152e+00,1.413462162017822266e+00,3.298087319285980534e-02,2.073490586706433492e-02
9.927701354026794434e-01,1.155084848403930664e+00,9.874756560845909803e-04,2.961408937084408777e-04
3.530590057373046875e+00,3.691126823425292969e+00,4.731673125537078084e-01,3.806380257089703179e-01
3.461713492870330811e-01,4.013874530792236328e-01,4.237099408765687691e-01,3.591817170503345813e-01
3.805790245532989502e-01,5.583268404006958008e-01,3.349671015834473353e-01,2.235541130063001813e-01
1.226203560829162598e+00,1.403391361236572266e+00,3.451618005535274092e-01,2.120174414376574945e-01
7.899394631385803223e-01,8.893494606018066406e-01,5.610674164292716037e-01,4.283911762384775002e-01
7.998039126396179199e-01,1.392189979553222656e+00,4.169506907236825155e-01,3.576438505528419798e-01
3.857183158397674561e-01,4.188340008258819580e-01,3.477195306818774423e-01,2.803415801417451503e-01
1.043058782815933228e-01,1.647663265466690063e-01,2.993277529865279174e-02,1.974232256102798067e-02
1.442324042320251465e+00,1.636041998863220215e+00,4.752280358545258876e-01,4.352601642881680499e-01
3.846999108791351318e-01,7.070548534393310547e-01,4.363988579156069525e-02,2.563712065422457664e-02
2.458167672157287598e-01,2.840148210525512695e-01,4.134726390165365251e-01,3.373498133760831630e-01
1.551061630249023438e+00,1.780806422233581543e+00,5.492532794526500117e-02,2.831328595255344638e-02
9.258668422698974609e-01,1.443878173828125000e+00,2.214624868054847484e-01,1.308842264027536562e-01
1.693347245454788208e-01,3.293096423149108887e-01,4.203621900159763558e-01,3.470485501829223551e-01
1.355851531028747559e+00,1.449834346771240234e+00,3.286508045097434882e-01,2.686224901035948465e-01
5.317732691764831543e-01,7.667218446731567383e-01,7.782462322632560658e-02,4.011933625229685552e-02
2.712777629494667053e-02,3.733814060688018799e-01,1.790477278379670745e-01,1.271555711336875838e-01
2.432126253843307495e-01,5.113751292228698730e-01,5.282637763188076097e-01,3.574430871553190281e-01
2.234479337930679321e-01,2.481469511985778809e-01,4.089042811099104502e-01,3.294298178203374783e-01
3.191427290439605713e-01,3.542560935020446777e-01,2.901180337828790368e-01,2.505953533032463376e-01
3.220641613006591797e-01,4.312787055969238281e-01,4.685887331660226196e-01,3.911215459556220964e-01
1.405460119247436523e+00,1.456202268600463867e+00,4.601706811959152543e-01,3.682248863764090441e-01
5.563763976097106934e-01,7.479876279830932617e-01,5.084007986366857468e-01,4.394577235112361313e-01
1.125247097015380859e+01,1.265083980560302734e+01,4.805456686963225921e-01,3.755735282667602704e-01
1.687010079622268677e-01,1.880410015583038330e-01,5.345525059090492359e-01,4.719120959420116668e-01
1.991844028234481812e-01,2.343958616256713867e-01,5.471049840898928318e-01,4.747576412510884913e-01
2.812398374080657959e-01,3.468590974807739258e-01,3.483343274239300014e-01,2.517154720251905120e-01
2.146014690399169922e+00,2.423566102981567383e+00,1.396853872200881641e-02,8.280126508972696087e-03
1.510844975709915161e-01,2.067146450281143188e-01,5.557909200451029985e-01,4.837349922419963422e-01
2.946040928363800049e-01,3.292342424392700195e-01,5.021090183755095859e-01,4.283091156461864557e-01
7.697449684143066406e+00,8.799438476562500000e+00,5.470183313284623372e-01,5.053822012042962220e-01
5.453914403915405273e-01,5.957524180412292480e-01,7.043977106284005085e-02,5.689217377889582705e-02
3.282388746738433838e-01,4.005470871925354004e-01,2.824194160498194606e-02,1.791751529033958068e-02
5.397871732711791992e-01,7.068674564361572266e-01,4.552808208671132451e-01,3.954563647350962663e-01
2.429035186767578125e+00,2.646186113357543945e+00,3.798695611658398086e-01,3.156804112294433473e-01
6.092885136604309082e-01,6.663094162940979004e-01,5.040312902368337955e-02,3.997236055571190549e-02
5.595057606697082520e-01,7.090269327163696289e-01,6.631621484117153908e-01,5.692362053971271596e-01
3.156031966209411621e-01,3.746847510337829590e-01,3.244071136723890580e-01,2.583937900386702458e-01
2.863068580627441406e+00,3.251399278640747070e+00,2.158483318557833930e-01,1.713575912926477152e-01
6.372138977050781250e+00,7.322814941406250000e+00,3.135118713281733749e-01,2.324247045105772291e-01
1.197977542877197266e+00,1.319382905960083008e+00,3.450379339339530449e-01,2.671588480516992603e-01
1.272075176239013672e-01,3.173508346080780029e-01,2.676395283821885185e-01,2.114292048685343373e-01
8.106703758239746094e+00,9.275267601013183594e+00,1.695684372241293425e-01,1.294876678071863463e-01
3.194372355937957764e-01,4.968407750129699707e-01,4.729680714013899112e-01,4.116049520027360020e-01
3.483398199081420898e+00,3.495164871215820312e+00,2.812448832997027637e-01,2.296385625670659403e-01
7.553249597549438477e-01,8.567148447036743164e-01,3.985262124790093785e-01,3.195218208386307879e-01
7.778562903404235840e-01,9.089370965957641602e-01,6.600217762733426863e-01,5.202143816493900452e-01
2.934012651443481445e+00,3.035207033157348633e+00,6.686692019670479326e-01,4.906222739906538344e-01
1.797856688499450684e+00,2.020042896270751953e+00,2.757780511588788785e-01,2.473815299016539071e-01
1.235271096229553223e-01,1.527736932039260864e-01,5.456496539809222446e-01,4.068641450504767998e-01
8.029038310050964355e-01,1.128440856933593750e+00,3.924404228708555653e-02,2.902098407374714695e-02
3.245564997196197510e-01,5.413529872894287109e-01,1.996646124326253990e-01,1.401051394167212583e-01
1.362529635429382324e+00,2.100222110748291016e+00,4.377299334227258143e-04,1.817840342223653316e-04
1.581708490848541260e-01,1.744432151317596436e-01,6.054318142607330033e-01,4.574863574474706263e-01
5.335549831390380859e+00,5.916000366210937500e+00,3.123379495390828375e-01,2.697861316688806577e-01
3.819846212863922119e-01,6.022264957427978516e-01,4.364486793110481377e-01,2.994127914897182774e-01
7.342500090599060059e-01,8.136950731277465820e-01,2.407483573693611767e-01,1.911458865470391233e-01
1.467447519302368164e+00,1.841353893280029297e+00,3.675906202965910641e-01,3.078219280688482273e-01
1.224860772490501404e-01,1.347395181655883789e-01,2.149160990371382640e-01,1.800734001782006710e-01
4.944530725479125977e-01,5.161946415901184082e-01,4.554043381674411362e-01,3.620373922991111937e-01
2.136646211147308350e-01,2.942872047424316406e-01,1.105360045422374982e-01,9.743156541502517864e-02
2.953115701675415039e+00,2.968868494033813477e+00,1.092934484204490797e-01,8.509970866446564530e-02
6.093518137931823730e-01,6.428222060203552246e-01,5.252787219458903145e-01,4.149503581843852484e-01
2.359071493148803711e+00,2.776680946350097656e+00,9.207521665916523768e-02,6.444157588053189833e-02
2.140450030565261841e-01,3.337466418743133545e-01,8.958495101715402420e-02,4.218340086748945117e-02
1.903667092323303223e+00,1.962430357933044434e+00,5.888147717489804478e-01,5.323414531285685092e-01
1.041323304176330566e+00,1.250396013259887695e+00,3.292956376163310717e-01,2.737785272130283110e-01
5.267109274864196777e-01,8.345080614089965820e-01,2.181059776450999799e-04,6.823303674413638831e-05
1.090294718742370605e+00,1.320435404777526855e+00,5.442994471889706087e-01,4.558980182886298582e-01
1.472071647644042969e+00,1.823772430419921875e+00,2.897022489302083503e-01,2.514656776943124394e-01
2.847041130065917969e+00,3.087725877761840820e+00,4.758386962826989808e-01,3.954001104161169455e-01
1.096729859709739685e-01,1.278422474861145020e-01,2.088750316741870283e-01,1.743144893470075507e-01
7.069392800331115723e-01,7.504938840866088867e-01,5.949040032787287213e-01,5.539937608768678023e-01
2.072063833475112915e-01,2.603564262390136719e-01,3.143835993559028763e-01,2.365098295744339496e-01
1.506732940673828125e+00,1.533281683921813965e+00,5.146417547688896255e-01,4.819891060972198438e-01
1.676276475191116333e-01,1.971461772918701172e-01,1.235033662494152695e-01,1.123647643355865089e-01
9.278681874275207520e-01,1.061175584793090820e+00,4.467590467381181707e-01,3.873527213851295503e-01
4.404984414577484131e-01,5.451409220695495605e-01,5.342093806607997042e-01,4.367425870864775073e-01
7.502145171165466309e-01,8.400628566741943359e-01,4.811728909576992175e-01,3.665904755315922969e-01
