Age,File,Type
20,20_0_0_20170117005807799.jpg.chip.jpg,Train
20,20_0_1_20170116010734667.jpg.chip.jpg,Train
20,20_1_0_20170104020855852.jpg.chip.jpg,Train
20,20_1_0_20170105183449767.jpg.chip.jpg,Train
20,20_0_4_20170117193437251.jpg.chip.jpg,Train
20,20_1_0_20170116214335363.jpg.chip.jpg,Train
20,20_0_1_20170113132537718.jpg.chip.jpg,Train
20,20_0_0_20170113132609281.jpg.chip.jpg,Train
20,20_1_3_20170104222031311.jpg.chip.jpg,Train
20,20_1_0_20170103201733831.jpg.chip.jpg,Train
20,20_0_3_20170119153211097.jpg.chip.jpg,Train
20,20_1_1_20170114025540321.jpg.chip.jpg,Train
20,20_0_0_20170117141041394.jpg.chip.jpg,Train
20,20_1_0_20170109212911927.jpg.chip.jpg,Train
20,20_0_4_20170103234738979.jpg.chip.jpg,Train
20,20_1_0_20170109213411083.jpg.chip.jpg,Train
20,20_0_0_20170117134631710.jpg.chip.jpg,Train
20,20_1_4_20170117193602482.jpg.chip.jpg,Train
20,20_1_0_20170109214040024.jpg.chip.jpg,Train
20,20_1_3_20170104231832057.jpg.chip.jpg,Train
20,20_0_4_20170102233239947.jpg.chip.jpg,Train
20,20_1_0_20170116204003896.jpg.chip.jpg,Train
20,20_1_0_20170105183447816.jpg.chip.jpg,Train
20,20_0_1_20170114030944485.jpg.chip.jpg,Train
20,20_0_3_20170113133050904.jpg.chip.jpg,Train
20,20_1_3_20170117141155272.jpg.chip.jpg,Test
20,20_0_3_20170104214317461.jpg.chip.jpg,Test
20,20_1_1_20170112191323933.jpg.chip.jpg,Test
20,20_0_3_20170119151327694.jpg.chip.jpg,Test
20,20_1_4_20170103224557431.jpg.chip.jpg,Test
20,20_1_2_20170116170359820.jpg.chip.jpg,Test
20,20_1_0_20170117141304848.jpg.chip.jpg,Test
20,20_0_0_20170105183430767.jpg.chip.jpg,Test
20,20_0_0_20170116205525001.jpg.chip.jpg,Test
20,20_0_2_20170103234745028.jpg.chip.jpg,Test
20,20_1_0_20170113005610158.jpg.chip.jpg,Test
20,20_1_0_20170103201716816.jpg.chip.jpg,Test
20,20_1_4_20170117193608005.jpg.chip.jpg,Test
20,20_1_1_20170114031128316.jpg.chip.jpg,Test
20,20_1_0_20170103175629504.jpg.chip.jpg,Test
20,20_1_0_20170104021334149.jpg.chip.jpg,Test
20,20_0_0_20170113132332102.jpg.chip.jpg,Test
20,20_0_3_20170119152855024.jpg.chip.jpg,Test
20,20_0_3_20170119151303902.jpg.chip.jpg,Test
20,20_0_0_20170116205028194.jpg.chip.jpg,Test
20,20_0_4_20170117193454180.jpg.chip.jpg,Test
20,20_1_4_20170103223117967.jpg.chip.jpg,Test
20,20_1_0_20170103175645974.jpg.chip.jpg,Test
20,20_0_0_20170113133053319.jpg.chip.jpg,Test
20,20_0_0_20170117135525494.jpg.chip.jpg,Test
21,21_1_1_20170112233401623.jpg.chip.jpg,Train
21,21_0_3_20170104214322765.jpg.chip.jpg,Train
21,21_1_3_20170104221836903.jpg.chip.jpg,Train
21,21_0_0_20170104230101545.jpg.chip.jpg,Train
21,21_1_1_20170116020956813.jpg.chip.jpg,Train
21,21_1_2_20170105183505385.jpg.chip.jpg,Train
21,21_1_0_20170117141834506.jpg.chip.jpg,Train
21,21_1_0_20170112233431458.jpg.chip.jpg,Train
21,21_0_0_20170116201127126.jpg.chip.jpg,Train
21,21_1_0_20170117193737828.jpg.chip.jpg,Train
21,21_1_1_20170112193005893.jpg.chip.jpg,Train
21,21_1_2_20170104020048292.jpg.chip.jpg,Train
21,21_1_1_20170112202846794.jpg.chip.jpg,Train
21,21_1_0_20170116215708125.jpg.chip.jpg,Train
21,21_0_0_20170117142009042.jpg.chip.jpg,Train
21,21_1_0_20170105183522855.jpg.chip.jpg,Train
21,21_1_1_20170116233611534.jpg.chip.jpg,Train
21,21_1_2_20170103201800511.jpg.chip.jpg,Train
21,21_1_2_20170116171009058.jpg.chip.jpg,Train
21,21_1_2_20170116171653891.jpg.chip.jpg,Train
21,21_1_1_20170112231908781.jpg.chip.jpg,Train
21,21_1_4_20170103233924667.jpg.chip.jpg,Train
21,21_1_3_20170119155605098.jpg.chip.jpg,Train
21,21_0_3_20170117141619327.jpg.chip.jpg,Train
21,21_1_3_20170119155647331.jpg.chip.jpg,Train
21,21_0_0_20170114032114256.jpg.chip.jpg,Test
21,21_1_3_20170119155737580.jpg.chip.jpg,Test
21,21_1_0_20170112233608086.jpg.chip.jpg,Test
21,21_1_1_20170112233312848.jpg.chip.jpg,Test
21,21_0_4_20161223214805057.jpg.chip.jpg,Test
21,21_1_3_20170104222105822.jpg.chip.jpg,Test
21,21_0_4_20161223214826657.jpg.chip.jpg,Test
21,21_0_2_20170112192931470.jpg.chip.jpg,Test
21,21_0_1_20170116215541940.jpg.chip.jpg,Test
21,21_1_2_20170105002530429.jpg.chip.jpg,Test
21,21_1_1_20170103223257503.jpg.chip.jpg,Test
21,21_1_4_20170103223234959.jpg.chip.jpg,Test
21,21_0_1_20170116215700416.jpg.chip.jpg,Test
21,21_1_2_20170116171705211.jpg.chip.jpg,Test
21,21_0_0_20170114025137038.jpg.chip.jpg,Test
21,21_0_1_20170113133118839.jpg.chip.jpg,Test
21,21_0_1_20170114032016183.jpg.chip.jpg,Test
21,21_1_4_20170103201905647.jpg.chip.jpg,Test
21,21_1_0_20170116220441404.jpg.chip.jpg,Test
21,21_1_1_20170117154222282.jpg.chip.jpg,Test
21,21_0_1_20170113195431788.jpg.chip.jpg,Test
21,21_1_1_20170112233528728.jpg.chip.jpg,Test
21,21_1_0_20170116220224031.jpg.chip.jpg,Test
21,21_1_4_20170103225020282.jpg.chip.jpg,Test
21,21_1_4_20170103224936983.jpg.chip.jpg,Test
22,22_1_3_20170119163332758.jpg.chip.jpg,Train
22,22_1_0_20170114033329650.jpg.chip.jpg,Train
22,22_1_0_20170117143705482.jpg.chip.jpg,Train
22,22_1_0_20170105184130182.jpg.chip.jpg,Train
22,22_1_4_20170104001853773.jpg.chip.jpg,Train
22,22_1_2_20161219153940196.jpg.chip.jpg,Train
22,22_1_3_20170104232504850.jpg.chip.jpg,Train
22,22_1_1_20170113010348670.jpg.chip.jpg,Train
22,22_1_3_20170109131950179.jpg.chip.jpg,Train
22,22_1_0_20170112233731616.jpg.chip.jpg,Train
22,22_0_2_20170116162917882.jpg.chip.jpg,Train
22,22_1_2_20170116172705545.jpg.chip.jpg,Train
22,22_1_1_20170114033236159.jpg.chip.jpg,Train
22,22_1_4_20170103234706499.jpg.chip.jpg,Train
22,22_0_2_20170116175910195.jpg.chip.jpg,Train
22,22_1_0_20170120133800998.jpg.chip.jpg,Train
22,22_1_0_20170112233750014.jpg.chip.jpg,Train
22,22_1_3_20170119162920653.jpg.chip.jpg,Train
22,22_1_3_20170104222830398.jpg.chip.jpg,Train
22,22_0_1_20170116214330918.jpg.chip.jpg,Train
22,22_0_2_20170104015701971.jpg.chip.jpg,Train
22,22_0_3_20170117154523094.jpg.chip.jpg,Train
22,22_1_2_20170116165605354.jpg.chip.jpg,Train
22,22_0_2_20170116161333666.jpg.chip.jpg,Train
22,22_1_2_20170116172713575.jpg.chip.jpg,Train
22,22_1_4_20170103233642227.jpg.chip.jpg,Test
22,22_1_1_20170114033252419.jpg.chip.jpg,Test
22,22_0_0_20170110232213323.jpg.chip.jpg,Test
22,22_0_0_20170104214301269.jpg.chip.jpg,Test
22,22_1_0_20170117133125316.jpg.chip.jpg,Test
22,22_0_4_20161221202100745.jpg.chip.jpg,Test
22,22_1_1_20170112230530733.jpg.chip.jpg,Test
22,22_1_4_20170103212717246.jpg.chip.jpg,Test
22,22_1_4_20170117145350418.jpg.chip.jpg,Test
22,22_1_1_20170112203832467.jpg.chip.jpg,Test
22,22_1_3_20170104223125535.jpg.chip.jpg,Test
22,22_0_2_20170116172148714.jpg.chip.jpg,Test
22,22_1_2_20170116172702296.jpg.chip.jpg,Test
22,22_1_1_20170113011834360.jpg.chip.jpg,Test
22,22_1_0_20170116220932996.jpg.chip.jpg,Test
22,22_1_1_20170116175817144.jpg.chip.jpg,Test
22,22_0_3_20170119150653870.jpg.chip.jpg,Test
22,22_1_2_20170116172726806.jpg.chip.jpg,Test
22,22_1_2_20170116162853367.jpg.chip.jpg,Test
22,22_1_0_20170116220644040.jpg.chip.jpg,Test
22,22_0_1_20170113132348359.jpg.chip.jpg,Test
22,22_0_0_20170104230116624.jpg.chip.jpg,Test
22,22_1_2_20170104020216916.jpg.chip.jpg,Test
22,22_1_0_20170116214345265.jpg.chip.jpg,Test
22,22_1_1_20170105183837056.jpg.chip.jpg,Test
23,23_0_3_20170117144210931.jpg.chip.jpg,Train
23,23_1_2_20170116172852744.jpg.chip.jpg,Train
23,23_1_0_20170116222839270.jpg.chip.jpg,Train
23,23_1_0_20170116221717766.jpg.chip.jpg,Train
23,23_0_0_20170104004012222.jpg.chip.jpg,Train
23,23_0_0_20170105000754450.jpg.chip.jpg,Train
23,23_1_0_20170116221815459.jpg.chip.jpg,Train
23,23_0_1_20170117194030006.jpg.chip.jpg,Train
23,23_1_3_20170119164040174.jpg.chip.jpg,Train
23,23_1_3_20170116173248641.jpg.chip.jpg,Train
23,23_1_2_20170116173159012.jpg.chip.jpg,Train
23,23_0_1_20170114030131616.jpg.chip.jpg,Train
23,23_1_0_20170116221812669.jpg.chip.jpg,Train
23,23_0_1_20170117164527169.jpg.chip.jpg,Train
23,23_1_1_20170102233446754.jpg.chip.jpg,Train
23,23_1_2_20170116173105161.jpg.chip.jpg,Train
23,23_1_0_20170112234315344.jpg.chip.jpg,Train
23,23_1_4_20170103225140728.jpg.chip.jpg,Train
23,23_1_4_20170117194314062.jpg.chip.jpg,Train
23,23_1_0_20170104023208069.jpg.chip.jpg,Train
23,23_1_0_20170117144945297.jpg.chip.jpg,Train
23,23_1_0_20170112234313416.jpg.chip.jpg,Train
23,23_1_2_20170116173152188.jpg.chip.jpg,Train
23,23_1_2_20170116173107723.jpg.chip.jpg,Train
23,23_1_2_20170116164541818.jpg.chip.jpg,Train
23,23_1_1_20170114033443186.jpg.chip.jpg,Test
23,23_1_0_20170103163123528.jpg.chip.jpg,Test
23,23_1_3_20170119164424022.jpg.chip.jpg,Test
23,23_0_0_20170117144552915.jpg.chip.jpg,Test
23,23_1_0_20170103180451856.jpg.chip.jpg,Test
23,23_1_2_20170116173150921.jpg.chip.jpg,Test
23,23_1_3_20170104222844871.jpg.chip.jpg,Test
23,23_1_0_20170112234202903.jpg.chip.jpg,Test
23,23_1_2_20170116173240500.jpg.chip.jpg,Test
23,23_0_3_20170104230132313.jpg.chip.jpg,Test
23,23_0_2_20170116172840539.jpg.chip.jpg,Test
23,23_1_3_20170119164456070.jpg.chip.jpg,Test
23,23_0_4_20170102233413972.jpg.chip.jpg,Test
23,23_1_1_20170103223013127.jpg.chip.jpg,Test
23,23_1_0_20170117145132068.jpg.chip.jpg,Test
23,23_0_1_20170114033438130.jpg.chip.jpg,Test
23,23_0_1_20170113133832321.jpg.chip.jpg,Test
23,23_1_0_20170103223641295.jpg.chip.jpg,Test
23,23_0_3_20170119164159892.jpg.chip.jpg,Test
23,23_0_3_20170119164007795.jpg.chip.jpg,Test
23,23_1_1_20170116234631549.jpg.chip.jpg,Test
23,23_1_2_20170116173159941.jpg.chip.jpg,Test
23,23_0_0_20170117144517953.jpg.chip.jpg,Test
23,23_0_2_20170116172908582.jpg.chip.jpg,Test
23,23_1_3_20170104220147782.jpg.chip.jpg,Test
24,24_1_2_20170116174411079.jpg.chip.jpg,Train
24,24_1_1_20170116000700293.jpg.chip.jpg,Train
24,24_0_0_20170117145758955.jpg.chip.jpg,Train
24,24_1_2_20170116165631297.jpg.chip.jpg,Train
24,24_1_1_20170115234849261.jpg.chip.jpg,Train
24,24_1_0_20170104022714148.jpg.chip.jpg,Train
24,24_1_3_20170104231911026.jpg.chip.jpg,Train
24,24_1_0_20170116220128735.jpg.chip.jpg,Train
24,24_0_3_20170119150342598.jpg.chip.jpg,Train
24,24_0_1_20170113134010217.jpg.chip.jpg,Train
24,24_1_1_20170112204751139.jpg.chip.jpg,Train
24,24_1_2_20170116222614742.jpg.chip.jpg,Train
24,24_1_0_20170117150909051.jpg.chip.jpg,Train
24,24_0_0_20170117150006042.jpg.chip.jpg,Train
24,24_0_3_20170119165839727.jpg.chip.jpg,Train
24,24_1_1_20170113001636241.jpg.chip.jpg,Train
24,24_0_2_20170116192955075.jpg.chip.jpg,Train
24,24_1_3_20170119165246847.jpg.chip.jpg,Train
24,24_1_0_20170117150815148.jpg.chip.jpg,Train
24,24_1_0_20170105183749799.jpg.chip.jpg,Train
24,24_0_1_20170117204443327.jpg.chip.jpg,Train
24,24_0_3_20170119165712654.jpg.chip.jpg,Train
24,24_1_3_20170119171007670.jpg.chip.jpg,Train
24,24_1_1_20170113001329123.jpg.chip.jpg,Train
24,24_1_2_20170116174408274.jpg.chip.jpg,Train
24,24_1_2_20170116174421540.jpg.chip.jpg,Test
24,24_0_2_20170116172518044.jpg.chip.jpg,Test
24,24_0_0_20170116221910075.jpg.chip.jpg,Test
24,24_1_2_20170116173426810.jpg.chip.jpg,Test
24,24_1_0_20170104015931173.jpg.chip.jpg,Test
24,24_1_1_20170116222821392.jpg.chip.jpg,Test
24,24_1_2_20170104021011429.jpg.chip.jpg,Test
24,24_1_3_20170104222658903.jpg.chip.jpg,Test
24,24_1_2_20170116174403364.jpg.chip.jpg,Test
24,24_1_4_20170117194337597.jpg.chip.jpg,Test
24,24_0_1_20170117194341276.jpg.chip.jpg,Test
24,24_0_2_20170112003933482.jpg.chip.jpg,Test
24,24_0_2_20170116171647508.jpg.chip.jpg,Test
24,24_1_4_20170117194854468.jpg.chip.jpg,Test
24,24_1_4_20170117150332484.jpg.chip.jpg,Test
24,24_1_1_20170113011157712.jpg.chip.jpg,Test
24,24_1_2_20170116163720881.jpg.chip.jpg,Test
24,24_0_4_20170103224944762.jpg.chip.jpg,Test
24,24_1_4_20170120133956991.jpg.chip.jpg,Test
24,24_0_0_20170117145820962.jpg.chip.jpg,Test
24,24_1_2_20170116164744956.jpg.chip.jpg,Test
24,24_1_2_20170116173520935.jpg.chip.jpg,Test
24,24_0_0_20170114032026665.jpg.chip.jpg,Test
24,24_1_2_20170116172645816.jpg.chip.jpg,Test
24,24_1_0_20170117194528243.jpg.chip.jpg,Test
25,25_1_0_20170116205838424.jpg.chip.jpg,Train
25,25_1_4_20161223214751864.jpg.chip.jpg,Train
25,25_1_2_20170116175251099.jpg.chip.jpg,Train
25,25_1_0_20170117135646592.jpg.chip.jpg,Train
25,25_0_1_20170117195050698.jpg.chip.jpg,Train
25,25_1_3_20170119172141792.jpg.chip.jpg,Train
25,25_1_1_20170116001337504.jpg.chip.jpg,Train
25,25_1_1_20170116003309994.jpg.chip.jpg,Train
25,25_1_3_20170119172135455.jpg.chip.jpg,Train
25,25_0_4_20170117151632205.jpg.chip.jpg,Train
25,25_1_1_20170112230445064.jpg.chip.jpg,Train
25,25_1_0_20170117141719089.jpg.chip.jpg,Train
25,25_1_3_20170104232048826.jpg.chip.jpg,Train
25,25_1_4_20170103212758572.jpg.chip.jpg,Train
25,25_1_1_20170112235100153.jpg.chip.jpg,Train
25,25_0_1_20170116003152620.jpg.chip.jpg,Train
25,25_1_0_20170103163054063.jpg.chip.jpg,Train
25,25_1_3_20170119172106986.jpg.chip.jpg,Train
25,25_1_0_20170116204011908.jpg.chip.jpg,Train
25,25_0_0_20170105184137702.jpg.chip.jpg,Train
25,25_1_3_20170104232046530.jpg.chip.jpg,Train
25,25_0_0_20170116205006744.jpg.chip.jpg,Train
25,25_0_3_20170104214444117.jpg.chip.jpg,Train
25,25_0_0_20170117140932120.jpg.chip.jpg,Train
25,25_0_0_20170116215652482.jpg.chip.jpg,Train
25,25_0_0_20170113210127416.jpg.chip.jpg,Test
25,25_1_0_20170119172033312.jpg.chip.jpg,Test
25,25_1_2_20170104020339110.jpg.chip.jpg,Test
25,25_0_0_20170104011143168.jpg.chip.jpg,Test
25,25_1_2_20170105161718771.jpg.chip.jpg,Test
25,25_1_3_20170104232025362.jpg.chip.jpg,Test
25,25_1_3_20170117140244350.jpg.chip.jpg,Test
25,25_1_3_20170117152030871.jpg.chip.jpg,Test
25,25_1_3_20170117151955147.jpg.chip.jpg,Test
25,25_1_1_20170113011541030.jpg.chip.jpg,Test
25,25_1_2_20170116175126325.jpg.chip.jpg,Test
25,25_1_3_20170119171913200.jpg.chip.jpg,Test
25,25_1_0_20170117134530533.jpg.chip.jpg,Test
25,25_1_2_20170116173206933.jpg.chip.jpg,Test
25,25_1_0_20170116223827511.jpg.chip.jpg,Test
25,25_1_0_20170117152041619.jpg.chip.jpg,Test
25,25_0_3_20170104214613229.jpg.chip.jpg,Test
25,25_0_1_20170113133830608.jpg.chip.jpg,Test
25,25_1_0_20170117193539276.jpg.chip.jpg,Test
25,25_1_3_20170104232049890.jpg.chip.jpg,Test
25,25_1_0_20170117145120563.jpg.chip.jpg,Test
25,25_1_0_20170116003513392.jpg.chip.jpg,Test
25,25_0_0_20170116001254628.jpg.chip.jpg,Test
25,25_1_2_20170104020239939.jpg.chip.jpg,Test
25,25_1_0_20170117142901203.jpg.chip.jpg,Test
26,26_0_4_20170104165424576.jpg.chip.jpg,Train
26,26_0_0_20170116180849908.jpg.chip.jpg,Train
26,26_1_1_20170116162105745.jpg.chip.jpg,Train
26,26_0_0_20170117195903790.jpg.chip.jpg,Train
26,26_1_3_20170119193143376.jpg.chip.jpg,Train
26,26_0_0_20170117172613381.jpg.chip.jpg,Train
26,26_0_1_20170113152845329.jpg.chip.jpg,Train
26,26_0_2_20170104015801932.jpg.chip.jpg,Train
26,26_0_0_20170120140714337.jpg.chip.jpg,Train
26,26_1_2_20170116184521807.jpg.chip.jpg,Train
26,26_1_3_20170119193107971.jpg.chip.jpg,Train
26,26_1_0_20170119192657178.jpg.chip.jpg,Train
26,26_1_0_20170116235853558.jpg.chip.jpg,Train
26,26_0_0_20170117172624038.jpg.chip.jpg,Train
26,26_0_0_20170116193409254.jpg.chip.jpg,Train
26,26_1_3_20170119155644533.jpg.chip.jpg,Train
26,26_0_0_20170117195441085.jpg.chip.jpg,Train
26,26_1_2_20170104022532727.jpg.chip.jpg,Train
26,26_1_0_20170116214300865.jpg.chip.jpg,Train
26,26_0_1_20170113134358506.jpg.chip.jpg,Train
26,26_0_1_20170117195815907.jpg.chip.jpg,Train
26,26_0_0_20170117173416661.jpg.chip.jpg,Train
26,26_1_1_20170116224151345.jpg.chip.jpg,Train
26,26_1_4_20170117154047070.jpg.chip.jpg,Train
26,26_0_4_20170117153706349.jpg.chip.jpg,Train
26,26_0_1_20170117091506354.jpg.chip.jpg,Test
26,26_1_2_20170116180655987.jpg.chip.jpg,Test
26,26_0_2_20170116180716055.jpg.chip.jpg,Test
26,26_1_4_20170117154150500.jpg.chip.jpg,Test
26,26_0_3_20170104230310913.jpg.chip.jpg,Test
26,26_1_1_20170116024044126.jpg.chip.jpg,Test
26,26_1_0_20170117173945869.jpg.chip.jpg,Test
26,26_0_3_20170117154554862.jpg.chip.jpg,Test
26,26_1_2_20170116180230472.jpg.chip.jpg,Test
26,26_0_2_20170116183713007.jpg.chip.jpg,Test
26,26_1_1_20170116222929223.jpg.chip.jpg,Test
26,26_0_1_20170113151713536.jpg.chip.jpg,Test
26,26_0_1_20170117195651493.jpg.chip.jpg,Test
26,26_0_3_20170119172209840.jpg.chip.jpg,Test
26,26_0_4_20170117153025829.jpg.chip.jpg,Test
26,26_1_0_20170117174852519.jpg.chip.jpg,Test
26,26_0_4_20170117195705718.jpg.chip.jpg,Test
26,26_1_0_20170117152703723.jpg.chip.jpg,Test
26,26_1_1_20170116171846657.jpg.chip.jpg,Test
26,26_0_2_20170116175926376.jpg.chip.jpg,Test
26,26_0_1_20170114033015053.jpg.chip.jpg,Test
26,26_1_0_20170117195825620.jpg.chip.jpg,Test
26,26_0_0_20170113210126312.jpg.chip.jpg,Test
26,26_1_1_20170116231033348.jpg.chip.jpg,Test
26,26_1_0_20170113210605016.jpg.chip.jpg,Test
27,27_1_2_20170116163622032.jpg.chip.jpg,Train
27,27_1_2_20170116165955213.jpg.chip.jpg,Train
27,27_1_4_20170113011320472.jpg.chip.jpg,Train
27,27_1_2_20170116165450739.jpg.chip.jpg,Train
27,27_1_2_20170104021418549.jpg.chip.jpg,Train
27,27_0_0_20170104201504434.jpg.chip.jpg,Train
27,27_1_0_20170117120646100.jpg.chip.jpg,Train
27,27_0_4_20170104011307960.jpg.chip.jpg,Train
27,27_1_2_20170109132133665.jpg.chip.jpg,Train
27,27_1_1_20170116022001556.jpg.chip.jpg,Train
27,27_0_2_20170119193326050.jpg.chip.jpg,Train
27,27_0_1_20170117013659556.jpg.chip.jpg,Train
27,27_0_2_20170105161443219.jpg.chip.jpg,Train
27,27_0_3_20170104200540418.jpg.chip.jpg,Train
27,27_0_1_20170113150706765.jpg.chip.jpg,Train
27,27_0_3_20170119193212770.jpg.chip.jpg,Train
27,27_0_3_20170117175736147.jpg.chip.jpg,Train
27,27_1_3_20170119194359132.jpg.chip.jpg,Train
27,27_0_1_20170117164549029.jpg.chip.jpg,Train
27,27_1_3_20170119194359962.jpg.chip.jpg,Train
27,27_0_1_20170113183057766.jpg.chip.jpg,Train
27,27_0_2_20170116184844591.jpg.chip.jpg,Train
27,27_1_1_20170114030211993.jpg.chip.jpg,Train
27,27_0_0_20170117010049965.jpg.chip.jpg,Train
27,27_1_0_20170117180022765.jpg.chip.jpg,Train
27,27_1_1_20170112213510151.jpg.chip.jpg,Test
27,27_1_0_20170117175947237.jpg.chip.jpg,Test
27,27_0_1_20170113133926055.jpg.chip.jpg,Test
27,27_1_3_20170104223343215.jpg.chip.jpg,Test
27,27_1_1_20170117165225648.jpg.chip.jpg,Test
27,27_0_0_20170102233549947.jpg.chip.jpg,Test
27,27_1_3_20170119163731380.jpg.chip.jpg,Test
27,27_1_2_20170116173022576.jpg.chip.jpg,Test
27,27_1_1_20170117010343271.jpg.chip.jpg,Test
27,27_1_0_20170103182501706.jpg.chip.jpg,Test
27,27_1_3_20170119194419338.jpg.chip.jpg,Test
27,27_0_1_20170105164603540.jpg.chip.jpg,Test
27,27_0_0_20170116205311022.jpg.chip.jpg,Test
27,27_1_0_20170117010411661.jpg.chip.jpg,Test
27,27_1_2_20170116171519019.jpg.chip.jpg,Test
27,27_0_3_20170119152415944.jpg.chip.jpg,Test
27,27_0_1_20170113150450280.jpg.chip.jpg,Test
27,27_0_0_20170104171511929.jpg.chip.jpg,Test
27,27_1_2_20170104020913116.jpg.chip.jpg,Test
27,27_0_3_20170119193159666.jpg.chip.jpg,Test
27,27_0_0_20170116205304488.jpg.chip.jpg,Test
27,27_0_1_20170116193905098.jpg.chip.jpg,Test
27,27_0_2_20161219194038690.jpg.chip.jpg,Test
27,27_0_0_20170117202102927.jpg.chip.jpg,Test
27,27_0_4_20170103234827428.jpg.chip.jpg,Test
28,28_0_0_20170117202618479.jpg.chip.jpg,Train
28,28_0_1_20170116215621993.jpg.chip.jpg,Train
28,28_1_2_20170116164230103.jpg.chip.jpg,Train
28,28_1_2_20170109141410232.jpg.chip.jpg,Train
28,28_0_0_20170116220611954.jpg.chip.jpg,Train
28,28_1_2_20170116164653714.jpg.chip.jpg,Train
28,28_0_0_20170117180607705.jpg.chip.jpg,Train
28,28_1_1_20170116171225686.jpg.chip.jpg,Train
28,28_1_4_20170103235557846.jpg.chip.jpg,Train
28,28_0_3_20170119194935947.jpg.chip.jpg,Train
28,28_0_0_20170117133953048.jpg.chip.jpg,Train
28,28_1_3_20170104232946267.jpg.chip.jpg,Train
28,28_1_0_20170117122005148.jpg.chip.jpg,Train
28,28_1_1_20170112211718717.jpg.chip.jpg,Train
28,28_1_2_20170116164640416.jpg.chip.jpg,Train
28,28_0_3_20170119194510275.jpg.chip.jpg,Train
28,28_1_3_20170104223430207.jpg.chip.jpg,Train
28,28_1_0_20170116221757650.jpg.chip.jpg,Train
28,28_0_1_20170113151805863.jpg.chip.jpg,Train
28,28_1_2_20170116163724905.jpg.chip.jpg,Train
28,28_1_3_20170119204506255.jpg.chip.jpg,Train
28,28_0_1_20170113155441306.jpg.chip.jpg,Train
28,28_1_3_20170119204738880.jpg.chip.jpg,Train
28,28_1_1_20170116234825295.jpg.chip.jpg,Train
28,28_0_1_20170116143149179.jpg.chip.jpg,Train
28,28_0_3_20170119194818890.jpg.chip.jpg,Test
28,28_1_2_20170116171710952.jpg.chip.jpg,Test
28,28_1_2_20170116171528109.jpg.chip.jpg,Test
28,28_0_0_20170117180233918.jpg.chip.jpg,Test
28,28_0_3_20170119194507123.jpg.chip.jpg,Test
28,28_1_1_20170117140921395.jpg.chip.jpg,Test
28,28_0_1_20170117020909688.jpg.chip.jpg,Test
28,28_1_2_20170116164524917.jpg.chip.jpg,Test
28,28_1_0_20170116221705370.jpg.chip.jpg,Test
28,28_1_2_20170116190127787.jpg.chip.jpg,Test
28,28_1_2_20170116192003103.jpg.chip.jpg,Test
28,28_1_1_20170113150922335.jpg.chip.jpg,Test
28,28_1_0_20170117021234085.jpg.chip.jpg,Test
28,28_1_0_20170116211818606.jpg.chip.jpg,Test
28,28_0_1_20170113161017373.jpg.chip.jpg,Test
28,28_0_1_20170114034234198.jpg.chip.jpg,Test
28,28_0_0_20170117121808358.jpg.chip.jpg,Test
28,28_1_2_20170116162424590.jpg.chip.jpg,Test
28,28_1_2_20170116164529258.jpg.chip.jpg,Test
28,28_1_1_20170117022211139.jpg.chip.jpg,Test
28,28_0_3_20170119194512651.jpg.chip.jpg,Test
28,28_0_4_20170116183505479.jpg.chip.jpg,Test
28,28_1_1_20170112204756098.jpg.chip.jpg,Test
28,28_1_0_20170105164921188.jpg.chip.jpg,Test
28,28_0_0_20170116194200664.jpg.chip.jpg,Test
29,29_0_1_20170113141748034.jpg.chip.jpg,Train
29,29_1_2_20170116223039250.jpg.chip.jpg,Train
29,29_1_4_20170103224739152.jpg.chip.jpg,Train
29,29_1_1_20170115235359510.jpg.chip.jpg,Train
29,29_1_0_20170103182130033.jpg.chip.jpg,Train
29,29_0_2_20170116193337129.jpg.chip.jpg,Train
29,29_0_1_20170113173049224.jpg.chip.jpg,Train
29,29_1_1_20170114032143096.jpg.chip.jpg,Train
29,29_0_4_20170103235516820.jpg.chip.jpg,Train
29,29_1_0_20170103163726008.jpg.chip.jpg,Train
29,29_0_0_20170117122016549.jpg.chip.jpg,Train
29,29_1_0_20170116201228620.jpg.chip.jpg,Train
29,29_0_4_20170119170835447.jpg.chip.jpg,Train
29,29_1_3_20170117183023311.jpg.chip.jpg,Train
29,29_0_3_20170119195116490.jpg.chip.jpg,Train
29,29_0_3_20170119195301291.jpg.chip.jpg,Train
29,29_1_1_20170109134854367.jpg.chip.jpg,Train
29,29_0_1_20170116182142032.jpg.chip.jpg,Train
29,29_0_1_20170117194427746.jpg.chip.jpg,Train
29,29_0_2_20170116172141170.jpg.chip.jpg,Train
29,29_0_3_20170119183457486.jpg.chip.jpg,Train
29,29_0_2_20170116163447230.jpg.chip.jpg,Train
29,29_0_3_20170104220737116.jpg.chip.jpg,Train
29,29_0_0_20170117094526002.jpg.chip.jpg,Train
29,29_1_1_20170112234606137.jpg.chip.jpg,Train
29,29_0_4_20170117100325932.jpg.chip.jpg,Test
29,29_0_1_20170113151036496.jpg.chip.jpg,Test
29,29_0_0_20170117180933082.jpg.chip.jpg,Test
29,29_0_1_20170116011143078.jpg.chip.jpg,Test
29,29_0_1_20170117194151643.jpg.chip.jpg,Test
29,29_0_3_20170119164635285.jpg.chip.jpg,Test
29,29_0_1_20170116202000095.jpg.chip.jpg,Test
29,29_0_0_20170104230319649.jpg.chip.jpg,Test
29,29_0_4_20170103235921692.jpg.chip.jpg,Test
29,29_1_0_20170113012607249.jpg.chip.jpg,Test
29,29_0_2_20170116162050789.jpg.chip.jpg,Test
29,29_0_1_20170117094755752.jpg.chip.jpg,Test
29,29_0_0_20170116221741960.jpg.chip.jpg,Test
29,29_1_2_20170107213800190.jpg.chip.jpg,Test
29,29_0_1_20170113181956517.jpg.chip.jpg,Test
29,29_0_0_20170117010705850.jpg.chip.jpg,Test
29,29_1_2_20170104021748445.jpg.chip.jpg,Test
29,29_1_1_20170113000632601.jpg.chip.jpg,Test
29,29_1_1_20170116195846538.jpg.chip.jpg,Test
29,29_0_4_20170117180914972.jpg.chip.jpg,Test
29,29_1_0_20170116003521569.jpg.chip.jpg,Test
29,29_0_0_20170117180942324.jpg.chip.jpg,Test
29,29_0_0_20170117180936418.jpg.chip.jpg,Test
29,29_0_1_20170113183208366.jpg.chip.jpg,Test
29,29_0_0_20170117130617573.jpg.chip.jpg,Test
30,30_1_0_20170117153443852.jpg.chip.jpg,Train
30,30_0_1_20170120220639355.jpg.chip.jpg,Train
30,30_1_4_20170103230152025.jpg.chip.jpg,Train
30,30_0_0_20170117145938915.jpg.chip.jpg,Train
30,30_1_1_20170112215047361.jpg.chip.jpg,Train
30,30_1_0_20170117091918162.jpg.chip.jpg,Train
30,30_0_0_20170104000150443.jpg.chip.jpg,Train
30,30_1_1_20170113011218830.jpg.chip.jpg,Train
30,30_1_1_20170117154805220.jpg.chip.jpg,Train
30,30_1_2_20170116194224682.jpg.chip.jpg,Train
30,30_1_0_20170116201303368.jpg.chip.jpg,Train
30,30_1_0_20170116191956794.jpg.chip.jpg,Train
30,30_1_3_20170119195840428.jpg.chip.jpg,Train
30,30_1_3_20170119195851939.jpg.chip.jpg,Train
30,30_0_2_20170116164436658.jpg.chip.jpg,Train
30,30_0_0_20170117130615780.jpg.chip.jpg,Train
30,30_1_0_20170117181424196.jpg.chip.jpg,Train
30,30_0_0_20170113135527027.jpg.chip.jpg,Train
30,30_0_1_20170114033434587.jpg.chip.jpg,Train
30,30_1_0_20170104185111694.jpg.chip.jpg,Train
30,30_0_1_20170117123915360.jpg.chip.jpg,Train
30,30_1_2_20170116171040262.jpg.chip.jpg,Train
30,30_1_2_20170116174427095.jpg.chip.jpg,Train
30,30_0_2_20170116172536135.jpg.chip.jpg,Train
30,30_1_0_20170116222711779.jpg.chip.jpg,Train
30,30_0_2_20170116173546862.jpg.chip.jpg,Test
30,30_1_4_20170117203012791.jpg.chip.jpg,Test
30,30_0_1_20170117123839619.jpg.chip.jpg,Test
30,30_1_0_20170117141830737.jpg.chip.jpg,Test
30,30_0_0_20170117140008320.jpg.chip.jpg,Test
30,30_0_1_20170117202825454.jpg.chip.jpg,Test
30,30_0_0_20170116211705711.jpg.chip.jpg,Test
30,30_0_1_20170112215013928.jpg.chip.jpg,Test
30,30_0_2_20170116163100468.jpg.chip.jpg,Test
30,30_0_0_20170119195539771.jpg.chip.jpg,Test
30,30_0_1_20170116002938608.jpg.chip.jpg,Test
30,30_0_0_20170117143352248.jpg.chip.jpg,Test
30,30_1_2_20170116165139757.jpg.chip.jpg,Test
30,30_0_0_20170117135548182.jpg.chip.jpg,Test
30,30_1_0_20170117193709509.jpg.chip.jpg,Test
30,30_1_4_20170117202938776.jpg.chip.jpg,Test
30,30_0_1_20170117202835519.jpg.chip.jpg,Test
30,30_1_0_20170104165921257.jpg.chip.jpg,Test
30,30_1_2_20170116164657011.jpg.chip.jpg,Test
30,30_1_1_20170116214456649.jpg.chip.jpg,Test
30,30_1_3_20170109141047511.jpg.chip.jpg,Test
30,30_0_0_20170104200535163.jpg.chip.jpg,Test
30,30_0_3_20170119204722073.jpg.chip.jpg,Test
30,30_1_0_20170117131022202.jpg.chip.jpg,Test
30,30_0_0_20170120220636164.jpg.chip.jpg,Test
31,31_1_3_20170119195945900.jpg.chip.jpg,Train
31,31_0_1_20170117135511623.jpg.chip.jpg,Train
31,31_1_0_20170103181436000.jpg.chip.jpg,Train
31,31_0_3_20170119200052268.jpg.chip.jpg,Train
31,31_1_1_20170116023946391.jpg.chip.jpg,Train
31,31_1_1_20170112234727752.jpg.chip.jpg,Train
31,31_0_1_20170114032310376.jpg.chip.jpg,Train
31,31_1_0_20170109132941538.jpg.chip.jpg,Train
31,31_0_3_20170119195940339.jpg.chip.jpg,Train
31,31_0_1_20170113174744610.jpg.chip.jpg,Train
31,31_1_4_20170103182224513.jpg.chip.jpg,Train
31,31_1_0_20170103183812243.jpg.chip.jpg,Train
31,31_1_1_20170116170844389.jpg.chip.jpg,Train
31,31_0_0_20170105165008674.jpg.chip.jpg,Train
31,31_0_4_20170103235207122.jpg.chip.jpg,Train
31,31_0_1_20170117193258978.jpg.chip.jpg,Train
31,31_0_3_20170104165548728.jpg.chip.jpg,Train
31,31_0_1_20170116003537510.jpg.chip.jpg,Train
31,31_0_1_20170116203929663.jpg.chip.jpg,Train
31,31_0_1_20170117021841979.jpg.chip.jpg,Train
31,31_0_1_20170117183828950.jpg.chip.jpg,Train
31,31_0_1_20170113135250690.jpg.chip.jpg,Train
31,31_0_0_20170117203031305.jpg.chip.jpg,Train
31,31_1_4_20170103230257785.jpg.chip.jpg,Train
31,31_1_1_20170117135704010.jpg.chip.jpg,Train
31,31_1_1_20170113012712161.jpg.chip.jpg,Test
31,31_1_0_20170103182528433.jpg.chip.jpg,Test
31,31_1_0_20170116021126334.jpg.chip.jpg,Test
31,31_1_4_20161221193717222.jpg.chip.jpg,Test
31,31_0_0_20170116193252933.jpg.chip.jpg,Test
31,31_0_3_20170104232355440.jpg.chip.jpg,Test
31,31_0_1_20170117135112522.jpg.chip.jpg,Test
31,31_1_0_20170117133210639.jpg.chip.jpg,Test
31,31_1_1_20170116170019856.jpg.chip.jpg,Test
31,31_1_1_20170116154733116.jpg.chip.jpg,Test
31,31_0_0_20170104201938890.jpg.chip.jpg,Test
31,31_0_3_20170119195949996.jpg.chip.jpg,Test
31,31_1_0_20170117181604195.jpg.chip.jpg,Test
31,31_0_1_20170113141650230.jpg.chip.jpg,Test
31,31_0_0_20170104165835728.jpg.chip.jpg,Test
31,31_1_0_20170120134909814.jpg.chip.jpg,Test
31,31_0_0_20170116182436465.jpg.chip.jpg,Test
31,31_1_1_20170117162539709.jpg.chip.jpg,Test
31,31_1_2_20170104234746818.jpg.chip.jpg,Test
31,31_0_0_20170117131123126.jpg.chip.jpg,Test
31,31_1_4_20170103224732417.jpg.chip.jpg,Test
31,31_0_3_20170119195950692.jpg.chip.jpg,Test
31,31_0_0_20170117203027168.jpg.chip.jpg,Test
31,31_1_3_20170104222647935.jpg.chip.jpg,Test
31,31_0_1_20170113182315918.jpg.chip.jpg,Test
32,32_1_2_20170116184058376.jpg.chip.jpg,Train
32,32_1_0_20170111182452820.jpg.chip.jpg,Train
32,32_0_3_20170119200340188.jpg.chip.jpg,Train
32,32_1_0_20170116221804392.jpg.chip.jpg,Train
32,32_0_2_20170116191422270.jpg.chip.jpg,Train
32,32_0_0_20170113181420389.jpg.chip.jpg,Train
32,32_1_1_20170114030220034.jpg.chip.jpg,Train
32,32_0_3_20170119164310053.jpg.chip.jpg,Train
32,32_1_4_20170103225837104.jpg.chip.jpg,Train
32,32_1_0_20170105162521931.jpg.chip.jpg,Train
32,32_1_1_20170116164417371.jpg.chip.jpg,Train
32,32_1_0_20170117134741526.jpg.chip.jpg,Train
32,32_1_2_20170116163345446.jpg.chip.jpg,Train
32,32_1_0_20170105163404036.jpg.chip.jpg,Train
32,32_0_0_20170116214359024.jpg.chip.jpg,Train
32,32_1_2_20170116175135519.jpg.chip.jpg,Train
32,32_1_1_20170113005606791.jpg.chip.jpg,Train
32,32_0_4_20170117021536804.jpg.chip.jpg,Train
32,32_1_2_20170116192346285.jpg.chip.jpg,Train
32,32_0_0_20170117130645242.jpg.chip.jpg,Train
32,32_0_3_20170117120902726.jpg.chip.jpg,Train
32,32_0_1_20170113151546423.jpg.chip.jpg,Train
32,32_0_3_20170119181014212.jpg.chip.jpg,Train
32,32_1_0_20170116211831287.jpg.chip.jpg,Train
32,32_1_4_20170117203127032.jpg.chip.jpg,Train
32,32_1_3_20170117184329913.jpg.chip.jpg,Test
32,32_0_0_20170105171757165.jpg.chip.jpg,Test
32,32_0_0_20170117123734515.jpg.chip.jpg,Test
32,32_1_1_20170112215208374.jpg.chip.jpg,Test
32,32_0_1_20170114031959964.jpg.chip.jpg,Test
32,32_0_3_20170116030101844.jpg.chip.jpg,Test
32,32_1_4_20170103230317985.jpg.chip.jpg,Test
32,32_0_2_20170116193536503.jpg.chip.jpg,Test
32,32_1_2_20170116190012513.jpg.chip.jpg,Test
32,32_0_4_20170116220621484.jpg.chip.jpg,Test
32,32_0_2_20170116180704767.jpg.chip.jpg,Test
32,32_1_1_20170113000704411.jpg.chip.jpg,Test
32,32_1_1_20170116002032659.jpg.chip.jpg,Test
32,32_0_1_20170113183229559.jpg.chip.jpg,Test
32,32_0_1_20170113135737704.jpg.chip.jpg,Test
32,32_1_1_20170113001556123.jpg.chip.jpg,Test
32,32_0_0_20170116235403701.jpg.chip.jpg,Test
32,32_0_2_20170104192811687.jpg.chip.jpg,Test
32,32_1_0_20170117182446213.jpg.chip.jpg,Test
32,32_1_3_20170119200440516.jpg.chip.jpg,Test
32,32_0_1_20170115230958202.jpg.chip.jpg,Test
32,32_1_0_20170117182456548.jpg.chip.jpg,Test
32,32_0_1_20170113135916978.jpg.chip.jpg,Test
32,32_1_2_20170103181041008.jpg.chip.jpg,Test
32,32_1_0_20170117134818053.jpg.chip.jpg,Test
33,33_1_0_20170112235509832.jpg.chip.jpg,Train
33,33_0_0_20170116232429422.jpg.chip.jpg,Train
33,33_1_0_20170103181050000.jpg.chip.jpg,Train
33,33_1_1_20170116210318759.jpg.chip.jpg,Train
33,33_0_1_20170116215201422.jpg.chip.jpg,Train
33,33_0_3_20170119200506620.jpg.chip.jpg,Train
33,33_1_3_20170117182600997.jpg.chip.jpg,Train
33,33_0_2_20170109002851300.jpg.chip.jpg,Train
33,33_0_1_20170117190145954.jpg.chip.jpg,Train
33,33_1_1_20170114030609784.jpg.chip.jpg,Train
33,33_1_1_20170112210455829.jpg.chip.jpg,Train
33,33_1_0_20170105000625650.jpg.chip.jpg,Train
33,33_0_0_20170117164401283.jpg.chip.jpg,Train
33,33_1_0_20170103182556882.jpg.chip.jpg,Train
33,33_0_0_20170111181750364.jpg.chip.jpg,Train
33,33_1_0_20170104165723873.jpg.chip.jpg,Train
33,33_0_0_20170105165028532.jpg.chip.jpg,Train
33,33_1_0_20170103180737106.jpg.chip.jpg,Train
33,33_0_0_20170117182541126.jpg.chip.jpg,Train
33,33_0_0_20170117175820850.jpg.chip.jpg,Train
33,33_1_0_20170111182452825.jpg.chip.jpg,Train
33,33_1_0_20170112211922374.jpg.chip.jpg,Train
33,33_0_1_20170113173629148.jpg.chip.jpg,Train
33,33_0_3_20170117134831656.jpg.chip.jpg,Train
33,33_0_0_20170104165103473.jpg.chip.jpg,Train
33,33_0_1_20170113152629721.jpg.chip.jpg,Test
33,33_1_3_20170117174243837.jpg.chip.jpg,Test
33,33_1_2_20170104022951446.jpg.chip.jpg,Test
33,33_0_0_20170116224733537.jpg.chip.jpg,Test
33,33_1_4_20170117174234414.jpg.chip.jpg,Test
33,33_0_3_20170119200537548.jpg.chip.jpg,Test
33,33_1_0_20170117182543343.jpg.chip.jpg,Test
33,33_1_0_20170103182624369.jpg.chip.jpg,Test
33,33_1_0_20170117174457343.jpg.chip.jpg,Test
33,33_1_3_20170109133043550.jpg.chip.jpg,Test
33,33_0_4_20170117201021349.jpg.chip.jpg,Test
33,33_1_3_20170119164429486.jpg.chip.jpg,Test
33,33_1_1_20170113000848177.jpg.chip.jpg,Test
33,33_0_0_20170117155210391.jpg.chip.jpg,Test
33,33_1_0_20170117175140175.jpg.chip.jpg,Test
33,33_0_4_20170104172529099.jpg.chip.jpg,Test
33,33_0_0_20170108224634529.jpg.chip.jpg,Test
33,33_1_0_20170105161501346.jpg.chip.jpg,Test
33,33_1_1_20170116024837534.jpg.chip.jpg,Test
33,33_1_2_20170116191634811.jpg.chip.jpg,Test
33,33_1_1_20170117173927950.jpg.chip.jpg,Test
33,33_1_1_20170112210343452.jpg.chip.jpg,Test
33,33_1_3_20170104223525079.jpg.chip.jpg,Test
33,33_0_0_20170120221754125.jpg.chip.jpg,Test
33,33_1_0_20170105183847334.jpg.chip.jpg,Test
34,34_0_4_20170117163546730.jpg.chip.jpg,Train
34,34_0_0_20170109013537513.jpg.chip.jpg,Train
34,34_0_3_20170119164730142.jpg.chip.jpg,Train
34,34_1_0_20170105164257004.jpg.chip.jpg,Train
34,34_1_1_20170116173527974.jpg.chip.jpg,Train
34,34_1_1_20170103230340961.jpg.chip.jpg,Train
34,34_0_3_20170119194902451.jpg.chip.jpg,Train
34,34_1_3_20170105001226421.jpg.chip.jpg,Train
34,34_0_0_20170117134912040.jpg.chip.jpg,Train
34,34_0_2_20170105173426253.jpg.chip.jpg,Train
34,34_0_1_20170113141042588.jpg.chip.jpg,Train
34,34_0_0_20170117182649925.jpg.chip.jpg,Train
34,34_0_0_20170117103412719.jpg.chip.jpg,Train
34,34_0_3_20170119164614317.jpg.chip.jpg,Train
34,34_0_0_20170117182621262.jpg.chip.jpg,Train
34,34_0_0_20170117120149082.jpg.chip.jpg,Train
34,34_1_0_20170113001304724.jpg.chip.jpg,Train
34,34_0_3_20170119200816604.jpg.chip.jpg,Train
34,34_1_3_20170119200852458.jpg.chip.jpg,Train
34,34_0_3_20170119165709773.jpg.chip.jpg,Train
34,34_1_1_20170116234705929.jpg.chip.jpg,Train
34,34_1_2_20170116191659122.jpg.chip.jpg,Train
34,34_1_1_20170116234146241.jpg.chip.jpg,Train
34,34_0_0_20170117203227887.jpg.chip.jpg,Train
34,34_0_3_20170119152247249.jpg.chip.jpg,Train
34,34_1_1_20170116231528550.jpg.chip.jpg,Test
34,34_1_2_20170104023010725.jpg.chip.jpg,Test
34,34_0_0_20170116215618294.jpg.chip.jpg,Test
34,34_1_3_20170119165307574.jpg.chip.jpg,Test
34,34_0_3_20170119200819270.jpg.chip.jpg,Test
34,34_0_0_20170104192735655.jpg.chip.jpg,Test
34,34_1_1_20170114033230436.jpg.chip.jpg,Test
34,34_0_0_20170114031602748.jpg.chip.jpg,Test
34,34_0_3_20170117182647085.jpg.chip.jpg,Test
34,34_1_1_20170104165020320.jpg.chip.jpg,Test
34,34_1_0_20170105172420589.jpg.chip.jpg,Test
34,34_1_0_20170103182644010.jpg.chip.jpg,Test
34,34_1_0_20170117180013755.jpg.chip.jpg,Test
34,34_0_1_20170116193916761.jpg.chip.jpg,Test
34,34_0_3_20170119165755400.jpg.chip.jpg,Test
34,34_1_0_20170115235719543.jpg.chip.jpg,Test
34,34_0_1_20170113155128778.jpg.chip.jpg,Test
34,34_0_0_20170119200810940.jpg.chip.jpg,Test
34,34_1_2_20170104201443273.jpg.chip.jpg,Test
34,34_0_0_20170104170338177.jpg.chip.jpg,Test
34,34_0_0_20170116214408892.jpg.chip.jpg,Test
34,34_1_1_20170113000302889.jpg.chip.jpg,Test
34,34_0_0_20170109001224685.jpg.chip.jpg,Test
34,34_0_3_20170119183347270.jpg.chip.jpg,Test
34,34_0_1_20170117141346326.jpg.chip.jpg,Test
35,35_0_4_20170113133347977.jpg.chip.jpg,Train
35,35_0_0_20170105164824674.jpg.chip.jpg,Train
35,35_0_0_20170104201217450.jpg.chip.jpg,Train
35,35_0_0_20170117151444756.jpg.chip.jpg,Train
35,35_0_2_20170116192510762.jpg.chip.jpg,Train
35,35_0_2_20170116161858517.jpg.chip.jpg,Train
35,35_1_0_20170117203415648.jpg.chip.jpg,Train
35,35_0_0_20170119200919084.jpg.chip.jpg,Train
35,35_0_3_20170117182830027.jpg.chip.jpg,Train
35,35_0_0_20170117151310138.jpg.chip.jpg,Train
35,35_1_0_20170116201420399.jpg.chip.jpg,Train
35,35_0_0_20170120222647529.jpg.chip.jpg,Train
35,35_0_4_20170117130521027.jpg.chip.jpg,Train
35,35_0_2_20170104191720503.jpg.chip.jpg,Train
35,35_1_0_20170117121936119.jpg.chip.jpg,Train
35,35_0_0_20170117123744051.jpg.chip.jpg,Train
35,35_1_3_20170104232853676.jpg.chip.jpg,Train
35,35_0_0_20170117143404590.jpg.chip.jpg,Train
35,35_0_0_20170117143217969.jpg.chip.jpg,Train
35,35_0_4_20170117121605150.jpg.chip.jpg,Train
35,35_1_0_20170117203426544.jpg.chip.jpg,Train
35,35_0_2_20170116174634892.jpg.chip.jpg,Train
35,35_0_0_20170117135251076.jpg.chip.jpg,Train
35,35_0_3_20170119201122088.jpg.chip.jpg,Train
35,35_1_0_20170117191520420.jpg.chip.jpg,Train
35,35_0_1_20170117143112391.jpg.chip.jpg,Test
35,35_0_3_20170119201352227.jpg.chip.jpg,Test
35,35_1_0_20170117135422687.jpg.chip.jpg,Test
35,35_0_2_20170116173641544.jpg.chip.jpg,Test
35,35_1_1_20170113012005143.jpg.chip.jpg,Test
35,35_0_4_20170117141858070.jpg.chip.jpg,Test
35,35_0_0_20170117135128959.jpg.chip.jpg,Test
35,35_1_3_20170109140914004.jpg.chip.jpg,Test
35,35_0_3_20170117182832156.jpg.chip.jpg,Test
35,35_1_0_20170117135118514.jpg.chip.jpg,Test
35,35_1_0_20170116222748208.jpg.chip.jpg,Test
35,35_1_1_20170113001239705.jpg.chip.jpg,Test
35,35_0_4_20170116212042685.jpg.chip.jpg,Test
35,35_1_0_20170116223137874.jpg.chip.jpg,Test
35,35_1_0_20170104192826910.jpg.chip.jpg,Test
35,35_1_1_20170112230715541.jpg.chip.jpg,Test
35,35_0_1_20170117135949737.jpg.chip.jpg,Test
35,35_1_1_20170113005402981.jpg.chip.jpg,Test
35,35_1_3_20170104231848138.jpg.chip.jpg,Test
35,35_0_4_20170117204532088.jpg.chip.jpg,Test
35,35_1_1_20170113001901555.jpg.chip.jpg,Test
35,35_0_0_20170117134937660.jpg.chip.jpg,Test
35,35_0_0_20170117185746842.jpg.chip.jpg,Test
35,35_0_2_20170119193316562.jpg.chip.jpg,Test
35,35_1_2_20170116191722656.jpg.chip.jpg,Test
36,36_0_0_20170119201622028.jpg.chip.jpg,Train
36,36_1_3_20170117135521500.jpg.chip.jpg,Train
36,36_1_0_20170116003333930.jpg.chip.jpg,Train
36,36_0_0_20170105170234235.jpg.chip.jpg,Train
36,36_0_1_20170116010623450.jpg.chip.jpg,Train
36,36_0_3_20170119181320605.jpg.chip.jpg,Train
36,36_0_3_20170119191815385.jpg.chip.jpg,Train
36,36_0_2_20170104203108125.jpg.chip.jpg,Train
36,36_0_0_20170117135459790.jpg.chip.jpg,Train
36,36_1_3_20161220221952627.jpg.chip.jpg,Train
36,36_1_1_20170113013001026.jpg.chip.jpg,Train
36,36_1_0_20170117135850660.jpg.chip.jpg,Train
36,36_0_0_20170104204247899.jpg.chip.jpg,Train
36,36_1_1_20170112230730598.jpg.chip.jpg,Train
36,36_0_0_20170117183232940.jpg.chip.jpg,Train
36,36_0_0_20170117135443581.jpg.chip.jpg,Train
36,36_0_3_20170119175242539.jpg.chip.jpg,Train
36,36_0_3_20170119194743443.jpg.chip.jpg,Train
36,36_0_0_20170117183307375.jpg.chip.jpg,Train
36,36_1_1_20170113001658573.jpg.chip.jpg,Train
36,36_1_4_20170112234015846.jpg.chip.jpg,Train
36,36_0_1_20170117135812577.jpg.chip.jpg,Train
36,36_1_1_20170113195419453.jpg.chip.jpg,Train
36,36_0_1_20170116205322430.jpg.chip.jpg,Train
36,36_1_0_20170103182848826.jpg.chip.jpg,Train
36,36_0_0_20170117153823071.jpg.chip.jpg,Test
36,36_0_3_20170119201953309.jpg.chip.jpg,Test
36,36_0_2_20170116191934567.jpg.chip.jpg,Test
36,36_1_3_20170117173858390.jpg.chip.jpg,Test
36,36_0_1_20170117163203851.jpg.chip.jpg,Test
36,36_1_0_20170105164513676.jpg.chip.jpg,Test
36,36_0_3_20170119191949649.jpg.chip.jpg,Test
36,36_0_3_20170119201817029.jpg.chip.jpg,Test
36,36_0_1_20170117203447808.jpg.chip.jpg,Test
36,36_1_1_20170117141102516.jpg.chip.jpg,Test
36,36_1_4_20170117180642329.jpg.chip.jpg,Test
36,36_0_3_20170119201744493.jpg.chip.jpg,Test
36,36_1_1_20170113010431887.jpg.chip.jpg,Test
36,36_1_2_20170119164406148.jpg.chip.jpg,Test
36,36_0_0_20170105163342059.jpg.chip.jpg,Test
36,36_1_1_20170112204442403.jpg.chip.jpg,Test
36,36_0_0_20170117140152744.jpg.chip.jpg,Test
36,36_1_3_20170119202210389.jpg.chip.jpg,Test
36,36_0_3_20170119201732293.jpg.chip.jpg,Test
36,36_0_0_20170105172557165.jpg.chip.jpg,Test
36,36_0_0_20170104165455993.jpg.chip.jpg,Test
36,36_0_1_20170117194044752.jpg.chip.jpg,Test
36,36_0_1_20170113174252891.jpg.chip.jpg,Test
36,36_1_1_20170115235941456.jpg.chip.jpg,Test
36,36_1_1_20170113001436331.jpg.chip.jpg,Test
37,37_0_0_20170119202224141.jpg.chip.jpg,Train
37,37_0_1_20170117140332549.jpg.chip.jpg,Train
37,37_0_2_20170119193342866.jpg.chip.jpg,Train
37,37_0_3_20170119194717603.jpg.chip.jpg,Train
37,37_0_1_20170109010710336.jpg.chip.jpg,Train
37,37_1_0_20170117140027921.jpg.chip.jpg,Train
37,37_0_0_20170120221604091.jpg.chip.jpg,Train
37,37_1_1_20170117164315529.jpg.chip.jpg,Train
37,37_1_0_20170105165040044.jpg.chip.jpg,Train
37,37_1_0_20170105172735429.jpg.chip.jpg,Train
37,37_0_3_20170119202316062.jpg.chip.jpg,Train
37,37_1_1_20170112220140249.jpg.chip.jpg,Train
37,37_1_4_20170117203627007.jpg.chip.jpg,Train
37,37_0_3_20170119194814724.jpg.chip.jpg,Train
37,37_0_2_20170116184952701.jpg.chip.jpg,Train
37,37_0_3_20170109141925516.jpg.chip.jpg,Train
37,37_0_1_20170117154312933.jpg.chip.jpg,Train
37,37_0_2_20170116192031601.jpg.chip.jpg,Train
37,37_0_0_20170104205841436.jpg.chip.jpg,Train
37,37_1_1_20170117140121123.jpg.chip.jpg,Train
37,37_1_0_20170105172729613.jpg.chip.jpg,Train
37,37_0_0_20170119202217510.jpg.chip.jpg,Train
37,37_1_3_20170119202307060.jpg.chip.jpg,Train
37,37_0_3_20170119202302736.jpg.chip.jpg,Train
37,37_1_0_20170117160416815.jpg.chip.jpg,Train
37,37_1_2_20170109013335990.jpg.chip.jpg,Test
37,37_0_2_20170116184924251.jpg.chip.jpg,Test
37,37_1_2_20170116184911351.jpg.chip.jpg,Test
37,37_1_1_20170114024523051.jpg.chip.jpg,Test
37,37_0_2_20170116184939699.jpg.chip.jpg,Test
37,37_0_2_20170105163305795.jpg.chip.jpg,Test
37,37_0_2_20170104022325581.jpg.chip.jpg,Test
37,37_0_0_20170109010706831.jpg.chip.jpg,Test
37,37_1_1_20170112215450519.jpg.chip.jpg,Test
37,37_0_1_20170117143125092.jpg.chip.jpg,Test
37,37_1_1_20170116204841022.jpg.chip.jpg,Test
37,37_0_0_20170117140126967.jpg.chip.jpg,Test
37,37_0_2_20170116192050747.jpg.chip.jpg,Test
37,37_0_2_20170119193336730.jpg.chip.jpg,Test
37,37_0_0_20170117141403657.jpg.chip.jpg,Test
37,37_0_3_20170119202312469.jpg.chip.jpg,Test
37,37_0_3_20170119202343501.jpg.chip.jpg,Test
37,37_1_2_20170104005945096.jpg.chip.jpg,Test
37,37_0_3_20170119202258422.jpg.chip.jpg,Test
37,37_0_2_20170116184948230.jpg.chip.jpg,Test
37,37_0_0_20170117140009463.jpg.chip.jpg,Test
37,37_0_0_20170104174218803.jpg.chip.jpg,Test
37,37_0_2_20170116192043134.jpg.chip.jpg,Test
37,37_0_0_20170113210126299.jpg.chip.jpg,Test
37,37_0_0_20170104202623003.jpg.chip.jpg,Test
38,38_0_1_20170116201824880.jpg.chip.jpg,Train
38,38_1_0_20170117154132795.jpg.chip.jpg,Train
38,38_1_0_20170116021831453.jpg.chip.jpg,Train
38,38_1_0_20170117154129371.jpg.chip.jpg,Train
38,38_0_1_20170116200942002.jpg.chip.jpg,Train
38,38_1_3_20170119202610221.jpg.chip.jpg,Train
38,38_0_0_20170116001012194.jpg.chip.jpg,Train
38,38_0_0_20170116235516373.jpg.chip.jpg,Train
38,38_1_1_20170113183519287.jpg.chip.jpg,Train
38,38_0_1_20170116233242125.jpg.chip.jpg,Train
38,38_0_0_20170105184043687.jpg.chip.jpg,Train
38,38_0_0_20170116224644283.jpg.chip.jpg,Train
38,38_0_1_20170113141744284.jpg.chip.jpg,Train
38,38_0_0_20170117153718428.jpg.chip.jpg,Train
38,38_0_4_20170117151031427.jpg.chip.jpg,Train
38,38_0_2_20170116172828624.jpg.chip.jpg,Train
38,38_1_1_20170112205041100.jpg.chip.jpg,Train
38,38_1_0_20170116003418066.jpg.chip.jpg,Train
38,38_0_0_20170104203131804.jpg.chip.jpg,Train
38,38_0_1_20170113174609987.jpg.chip.jpg,Train
38,38_1_4_20170117203738528.jpg.chip.jpg,Train
38,38_1_1_20170116223105812.jpg.chip.jpg,Train
38,38_1_2_20170116162028800.jpg.chip.jpg,Train
38,38_0_0_20170113210126612.jpg.chip.jpg,Train
38,38_1_1_20170112234250209.jpg.chip.jpg,Train
38,38_1_2_20170109140654630.jpg.chip.jpg,Test
38,38_0_0_20170117173903278.jpg.chip.jpg,Test
38,38_1_1_20170113010502255.jpg.chip.jpg,Test
38,38_1_3_20170104234724459.jpg.chip.jpg,Test
38,38_0_1_20170113174041634.jpg.chip.jpg,Test
38,38_1_0_20170104235617475.jpg.chip.jpg,Test
38,38_1_0_20170117154114972.jpg.chip.jpg,Test
38,38_1_3_20170104235012233.jpg.chip.jpg,Test
38,38_1_0_20170103183311778.jpg.chip.jpg,Test
38,38_0_4_20170109013315959.jpg.chip.jpg,Test
38,38_0_1_20170113184321335.jpg.chip.jpg,Test
38,38_1_1_20170116010511938.jpg.chip.jpg,Test
38,38_0_0_20170117153622676.jpg.chip.jpg,Test
38,38_0_0_20170117120656921.jpg.chip.jpg,Test
38,38_0_0_20170104202333304.jpg.chip.jpg,Test
38,38_1_0_20170103184101115.jpg.chip.jpg,Test
38,38_0_2_20170116232740686.jpg.chip.jpg,Test
38,38_0_4_20170104202201977.jpg.chip.jpg,Test
38,38_0_2_20170116192316995.jpg.chip.jpg,Test
38,38_1_1_20170117005942906.jpg.chip.jpg,Test
38,38_1_1_20170116160457906.jpg.chip.jpg,Test
38,38_1_0_20170103163517069.jpg.chip.jpg,Test
38,38_0_1_20170116193927383.jpg.chip.jpg,Test
38,38_1_1_20170113000746434.jpg.chip.jpg,Test
38,38_0_4_20170104174520099.jpg.chip.jpg,Test
39,39_1_2_20170103182754641.jpg.chip.jpg,Train
39,39_1_0_20170104235806251.jpg.chip.jpg,Train
39,39_0_4_20170105172836893.jpg.chip.jpg,Train
39,39_0_0_20170117021547363.jpg.chip.jpg,Train
39,39_0_0_20170104202328306.jpg.chip.jpg,Train
39,39_1_4_20170117203758344.jpg.chip.jpg,Train
39,39_1_2_20170116164304221.jpg.chip.jpg,Train
39,39_0_3_20170117165633172.jpg.chip.jpg,Train
39,39_0_0_20170103183234026.jpg.chip.jpg,Train
39,39_0_0_20170116214253075.jpg.chip.jpg,Train
39,39_0_0_20170104181448317.jpg.chip.jpg,Train
39,39_1_4_20170104172929139.jpg.chip.jpg,Train
39,39_0_3_20170119183908421.jpg.chip.jpg,Train
39,39_0_1_20170117165830236.jpg.chip.jpg,Train
39,39_1_0_20170104210047180.jpg.chip.jpg,Train
39,39_0_3_20170119203958183.jpg.chip.jpg,Train
39,39_0_2_20170116170832396.jpg.chip.jpg,Train
39,39_0_0_20170104184915702.jpg.chip.jpg,Train
39,39_0_0_20170113134725338.jpg.chip.jpg,Train
39,39_0_0_20170117184953833.jpg.chip.jpg,Train
39,39_0_2_20170116192518885.jpg.chip.jpg,Train
39,39_0_0_20170104205320147.jpg.chip.jpg,Train
39,39_0_1_20170113135606217.jpg.chip.jpg,Train
39,39_1_4_20170104204507323.jpg.chip.jpg,Train
39,39_1_0_20170104185134518.jpg.chip.jpg,Train
39,39_1_4_20170104201147354.jpg.chip.jpg,Test
39,39_0_1_20170117165631399.jpg.chip.jpg,Test
39,39_0_1_20170116193433706.jpg.chip.jpg,Test
39,39_1_3_20170104233629347.jpg.chip.jpg,Test
39,39_0_2_20170117172557625.jpg.chip.jpg,Test
39,39_1_1_20170112235246130.jpg.chip.jpg,Test
39,39_1_1_20170113012940833.jpg.chip.jpg,Test
39,39_0_0_20170104183807637.jpg.chip.jpg,Test
39,39_1_20170116174525125.jpg.chip.jpg,Test
39,39_0_1_20170117165839076.jpg.chip.jpg,Test
39,39_1_1_20170113012928648.jpg.chip.jpg,Test
39,39_1_1_20170116225010927.jpg.chip.jpg,Test
39,39_0_0_20170104201949978.jpg.chip.jpg,Test
39,39_0_3_20170119191918705.jpg.chip.jpg,Test
39,39_1_0_20170109221036374.jpg.chip.jpg,Test
39,39_0_3_20170119195343676.jpg.chip.jpg,Test
39,39_1_1_20170116224149881.jpg.chip.jpg,Test
39,39_0_0_20170109133418712.jpg.chip.jpg,Test
39,39_1_1_20170117184932055.jpg.chip.jpg,Test
39,39_1_0_20170103183459755.jpg.chip.jpg,Test
39,39_0_3_20170119203753135.jpg.chip.jpg,Test
39,39_1_0_20170103183200192.jpg.chip.jpg,Test
39,39_0_3_20170104220721736.jpg.chip.jpg,Test
39,39_1_3_20170119172010681.jpg.chip.jpg,Test
39,39_1_0_20170105003308781.jpg.chip.jpg,Test
40,40_0_2_20170104192449111.jpg.chip.jpg,Train
40,40_0_4_20170117203834424.jpg.chip.jpg,Train
40,40_0_0_20170117154610956.jpg.chip.jpg,Train
40,40_0_0_20170117175654041.jpg.chip.jpg,Train
40,40_1_0_20170117160718607.jpg.chip.jpg,Train
40,40_0_0_20170117171009947.jpg.chip.jpg,Train
40,40_0_0_20170117091924107.jpg.chip.jpg,Train
40,40_0_4_20170103235124292.jpg.chip.jpg,Train
40,40_0_2_20170116191436037.jpg.chip.jpg,Train
40,40_0_0_20170117134621935.jpg.chip.jpg,Train
40,40_0_0_20170117131053164.jpg.chip.jpg,Train
40,40_1_0_20170117003453925.jpg.chip.jpg,Train
40,40_0_1_20170116143000824.jpg.chip.jpg,Train
40,40_0_0_20170117152411165.jpg.chip.jpg,Train
40,40_1_2_20170116164250912.jpg.chip.jpg,Train
40,40_1_1_20170113001356402.jpg.chip.jpg,Train
40,40_0_4_20170117194620611.jpg.chip.jpg,Train
40,40_0_4_20170104001839285.jpg.chip.jpg,Train
40,40_0_3_20170119204114783.jpg.chip.jpg,Train
40,40_0_3_20170119210144247.jpg.chip.jpg,Train
40,40_0_4_20170113183427182.jpg.chip.jpg,Train
40,40_1_0_20170104192805191.jpg.chip.jpg,Train
40,40_0_0_20170117154511273.jpg.chip.jpg,Train
40,40_1_0_20170116222643228.jpg.chip.jpg,Train
40,40_0_0_20170116212308931.jpg.chip.jpg,Train
40,40_1_1_20170116233256221.jpg.chip.jpg,Test
40,40_0_2_20170116173649775.jpg.chip.jpg,Test
40,40_0_1_20170113155337187.jpg.chip.jpg,Test
40,40_1_2_20170116180536184.jpg.chip.jpg,Test
40,40_1_0_20170117003132118.jpg.chip.jpg,Test
40,40_0_1_20170117182715021.jpg.chip.jpg,Test
40,40_0_0_20170117154509590.jpg.chip.jpg,Test
40,40_1_3_20170117133747258.jpg.chip.jpg,Test
40,40_1_3_20170117180026300.jpg.chip.jpg,Test
40,40_0_0_20170117131221514.jpg.chip.jpg,Test
40,40_0_0_20170117135030209.jpg.chip.jpg,Test
40,40_0_0_20170116232746033.jpg.chip.jpg,Test
40,40_0_0_20170116233131287.jpg.chip.jpg,Test
40,40_1_0_20170117135406232.jpg.chip.jpg,Test
40,40_1_0_20170104172936762.jpg.chip.jpg,Test
40,40_0_2_20170116174744815.jpg.chip.jpg,Test
40,40_0_0_20170117171106050.jpg.chip.jpg,Test
40,40_0_2_20170104170505569.jpg.chip.jpg,Test
40,40_0_0_20170117133133334.jpg.chip.jpg,Test
40,40_0_3_20170119151114678.jpg.chip.jpg,Test
40,40_0_3_20170119204130582.jpg.chip.jpg,Test
40,40_0_0_20170104204711073.jpg.chip.jpg,Test
40,40_0_1_20170116201948808.jpg.chip.jpg,Test
40,40_0_1_20170113133639818.jpg.chip.jpg,Test
40,40_1_0_20170105164619947.jpg.chip.jpg,Test
41,41_1_3_20170104234715675.jpg.chip.jpg,Train
41,41_0_4_20170104173222571.jpg.chip.jpg,Train
41,41_0_0_20170105173537165.jpg.chip.jpg,Train
41,41_0_0_20170113005316069.jpg.chip.jpg,Train
41,41_0_4_20170104205417148.jpg.chip.jpg,Train
41,41_1_0_20170109012224846.jpg.chip.jpg,Train
41,41_1_0_20170104183215660.jpg.chip.jpg,Train
41,41_0_1_20170116183322571.jpg.chip.jpg,Train
41,41_1_3_20170104235812019.jpg.chip.jpg,Train
41,41_0_3_20170119171546296.jpg.chip.jpg,Train
41,41_1_0_20170117135713137.jpg.chip.jpg,Train
41,41_1_0_20170103182136025.jpg.chip.jpg,Train
41,41_1_1_20170116160535875.jpg.chip.jpg,Train
41,41_1_1_20170117135759031.jpg.chip.jpg,Train
41,41_0_1_20170116203626044.jpg.chip.jpg,Train
41,41_0_1_20170117154304986.jpg.chip.jpg,Train
41,41_0_0_20170104200612385.jpg.chip.jpg,Train
41,41_0_3_20170104232812410.jpg.chip.jpg,Train
41,41_1_1_20170117021604893.jpg.chip.jpg,Train
41,41_0_2_20170116192329504.jpg.chip.jpg,Train
41,41_0_0_20170117185808930.jpg.chip.jpg,Train
41,41_1_4_20170104204946628.jpg.chip.jpg,Train
41,41_0_3_20170104201116162.jpg.chip.jpg,Train
41,41_0_3_20170119175402515.jpg.chip.jpg,Train
41,41_0_0_20170105172936597.jpg.chip.jpg,Train
41,41_1_0_20170103183002200.jpg.chip.jpg,Test
41,41_1_3_20170105001059203.jpg.chip.jpg,Test
41,41_0_2_20170104184907998.jpg.chip.jpg,Test
41,41_0_0_20170109002859574.jpg.chip.jpg,Test
41,41_0_3_20170119143544485.jpg.chip.jpg,Test
41,41_0_4_20170117022116049.jpg.chip.jpg,Test
41,41_0_2_20170117154704827.jpg.chip.jpg,Test
41,41_1_0_20170117133203334.jpg.chip.jpg,Test
41,41_0_4_20170104185252334.jpg.chip.jpg,Test
41,41_0_3_20170119181048675.jpg.chip.jpg,Test
41,41_1_0_20170109133809164.jpg.chip.jpg,Test
41,41_0_2_20170104204700955.jpg.chip.jpg,Test
41,41_1_3_20170109140751299.jpg.chip.jpg,Test
41,41_0_1_20170113190547009.jpg.chip.jpg,Test
41,41_1_1_20170117194317075.jpg.chip.jpg,Test
41,41_0_0_20170104165442057.jpg.chip.jpg,Test
41,41_0_2_20170104211935428.jpg.chip.jpg,Test
41,41_0_0_20170119204215791.jpg.chip.jpg,Test
41,41_1_1_20170114033308804.jpg.chip.jpg,Test
41,41_1_1_20170117203858971.jpg.chip.jpg,Test
41,41_0_0_20170117154652529.jpg.chip.jpg,Test
41,41_1_1_20170116160915103.jpg.chip.jpg,Test
41,41_1_1_20170117135029687.jpg.chip.jpg,Test
41,41_1_3_20170104214413309.jpg.chip.jpg,Test
41,41_0_1_20170116214623616.jpg.chip.jpg,Test
42,42_0_0_20170117171624633.jpg.chip.jpg,Train
42,42_0_0_20170117154743159.jpg.chip.jpg,Train
42,42_1_1_20170113005717990.jpg.chip.jpg,Train
42,42_0_2_20170112215219256.jpg.chip.jpg,Train
42,42_0_1_20170113155055273.jpg.chip.jpg,Train
42,42_0_2_20170104165448593.jpg.chip.jpg,Train
42,42_0_1_20170111200932454.jpg.chip.jpg,Train
42,42_0_0_20170116232941954.jpg.chip.jpg,Train
42,42_1_0_20170104184036733.jpg.chip.jpg,Train
42,42_0_0_20170117154747738.jpg.chip.jpg,Train
42,42_1_4_20170117203934434.jpg.chip.jpg,Train
42,42_1_4_20170119204514367.jpg.chip.jpg,Train
42,42_0_1_20170113190548728.jpg.chip.jpg,Train
42,42_1_0_20170109141959953.jpg.chip.jpg,Train
42,42_0_0_20170117185637738.jpg.chip.jpg,Train
42,42_0_0_20170116193026833.jpg.chip.jpg,Train
42,42_1_1_20170113013004135.jpg.chip.jpg,Train
42,42_0_0_20170104205801060.jpg.chip.jpg,Train
42,42_1_2_20170116162349143.jpg.chip.jpg,Train
42,42_0_4_20170117185614642.jpg.chip.jpg,Train
42,42_0_0_20170117185725872.jpg.chip.jpg,Train
42,42_0_1_20170113190550529.jpg.chip.jpg,Train
42,42_0_0_20170113184108638.jpg.chip.jpg,Train
42,42_0_0_20170116221906957.jpg.chip.jpg,Train
42,42_1_0_20170117154917959.jpg.chip.jpg,Train
42,42_1_1_20170112234656696.jpg.chip.jpg,Test
42,42_0_1_20170113185220472.jpg.chip.jpg,Test
42,42_0_0_20170117185738076.jpg.chip.jpg,Test
42,42_0_3_20170119155807051.jpg.chip.jpg,Test
42,42_1_1_20170116160733333.jpg.chip.jpg,Test
42,42_0_2_20170109012231207.jpg.chip.jpg,Test
42,42_0_3_20170119204443991.jpg.chip.jpg,Test
42,42_0_3_20170113183757104.jpg.chip.jpg,Test
42,42_0_1_20170113184124287.jpg.chip.jpg,Test
42,42_0_3_20170113190642809.jpg.chip.jpg,Test
42,42_0_3_20170119204429765.jpg.chip.jpg,Test
42,42_0_1_20170113135655554.jpg.chip.jpg,Test
42,42_1_0_20170109220451027.jpg.chip.jpg,Test
42,42_1_0_20170104235631908.jpg.chip.jpg,Test
42,42_0_0_20170117154802006.jpg.chip.jpg,Test
42,42_0_0_20170104204810195.jpg.chip.jpg,Test
42,42_1_1_20170113011527191.jpg.chip.jpg,Test
42,42_0_0_20170104183950934.jpg.chip.jpg,Test
42,42_0_0_20170105173002786.jpg.chip.jpg,Test
42,42_1_1_20170113001251739.jpg.chip.jpg,Test
42,42_0_1_20170117171628313.jpg.chip.jpg,Test
42,42_0_1_20170113155108219.jpg.chip.jpg,Test
42,42_0_0_20170104172830274.jpg.chip.jpg,Test
42,42_1_0_20170109140758891.jpg.chip.jpg,Test
42,42_0_0_20170109003533896.jpg.chip.jpg,Test
43,43_1_3_20170109132235319.jpg.chip.jpg,Train
43,43_1_4_20170117185935802.jpg.chip.jpg,Train
43,43_1_3_20170119204701135.jpg.chip.jpg,Train
43,43_0_3_20170104204432075.jpg.chip.jpg,Train
43,43_0_1_20170117165517973.jpg.chip.jpg,Train
43,43_0_0_20170117185833850.jpg.chip.jpg,Train
43,43_1_3_20170109141039762.jpg.chip.jpg,Train
43,43_1_1_20170116023857562.jpg.chip.jpg,Train
43,43_0_1_20170117175110498.jpg.chip.jpg,Train
43,43_1_1_20170113001944659.jpg.chip.jpg,Train
43,43_0_1_20170117175231213.jpg.chip.jpg,Train
43,43_0_3_20170119204551990.jpg.chip.jpg,Train
43,43_1_3_20170119204557143.jpg.chip.jpg,Train
43,43_0_4_20170117135938595.jpg.chip.jpg,Train
43,43_0_0_20170105173013443.jpg.chip.jpg,Train
43,43_1_4_20170117204025030.jpg.chip.jpg,Train
43,43_1_0_20170108234555262.jpg.chip.jpg,Train
43,43_0_0_20170117155054004.jpg.chip.jpg,Train
43,43_0_0_20170111200147932.jpg.chip.jpg,Train
43,43_0_0_20170104210240958.jpg.chip.jpg,Train
43,43_1_0_20170119155553251.jpg.chip.jpg,Train
43,43_1_0_20170117185939842.jpg.chip.jpg,Train
43,43_0_0_20170119163815846.jpg.chip.jpg,Train
43,43_0_1_20170111194850581.jpg.chip.jpg,Train
43,43_0_3_20170119153259240.jpg.chip.jpg,Train
43,43_0_0_20170117171851443.jpg.chip.jpg,Test
43,43_0_1_20170116205314288.jpg.chip.jpg,Test
43,43_0_0_20170117153817367.jpg.chip.jpg,Test
43,43_0_3_20170119180619699.jpg.chip.jpg,Test
43,43_1_0_20170105173021381.jpg.chip.jpg,Test
43,43_1_0_20170103183354850.jpg.chip.jpg,Test
43,43_0_0_20170117155102419.jpg.chip.jpg,Test
43,43_0_0_20170104205923244.jpg.chip.jpg,Test
43,43_1_0_20170103183352530.jpg.chip.jpg,Test
43,43_1_0_20170105173019341.jpg.chip.jpg,Test
43,43_0_0_20170104204257115.jpg.chip.jpg,Test
43,43_0_0_20170119152313480.jpg.chip.jpg,Test
43,43_0_3_20170119204002380.jpg.chip.jpg,Test
43,43_0_1_20170117171820798.jpg.chip.jpg,Test
43,43_0_0_20170104181239741.jpg.chip.jpg,Test
43,43_0_2_20170112220312529.jpg.chip.jpg,Test
43,43_0_0_20170117155057555.jpg.chip.jpg,Test
43,43_0_3_20170119164231565.jpg.chip.jpg,Test
43,43_0_0_20170112220318448.jpg.chip.jpg,Test
43,43_0_0_20170104204616830.jpg.chip.jpg,Test
43,43_0_4_20170104000923085.jpg.chip.jpg,Test
43,43_0_3_20170119202340885.jpg.chip.jpg,Test
43,43_1_2_20170116162034067.jpg.chip.jpg,Test
43,43_0_1_20170104185752431.jpg.chip.jpg,Test
43,43_1_3_20170119193027273.jpg.chip.jpg,Test
44,44_0_0_20170117135644544.jpg.chip.jpg,Train
44,44_0_3_20170119171650408.jpg.chip.jpg,Train
44,44_0_3_20170119172207729.jpg.chip.jpg,Train
44,44_1_3_20170119165329470.jpg.chip.jpg,Train
44,44_0_0_20170113210319338.jpg.chip.jpg,Train
44,44_0_1_20170116010013473.jpg.chip.jpg,Train
44,44_1_1_20170112192324382.jpg.chip.jpg,Train
44,44_1_0_20170111182452895.jpg.chip.jpg,Train
44,44_0_0_20170104210247572.jpg.chip.jpg,Train
44,44_0_1_20170113142045653.jpg.chip.jpg,Train
44,44_0_0_20170117140036990.jpg.chip.jpg,Train
44,44_0_3_20170119200835996.jpg.chip.jpg,Train
44,44_0_1_20170117142003663.jpg.chip.jpg,Train
44,44_1_0_20170111182452900.jpg.chip.jpg,Train
44,44_0_0_20170117155532055.jpg.chip.jpg,Train
44,44_0_3_20170119200840702.jpg.chip.jpg,Train
44,44_0_1_20170117134941304.jpg.chip.jpg,Train
44,44_0_3_20170119200511259.jpg.chip.jpg,Train
44,44_1_0_20170104171556786.jpg.chip.jpg,Train
44,44_1_2_20170104185236854.jpg.chip.jpg,Train
44,44_0_2_20170119184036351.jpg.chip.jpg,Train
44,44_0_3_20170119204704727.jpg.chip.jpg,Train
44,44_1_0_20170117190015938.jpg.chip.jpg,Train
44,44_0_0_20170120134632848.jpg.chip.jpg,Train
44,44_0_3_20170113001948987.jpg.chip.jpg,Train
44,44_0_3_20170119165437319.jpg.chip.jpg,Test
44,44_1_0_20170117190014098.jpg.chip.jpg,Test
44,44_0_3_20170119195204451.jpg.chip.jpg,Test
44,44_0_2_20170107213715065.jpg.chip.jpg,Test
44,44_0_0_20170113210127508.jpg.chip.jpg,Test
44,44_0_3_20170119195216221.jpg.chip.jpg,Test
44,44_1_3_20170119164705141.jpg.chip.jpg,Test
44,44_1_1_20170113011544238.jpg.chip.jpg,Test
44,44_0_0_20170104210021804.jpg.chip.jpg,Test
44,44_1_1_20170116164354400.jpg.chip.jpg,Test
44,44_0_3_20170119201022260.jpg.chip.jpg,Test
44,44_0_3_20170119165428991.jpg.chip.jpg,Test
44,44_0_0_20170120220042234.jpg.chip.jpg,Test
44,44_0_3_20170119200316171.jpg.chip.jpg,Test
44,44_1_1_20170109003554162.jpg.chip.jpg,Test
44,44_0_3_20170119184239800.jpg.chip.jpg,Test
44,44_1_0_20170116222635275.jpg.chip.jpg,Test
44,44_0_3_20170119195144674.jpg.chip.jpg,Test
44,44_0_0_20170117003404757.jpg.chip.jpg,Test
44,44_1_3_20170104235304584.jpg.chip.jpg,Test
44,44_0_1_20170117172018631.jpg.chip.jpg,Test
44,44_1_0_20170116222639625.jpg.chip.jpg,Test
44,44_0_3_20170119200725971.jpg.chip.jpg,Test
44,44_1_1_20170117142913571.jpg.chip.jpg,Test
44,44_0_0_20170109002148152.jpg.chip.jpg,Test
45,45_1_1_20170117141755026.jpg.chip.jpg,Train
45,45_0_3_20170119201309141.jpg.chip.jpg,Train
45,45_0_0_20170117172531012.jpg.chip.jpg,Train
45,45_0_3_20170119165720733.jpg.chip.jpg,Train
45,45_0_0_20170117121756358.jpg.chip.jpg,Train
45,45_0_0_20170117185032873.jpg.chip.jpg,Train
45,45_1_0_20170117190023859.jpg.chip.jpg,Train
45,45_0_3_20170119195659219.jpg.chip.jpg,Train
45,45_0_0_20170117204750369.jpg.chip.jpg,Train
45,45_0_2_20170112215145176.jpg.chip.jpg,Train
45,45_0_1_20170117175348238.jpg.chip.jpg,Train
45,45_0_0_20170113190343889.jpg.chip.jpg,Train
45,45_1_0_20170117200902766.jpg.chip.jpg,Train
45,45_0_0_20170104165204728.jpg.chip.jpg,Train
45,45_0_4_20170117202958949.jpg.chip.jpg,Train
45,45_0_0_20170119195905775.jpg.chip.jpg,Train
45,45_0_1_20170117194133909.jpg.chip.jpg,Train
45,45_0_3_20170117133824630.jpg.chip.jpg,Train
45,45_0_0_20170117163357130.jpg.chip.jpg,Train
45,45_1_1_20170112231623286.jpg.chip.jpg,Train
45,45_0_0_20170117170038938.jpg.chip.jpg,Train
45,45_0_3_20170119171701550.jpg.chip.jpg,Train
45,45_0_3_20170119194525986.jpg.chip.jpg,Train
45,45_1_0_20170117175418025.jpg.chip.jpg,Train
45,45_0_1_20170117173736387.jpg.chip.jpg,Train
45,45_1_0_20170109221158465.jpg.chip.jpg,Test
45,45_0_1_20170113184154999.jpg.chip.jpg,Test
45,45_1_3_20170104234959306.jpg.chip.jpg,Test
45,45_0_2_20170117183529862.jpg.chip.jpg,Test
45,45_1_0_20170117191302524.jpg.chip.jpg,Test
45,45_1_1_20170113195612333.jpg.chip.jpg,Test
45,45_0_3_20170119201748948.jpg.chip.jpg,Test
45,45_0_0_20170116233233803.jpg.chip.jpg,Test
45,45_0_0_20170104210627331.jpg.chip.jpg,Test
45,45_0_1_20170117170533401.jpg.chip.jpg,Test
45,45_0_3_20170119204138943.jpg.chip.jpg,Test
45,45_1_0_20170117135009283.jpg.chip.jpg,Test
45,45_0_3_20170119195752949.jpg.chip.jpg,Test
45,45_0_0_20170116224641273.jpg.chip.jpg,Test
45,45_0_3_20170119202030421.jpg.chip.jpg,Test
45,45_0_1_20170117135648741.jpg.chip.jpg,Test
45,45_0_3_20170119203950879.jpg.chip.jpg,Test
45,45_0_1_20170113182926126.jpg.chip.jpg,Test
45,45_0_0_20170119171850161.jpg.chip.jpg,Test
45,45_0_1_20170111195732003.jpg.chip.jpg,Test
45,45_0_4_20170117203301774.jpg.chip.jpg,Test
45,45_1_0_20170117171159258.jpg.chip.jpg,Test
45,45_0_4_20170117202920775.jpg.chip.jpg,Test
45,45_0_2_20170116232857435.jpg.chip.jpg,Test
45,45_1_4_20170117145210923.jpg.chip.jpg,Test
46,46_1_0_20170104171626722.jpg.chip.jpg,Train
46,46_1_0_20170109013450138.jpg.chip.jpg,Train
46,46_1_2_20170109002550554.jpg.chip.jpg,Train
46,46_0_0_20170104205743292.jpg.chip.jpg,Train
46,46_1_0_20170105172417134.jpg.chip.jpg,Train
46,46_1_1_20170113001937835.jpg.chip.jpg,Train
46,46_1_3_20170117155929032.jpg.chip.jpg,Train
46,46_0_0_20170109012425702.jpg.chip.jpg,Train
46,46_0_1_20170117183456244.jpg.chip.jpg,Train
46,46_0_3_20170119202435756.jpg.chip.jpg,Train
46,46_0_4_20170117190308338.jpg.chip.jpg,Train
46,46_1_0_20170105172747597.jpg.chip.jpg,Train
46,46_1_0_20170110160643141.jpg.chip.jpg,Train
46,46_1_3_20170120140919993.jpg.chip.jpg,Train
46,46_0_3_20170119181027204.jpg.chip.jpg,Train
46,46_0_0_20170104203848115.jpg.chip.jpg,Train
46,46_0_3_20170119204808215.jpg.chip.jpg,Train
46,46_1_3_20170117190202819.jpg.chip.jpg,Train
46,46_0_1_20170117171118355.jpg.chip.jpg,Train
46,46_1_1_20170116001928205.jpg.chip.jpg,Train
46,46_1_0_20170117114910298.jpg.chip.jpg,Train
46,46_1_1_20170112220304903.jpg.chip.jpg,Train
46,46_0_3_20170119200749075.jpg.chip.jpg,Train
46,46_0_1_20170113142208515.jpg.chip.jpg,Train
46,46_0_3_20170104210508188.jpg.chip.jpg,Train
46,46_0_0_20170104211749300.jpg.chip.jpg,Test
46,46_0_4_20170104183938014.jpg.chip.jpg,Test
46,46_0_0_20170108235049898.jpg.chip.jpg,Test
46,46_1_1_20170116161237892.jpg.chip.jpg,Test
46,46_0_0_20170116192656401.jpg.chip.jpg,Test
46,46_0_3_20170119183130575.jpg.chip.jpg,Test
46,46_0_1_20170113173056321.jpg.chip.jpg,Test
46,46_0_3_20170119202242015.jpg.chip.jpg,Test
46,46_1_0_20170104194343303.jpg.chip.jpg,Test
46,46_0_0_20170113185333766.jpg.chip.jpg,Test
46,46_0_3_20170119183449213.jpg.chip.jpg,Test
46,46_1_1_20170112215250704.jpg.chip.jpg,Test
46,46_0_0_20170116214417440.jpg.chip.jpg,Test
46,46_0_0_20170109015549957.jpg.chip.jpg,Test
46,46_0_0_20170104205301379.jpg.chip.jpg,Test
46,46_0_2_20170105171822557.jpg.chip.jpg,Test
46,46_0_0_20170117135809096.jpg.chip.jpg,Test
46,46_1_0_20170110154306423.jpg.chip.jpg,Test
46,46_1_1_20170116223430582.jpg.chip.jpg,Test
46,46_0_1_20170117182528088.jpg.chip.jpg,Test
46,46_1_1_20170113001257466.jpg.chip.jpg,Test
46,46_0_3_20170119183229046.jpg.chip.jpg,Test
46,46_0_3_20170119175317994.jpg.chip.jpg,Test
46,46_0_3_20170119204816695.jpg.chip.jpg,Test
46,46_1_4_20170104172709843.jpg.chip.jpg,Test
47,47_0_3_20170116184916978.jpg.chip.jpg,Train
47,47_0_0_20170120222544769.jpg.chip.jpg,Train
47,47_0_0_20170105173114291.jpg.chip.jpg,Train
47,47_1_0_20170117160425905.jpg.chip.jpg,Train
47,47_0_0_20170104211906453.jpg.chip.jpg,Train
47,47_0_0_20170104210309196.jpg.chip.jpg,Train
47,47_0_4_20170104210453028.jpg.chip.jpg,Train
47,47_1_0_20170109142251314.jpg.chip.jpg,Train
47,47_0_0_20170109010047327.jpg.chip.jpg,Train
47,47_0_0_20170104211830788.jpg.chip.jpg,Train
47,47_0_3_20170119183143206.jpg.chip.jpg,Train
47,47_1_1_20170116160632406.jpg.chip.jpg,Train
47,47_0_0_20170119175343739.jpg.chip.jpg,Train
47,47_0_1_20170117021247110.jpg.chip.jpg,Train
47,47_0_0_20170104210353956.jpg.chip.jpg,Train
47,47_0_0_20170104210614252.jpg.chip.jpg,Train
47,47_0_0_20170117135913231.jpg.chip.jpg,Train
47,47_0_0_20170105173254709.jpg.chip.jpg,Train
47,47_0_0_20170117160014951.jpg.chip.jpg,Train
47,47_0_0_20170105173138581.jpg.chip.jpg,Train
47,47_0_1_20170109001703779.jpg.chip.jpg,Train
47,47_0_0_20170117165141482.jpg.chip.jpg,Train
47,47_0_0_20170117190258354.jpg.chip.jpg,Train
47,47_1_0_20170103183432930.jpg.chip.jpg,Train
47,47_0_3_20170109142337247.jpg.chip.jpg,Train
47,47_0_1_20170117141144856.jpg.chip.jpg,Test
47,47_1_3_20170109142337247.jpg.chip.jpg,Test
47,47_0_3_20170119205217135.jpg.chip.jpg,Test
47,47_0_3_20170119205212904.jpg.chip.jpg,Test
47,47_0_0_20170109012320435.jpg.chip.jpg,Test
47,47_0_3_20170119184351798.jpg.chip.jpg,Test
47,47_0_3_20170119205156254.jpg.chip.jpg,Test
47,47_0_3_20170119205127722.jpg.chip.jpg,Test
47,47_1_0_20170109220729248.jpg.chip.jpg,Test
47,47_1_0_20170104235823851.jpg.chip.jpg,Test
47,47_0_0_20170109012427196.jpg.chip.jpg,Test
47,47_0_0_20170119205119560.jpg.chip.jpg,Test
47,47_0_0_20170116205608766.jpg.chip.jpg,Test
47,47_1_1_20170116160640036.jpg.chip.jpg,Test
47,47_0_3_20170119202334925.jpg.chip.jpg,Test
47,47_0_3_20170119152344615.jpg.chip.jpg,Test
47,47_0_3_20170119202123349.jpg.chip.jpg,Test
47,47_0_0_20170116214228124.jpg.chip.jpg,Test
47,47_1_0_20170117140025374.jpg.chip.jpg,Test
47,47_0_0_20170116204145373.jpg.chip.jpg,Test
47,47_0_1_20170117193737256.jpg.chip.jpg,Test
47,47_0_1_20170117172552003.jpg.chip.jpg,Test
47,47_0_3_20170104211858844.jpg.chip.jpg,Test
47,47_0_0_20170109013222454.jpg.chip.jpg,Test
47,47_0_0_20170103183528850.jpg.chip.jpg,Test
48,48_0_4_20170117163407198.jpg.chip.jpg,Train
48,48_0_0_20170104184737717.jpg.chip.jpg,Train
48,48_0_3_20170119211330007.jpg.chip.jpg,Train
48,48_1_3_20170109132358247.jpg.chip.jpg,Train
48,48_0_0_20170117003352809.jpg.chip.jpg,Train
48,48_1_3_20170104220351694.jpg.chip.jpg,Train
48,48_0_1_20170113183822367.jpg.chip.jpg,Train
48,48_1_0_20170119192701682.jpg.chip.jpg,Train
48,48_1_0_20170110125249128.jpg.chip.jpg,Train
48,48_0_2_20170117160518496.jpg.chip.jpg,Train
48,48_0_1_20170104212527708.jpg.chip.jpg,Train
48,48_1_1_20170113190404873.jpg.chip.jpg,Train
48,48_0_3_20170119201847821.jpg.chip.jpg,Train
48,48_1_2_20170109002813437.jpg.chip.jpg,Train
48,48_0_0_20170113183719446.jpg.chip.jpg,Train
48,48_1_0_20170103224620464.jpg.chip.jpg,Train
48,48_1_0_20170109135746831.jpg.chip.jpg,Train
48,48_0_0_20170117165848844.jpg.chip.jpg,Train
48,48_0_0_20170117153924476.jpg.chip.jpg,Train
48,48_1_0_20170117160521447.jpg.chip.jpg,Train
48,48_0_0_20170117174428789.jpg.chip.jpg,Train
48,48_0_1_20170113182616942.jpg.chip.jpg,Train
48,48_0_3_20170119205336640.jpg.chip.jpg,Train
48,48_1_0_20170109220537701.jpg.chip.jpg,Train
48,48_0_1_20170117173143196.jpg.chip.jpg,Train
48,48_0_0_20170104184236333.jpg.chip.jpg,Test
48,48_0_0_20170105163527867.jpg.chip.jpg,Test
48,48_0_0_20170117183518783.jpg.chip.jpg,Test
48,48_1_0_20170105000634011.jpg.chip.jpg,Test
48,48_1_0_20170110154357405.jpg.chip.jpg,Test
48,48_0_0_20170117121812224.jpg.chip.jpg,Test
48,48_0_0_20170116233057278.jpg.chip.jpg,Test
48,48_0_1_20170113142055436.jpg.chip.jpg,Test
48,48_0_1_20170117020834578.jpg.chip.jpg,Test
48,48_0_0_20170117013722003.jpg.chip.jpg,Test
48,48_0_1_20170113173459020.jpg.chip.jpg,Test
48,48_0_3_20170105180838870.jpg.chip.jpg,Test
48,48_0_0_20170104193619832.jpg.chip.jpg,Test
48,48_1_0_20170119205430280.jpg.chip.jpg,Test
48,48_1_0_20170109011221762.jpg.chip.jpg,Test
48,48_0_0_20170117160523895.jpg.chip.jpg,Test
48,48_0_0_20170104210544269.jpg.chip.jpg,Test
48,48_0_3_20170119193054233.jpg.chip.jpg,Test
48,48_1_0_20170109142203204.jpg.chip.jpg,Test
48,48_1_0_20170109221004139.jpg.chip.jpg,Test
48,48_0_4_20170104211610652.jpg.chip.jpg,Test
48,48_0_0_20170109012405234.jpg.chip.jpg,Test
48,48_0_0_20170113183802559.jpg.chip.jpg,Test
48,48_0_2_20170104212013870.jpg.chip.jpg,Test
48,48_0_0_20170117164541702.jpg.chip.jpg,Test
49,49_0_0_20170104185843894.jpg.chip.jpg,Train
49,49_0_3_20170119205447575.jpg.chip.jpg,Train
49,49_0_2_20170104021434588.jpg.chip.jpg,Train
49,49_0_3_20170119205456552.jpg.chip.jpg,Train
49,49_1_1_20170113173337426.jpg.chip.jpg,Train
49,49_0_0_20170105163916587.jpg.chip.jpg,Train
49,49_1_1_20170104005312671.jpg.chip.jpg,Train
49,49_0_0_20170104213117085.jpg.chip.jpg,Train
49,49_1_3_20170109140923740.jpg.chip.jpg,Train
49,49_1_0_20170104185051510.jpg.chip.jpg,Train
49,49_1_3_20170104231642491.jpg.chip.jpg,Train
49,49_1_0_20170104205013876.jpg.chip.jpg,Train
49,49_0_1_20170113142200613.jpg.chip.jpg,Train
49,49_1_0_20170109221050190.jpg.chip.jpg,Train
49,49_0_3_20170119202423862.jpg.chip.jpg,Train
49,49_0_1_20170116191717345.jpg.chip.jpg,Train
49,49_1_0_20170109220635624.jpg.chip.jpg,Train
49,49_0_0_20170117160559335.jpg.chip.jpg,Train
49,49_1_0_20170109142131660.jpg.chip.jpg,Train
49,49_0_4_20170104210601356.jpg.chip.jpg,Train
49,49_1_0_20170109011101339.jpg.chip.jpg,Train
49,49_1_3_20170109141810902.jpg.chip.jpg,Train
49,49_0_0_20170104185354638.jpg.chip.jpg,Train
49,49_0_4_20170104205251139.jpg.chip.jpg,Train
49,49_0_3_20170105172442069.jpg.chip.jpg,Train
49,49_0_0_20170104212545028.jpg.chip.jpg,Test
49,49_1_0_20170104185652921.jpg.chip.jpg,Test
49,49_0_3_20170104220818198.jpg.chip.jpg,Test
49,49_0_3_20170119200252003.jpg.chip.jpg,Test
49,49_1_0_20170104235655316.jpg.chip.jpg,Test
49,49_1_0_20170103181021153.jpg.chip.jpg,Test
49,49_1_0_20170103181519681.jpg.chip.jpg,Test
49,49_1_0_20170103181849281.jpg.chip.jpg,Test
49,49_1_0_20170104184759926.jpg.chip.jpg,Test
49,49_0_0_20170117190513467.jpg.chip.jpg,Test
49,49_1_0_20170110141243521.jpg.chip.jpg,Test
49,49_1_0_20170104184001972.jpg.chip.jpg,Test
49,49_1_0_20170104204953660.jpg.chip.jpg,Test
49,49_1_0_20170110154336582.jpg.chip.jpg,Test
49,49_0_0_20170109003418343.jpg.chip.jpg,Test
49,49_0_0_20170104212123348.jpg.chip.jpg,Test
49,49_1_0_20170109220421978.jpg.chip.jpg,Test
49,49_1_3_20170113190751369.jpg.chip.jpg,Test
49,49_0_3_20170119204414414.jpg.chip.jpg,Test
49,49_1_0_20170109220611995.jpg.chip.jpg,Test
49,49_1_0_20170109142119876.jpg.chip.jpg,Test
49,49_1_3_20170109132711133.jpg.chip.jpg,Test
49,49_0_3_20170119201931356.jpg.chip.jpg,Test
49,49_1_1_20170112235151889.jpg.chip.jpg,Test
49,49_0_3_20170117130532515.jpg.chip.jpg,Test
50,50_0_3_20170119204134671.jpg.chip.jpg,Train
50,50_1_0_20170110141207224.jpg.chip.jpg,Train
50,50_1_0_20170109012444348.jpg.chip.jpg,Train
50,50_0_0_20170117135618315.jpg.chip.jpg,Train
50,50_1_1_20170117185827827.jpg.chip.jpg,Train
50,50_1_0_20170117092157802.jpg.chip.jpg,Train
50,50_0_3_20170119205530376.jpg.chip.jpg,Train
50,50_0_4_20170117203237079.jpg.chip.jpg,Train
50,50_0_0_20170109010637842.jpg.chip.jpg,Train
50,50_0_0_20170116225153572.jpg.chip.jpg,Train
50,50_0_0_20170109004250555.jpg.chip.jpg,Train
50,50_0_3_20170113190323248.jpg.chip.jpg,Train
50,50_1_1_20170120220813715.jpg.chip.jpg,Train
50,50_0_1_20170117172803693.jpg.chip.jpg,Train
50,50_0_3_20170119204714191.jpg.chip.jpg,Train
50,50_0_1_20170113173828618.jpg.chip.jpg,Train
50,50_0_3_20170117144239634.jpg.chip.jpg,Train
50,50_0_3_20170117181143891.jpg.chip.jpg,Train
50,50_0_0_20170120221455142.jpg.chip.jpg,Train
50,50_0_0_20170105161353395.jpg.chip.jpg,Train
50,50_0_3_20170119205125927.jpg.chip.jpg,Train
50,50_1_3_20170109134207312.jpg.chip.jpg,Train
50,50_0_3_20170119204709807.jpg.chip.jpg,Train
50,50_0_3_20170119195739498.jpg.chip.jpg,Train
50,50_1_0_20170117181420604.jpg.chip.jpg,Train
50,50_0_3_20170119183204846.jpg.chip.jpg,Test
50,50_0_3_20170119205600824.jpg.chip.jpg,Test
50,50_0_0_20170119205551095.jpg.chip.jpg,Test
50,50_0_0_20170117135339136.jpg.chip.jpg,Test
50,50_0_2_20170116174343792.jpg.chip.jpg,Test
50,50_1_0_20170116223837168.jpg.chip.jpg,Test
50,50_0_3_20170113184235991.jpg.chip.jpg,Test
50,50_1_1_20170112215232959.jpg.chip.jpg,Test
50,50_1_0_20170109012257664.jpg.chip.jpg,Test
50,50_0_3_20170119203857710.jpg.chip.jpg,Test
50,50_0_4_20170117204155370.jpg.chip.jpg,Test
50,50_0_0_20170111171747253.jpg.chip.jpg,Test
50,50_0_0_20170120222416184.jpg.chip.jpg,Test
50,50_0_0_20170117135034485.jpg.chip.jpg,Test
50,50_0_0_20170111181750454.jpg.chip.jpg,Test
50,50_1_0_20170117121926916.jpg.chip.jpg,Test
50,50_0_4_20170117204204793.jpg.chip.jpg,Test
50,50_0_3_20170119201854301.jpg.chip.jpg,Test
50,50_0_3_20170119205151901.jpg.chip.jpg,Test
50,50_1_0_20170120220951100.jpg.chip.jpg,Test
50,50_0_0_20170117154624362.jpg.chip.jpg,Test
50,50_0_0_20170117190140770.jpg.chip.jpg,Test
50,50_0_1_20170116010800352.jpg.chip.jpg,Test
50,50_0_1_20170117135655702.jpg.chip.jpg,Test
50,50_1_0_20170110143343917.jpg.chip.jpg,Test
51,51_0_4_20170104210348196.jpg.chip.jpg,Train
51,51_1_2_20170109131917693.jpg.chip.jpg,Train
51,51_0_3_20170119211842089.jpg.chip.jpg,Train
51,51_1_2_20170104212216588.jpg.chip.jpg,Train
51,51_1_1_20170112213122309.jpg.chip.jpg,Train
51,51_1_1_20170114030618551.jpg.chip.jpg,Train
51,51_0_0_20170117171936642.jpg.chip.jpg,Train
51,51_1_4_20170117123956403.jpg.chip.jpg,Train
51,51_1_0_20170109010116440.jpg.chip.jpg,Train
51,51_1_0_20170103183556395.jpg.chip.jpg,Train
51,51_1_0_20170117190830626.jpg.chip.jpg,Train
51,51_0_0_20170105173555117.jpg.chip.jpg,Train
51,51_1_0_20170104183749773.jpg.chip.jpg,Train
51,51_0_0_20170117160750863.jpg.chip.jpg,Train
51,51_0_0_20170117160746568.jpg.chip.jpg,Train
51,51_0_1_20170117194228848.jpg.chip.jpg,Train
51,51_0_0_20170117190820026.jpg.chip.jpg,Train
51,51_0_0_20170111171747345.jpg.chip.jpg,Train
51,51_0_3_20170119205627558.jpg.chip.jpg,Train
51,51_1_0_20170109142258293.jpg.chip.jpg,Train
51,51_0_0_20170117160754830.jpg.chip.jpg,Train
51,51_1_3_20170104232315523.jpg.chip.jpg,Train
51,51_1_0_20170110154635631.jpg.chip.jpg,Train
51,51_1_0_20170117160813103.jpg.chip.jpg,Train
51,51_1_3_20170109142417013.jpg.chip.jpg,Train
51,51_0_3_20170119205628400.jpg.chip.jpg,Test
51,51_0_4_20170104210502395.jpg.chip.jpg,Test
51,51_1_0_20170119205632903.jpg.chip.jpg,Test
51,51_0_0_20170117173720491.jpg.chip.jpg,Test
51,51_0_0_20170104211553436.jpg.chip.jpg,Test
51,51_1_0_20170110140837714.jpg.chip.jpg,Test
51,51_0_0_20170117160807782.jpg.chip.jpg,Test
51,51_1_0_20170110123530286.jpg.chip.jpg,Test
51,51_1_0_20170110123256915.jpg.chip.jpg,Test
51,51_1_1_20170112213230359.jpg.chip.jpg,Test
51,51_1_1_20170120133936151.jpg.chip.jpg,Test
51,51_0_1_20170117141120750.jpg.chip.jpg,Test
51,51_0_0_20170117160749894.jpg.chip.jpg,Test
51,51_0_0_20170120222842138.jpg.chip.jpg,Test
51,51_0_0_20170109012434913.jpg.chip.jpg,Test
51,51_0_3_20170104220403390.jpg.chip.jpg,Test
51,51_1_0_20170110153411621.jpg.chip.jpg,Test
51,51_0_0_20170117160751777.jpg.chip.jpg,Test
51,51_0_3_20170119205629231.jpg.chip.jpg,Test
51,51_0_0_20170109134337423.jpg.chip.jpg,Test
51,51_0_0_20170117162917059.jpg.chip.jpg,Test
51,51_1_0_20170110154639018.jpg.chip.jpg,Test
51,51_0_1_20170113142122196.jpg.chip.jpg,Test
51,51_0_0_20170111181750489.jpg.chip.jpg,Test
51,51_0_4_20170104193634471.jpg.chip.jpg,Test
52,52_1_0_20170105173045268.jpg.chip.jpg,Train
52,52_0_1_20170113142156388.jpg.chip.jpg,Train
52,52_1_0_20170109012706985.jpg.chip.jpg,Train
52,52_0_0_20170117161039222.jpg.chip.jpg,Train
52,52_1_1_20170105003356704.jpg.chip.jpg,Train
52,52_0_4_20170104212325060.jpg.chip.jpg,Train
52,52_0_0_20170111203351228.jpg.chip.jpg,Train
52,52_1_0_20170104212301653.jpg.chip.jpg,Train
52,52_0_1_20170117175021585.jpg.chip.jpg,Train
52,52_0_3_20170104220841902.jpg.chip.jpg,Train
52,52_1_0_20170109013524205.jpg.chip.jpg,Train
52,52_1_0_20170104002309261.jpg.chip.jpg,Train
52,52_0_4_20170103183610052.jpg.chip.jpg,Train
52,52_0_3_20170104220829094.jpg.chip.jpg,Train
52,52_0_1_20170111200619762.jpg.chip.jpg,Train
52,52_0_0_20170104210142444.jpg.chip.jpg,Train
52,52_0_4_20170111201929576.jpg.chip.jpg,Train
52,52_1_0_20170113184714320.jpg.chip.jpg,Train
52,52_0_0_20170105173215909.jpg.chip.jpg,Train
52,52_1_0_20170109220548552.jpg.chip.jpg,Train
52,52_0_0_20170111204457405.jpg.chip.jpg,Train
52,52_1_0_20170105184031767.jpg.chip.jpg,Train
52,52_0_0_20170117163200514.jpg.chip.jpg,Train
52,52_0_0_20170116192911629.jpg.chip.jpg,Train
52,52_0_3_20170104214700621.jpg.chip.jpg,Train
52,52_0_0_20170111200615194.jpg.chip.jpg,Test
52,52_0_4_20170104212316604.jpg.chip.jpg,Test
52,52_0_0_20170116183903737.jpg.chip.jpg,Test
52,52_0_3_20170119205712208.jpg.chip.jpg,Test
52,52_1_0_20170109221054399.jpg.chip.jpg,Test
52,52_1_0_20170113182810479.jpg.chip.jpg,Test
52,52_0_3_20170119205650336.jpg.chip.jpg,Test
52,52_0_3_20170119200259595.jpg.chip.jpg,Test
52,52_0_3_20170119200211340.jpg.chip.jpg,Test
52,52_0_0_20170117161015463.jpg.chip.jpg,Test
52,52_1_0_20170110151342799.jpg.chip.jpg,Test
52,52_0_0_20170111195726274.jpg.chip.jpg,Test
52,52_0_3_20170117190840617.jpg.chip.jpg,Test
52,52_0_0_20170117161040990.jpg.chip.jpg,Test
52,52_0_0_20170104184201550.jpg.chip.jpg,Test
52,52_0_0_20170116233057278.jpg.chip.jpg,Test
52,52_0_0_20170111181750501.jpg.chip.jpg,Test
52,52_0_1_20170113174958212.jpg.chip.jpg,Test
52,52_0_0_20170117154814549.jpg.chip.jpg,Test
52,52_0_0_20170111202347090.jpg.chip.jpg,Test
52,52_0_1_20170113184035487.jpg.chip.jpg,Test
52,52_0_0_20170117161009270.jpg.chip.jpg,Test
52,52_0_2_20170117161035782.jpg.chip.jpg,Test
52,52_0_1_20170113173551387.jpg.chip.jpg,Test
52,52_0_1_20170113184703751.jpg.chip.jpg,Test
53,53_0_3_20170119205830000.jpg.chip.jpg,Train
53,53_0_0_20170104210256884.jpg.chip.jpg,Train
53,53_1_0_20170110122611684.jpg.chip.jpg,Train
53,53_0_0_20170117161105279.jpg.chip.jpg,Train
53,53_0_0_20170117190933140.jpg.chip.jpg,Train
53,53_0_3_20170119205842672.jpg.chip.jpg,Train
53,53_0_0_20170104184415133.jpg.chip.jpg,Train
53,53_0_0_20170117190917315.jpg.chip.jpg,Train
53,53_0_0_20170117163705002.jpg.chip.jpg,Train
53,53_1_0_20170110160643297.jpg.chip.jpg,Train
53,53_0_3_20170119212002295.jpg.chip.jpg,Train
53,53_1_0_20170109133404907.jpg.chip.jpg,Train
53,53_0_1_20170116024724425.jpg.chip.jpg,Train
53,53_0_3_20170119205743575.jpg.chip.jpg,Train
53,53_0_0_20170104205937252.jpg.chip.jpg,Train
53,53_0_0_20170120223001107.jpg.chip.jpg,Train
53,53_1_0_20170109220957462.jpg.chip.jpg,Train
53,53_0_0_20170111200627419.jpg.chip.jpg,Train
53,53_0_3_20170112220530017.jpg.chip.jpg,Train
53,53_0_0_20170117161102128.jpg.chip.jpg,Train
53,53_0_0_20170104212139332.jpg.chip.jpg,Train
53,53_1_1_20170117155117307.jpg.chip.jpg,Train
53,53_1_0_20170109012819625.jpg.chip.jpg,Train
53,53_0_1_20170120222956787.jpg.chip.jpg,Train
53,53_0_2_20170119205816456.jpg.chip.jpg,Train
53,53_1_1_20170110122449716.jpg.chip.jpg,Test
53,53_0_2_20170112215433623.jpg.chip.jpg,Test
53,53_0_0_20170109012753174.jpg.chip.jpg,Test
53,53_0_3_20170119205912343.jpg.chip.jpg,Test
53,53_0_0_20170104184207950.jpg.chip.jpg,Test
53,53_1_1_20170116175619856.jpg.chip.jpg,Test
53,53_0_0_20170105172607885.jpg.chip.jpg,Test
53,53_0_3_20170104220848558.jpg.chip.jpg,Test
53,53_1_4_20170117204257206.jpg.chip.jpg,Test
53,53_0_0_20170109012810348.jpg.chip.jpg,Test
53,53_0_0_20170117161109630.jpg.chip.jpg,Test
53,53_0_0_20170111171747413.jpg.chip.jpg,Test
53,53_1_0_20170104212419940.jpg.chip.jpg,Test
53,53_0_3_20170119205914040.jpg.chip.jpg,Test
53,53_0_0_20170104213317911.jpg.chip.jpg,Test
53,53_1_0_20170110154320128.jpg.chip.jpg,Test
53,53_0_0_20170109002933938.jpg.chip.jpg,Test
53,53_1_0_20170108224819091.jpg.chip.jpg,Test
53,53_1_0_20170104170652531.jpg.chip.jpg,Test
53,53_0_3_20170119205857264.jpg.chip.jpg,Test
53,53_1_0_20170110141257440.jpg.chip.jpg,Test
53,53_1_0_20170109220746274.jpg.chip.jpg,Test
53,53_0_0_20170111201629101.jpg.chip.jpg,Test
53,53_0_0_20170104184408718.jpg.chip.jpg,Test
53,53_0_3_20170119202446453.jpg.chip.jpg,Test
54,54_0_0_20170120223234975.jpg.chip.jpg,Train
54,54_0_0_20170104184603397.jpg.chip.jpg,Train
54,54_0_0_20170109013343077.jpg.chip.jpg,Train
54,54_0_0_20170120223314300.jpg.chip.jpg,Train
54,54_0_0_20170111201425519.jpg.chip.jpg,Train
54,54_1_1_20170120223626558.jpg.chip.jpg,Train
54,54_0_0_20170111195752794.jpg.chip.jpg,Train
54,54_0_0_20170120223525741.jpg.chip.jpg,Train
54,54_0_3_20170119181142982.jpg.chip.jpg,Train
54,54_0_3_20170119210122240.jpg.chip.jpg,Train
54,54_0_0_20170111195744986.jpg.chip.jpg,Train
54,54_0_0_20170104212621156.jpg.chip.jpg,Train
54,54_0_3_20170119210111784.jpg.chip.jpg,Train
54,54_0_0_20170120223246116.jpg.chip.jpg,Train
54,54_0_0_20170113210319475.jpg.chip.jpg,Train
54,54_0_0_20170117184739996.jpg.chip.jpg,Train
54,54_1_0_20170103180708902.jpg.chip.jpg,Train
54,54_1_3_20170119211351832.jpg.chip.jpg,Train
54,54_0_3_20170119210102142.jpg.chip.jpg,Train
54,54_0_3_20170119210223969.jpg.chip.jpg,Train
54,54_1_0_20170110122243471.jpg.chip.jpg,Train
54,54_1_0_20170117171243020.jpg.chip.jpg,Train
54,54_0_3_20170119201327821.jpg.chip.jpg,Train
54,54_0_0_20170109150353590.jpg.chip.jpg,Train
54,54_0_1_20170117173717615.jpg.chip.jpg,Train
54,54_1_0_20170117171505517.jpg.chip.jpg,Test
54,54_1_3_20170119211352971.jpg.chip.jpg,Test
54,54_0_2_20170120223248924.jpg.chip.jpg,Test
54,54_0_4_20170103210718779.jpg.chip.jpg,Test
54,54_0_1_20170113145459151.jpg.chip.jpg,Test
54,54_0_3_20170119210215231.jpg.chip.jpg,Test
54,54_0_0_20170117163720882.jpg.chip.jpg,Test
54,54_1_1_20170104184935862.jpg.chip.jpg,Test
54,54_1_0_20170117171701754.jpg.chip.jpg,Test
54,54_0_0_20170116171216593.jpg.chip.jpg,Test
54,54_0_1_20170117191441764.jpg.chip.jpg,Test
54,54_0_0_20170104212504460.jpg.chip.jpg,Test
54,54_0_0_20170105173633085.jpg.chip.jpg,Test
54,54_1_1_20170117184308137.jpg.chip.jpg,Test
54,54_0_0_20170104212617845.jpg.chip.jpg,Test
54,54_1_1_20170113002054908.jpg.chip.jpg,Test
54,54_0_0_20170120223347588.jpg.chip.jpg,Test
54,54_0_0_20170119201455775.jpg.chip.jpg,Test
54,54_0_0_20170117191328833.jpg.chip.jpg,Test
54,54_1_0_20170110122945745.jpg.chip.jpg,Test
54,54_0_0_20170117191404331.jpg.chip.jpg,Test
54,54_1_0_20170104235913154.jpg.chip.jpg,Test
54,54_0_0_20170104184945414.jpg.chip.jpg,Test
54,54_0_0_20170104212537133.jpg.chip.jpg,Test
54,54_0_3_20170104220912510.jpg.chip.jpg,Test
55,55_0_3_20170119200941652.jpg.chip.jpg,Train
55,55_0_1_20170117201404086.jpg.chip.jpg,Train
55,55_0_3_20170117175457824.jpg.chip.jpg,Train
55,55_0_1_20170117015513943.jpg.chip.jpg,Train
55,55_0_3_20170117183255158.jpg.chip.jpg,Train
55,55_0_1_20170113184610639.jpg.chip.jpg,Train
55,55_1_0_20170103183939755.jpg.chip.jpg,Train
55,55_0_1_20170104185028367.jpg.chip.jpg,Train
55,55_0_3_20170119171757096.jpg.chip.jpg,Train
55,55_1_3_20170117154725038.jpg.chip.jpg,Train
55,55_1_3_20170109141153263.jpg.chip.jpg,Train
55,55_1_1_20170112221944068.jpg.chip.jpg,Train
55,55_1_0_20170117092223899.jpg.chip.jpg,Train
55,55_0_1_20170120134315207.jpg.chip.jpg,Train
55,55_0_0_20170117155107102.jpg.chip.jpg,Train
55,55_0_3_20170119211432745.jpg.chip.jpg,Train
55,55_0_0_20170117135625808.jpg.chip.jpg,Train
55,55_0_0_20170120221715677.jpg.chip.jpg,Train
55,55_0_0_20170117185015353.jpg.chip.jpg,Train
55,55_0_3_20170119202635230.jpg.chip.jpg,Train
55,55_0_0_20170104204634819.jpg.chip.jpg,Train
55,55_1_0_20170117152514923.jpg.chip.jpg,Train
55,55_1_0_20170117175304208.jpg.chip.jpg,Train
55,55_0_0_20170117155100774.jpg.chip.jpg,Train
55,55_0_3_20170119154102401.jpg.chip.jpg,Train
55,55_0_0_20170120223714006.jpg.chip.jpg,Test
55,55_0_4_20170120134239783.jpg.chip.jpg,Test
55,55_0_0_20170116232725357jpg.chip.jpg,Test
55,55_0_3_20170119201758443.jpg.chip.jpg,Test
55,55_0_0_20170111195247744.jpg.chip.jpg,Test
55,55_0_3_20170105180635542.jpg.chip.jpg,Test
55,55_0_3_20170119204546494.jpg.chip.jpg,Test
55,55_0_3_20170119195128779.jpg.chip.jpg,Test
55,55_0_0_20170120221653868.jpg.chip.jpg,Test
55,55_1_0_20170117155022829.jpg.chip.jpg,Test
55,55_0_0_20170120223717438.jpg.chip.jpg,Test
55,55_0_4_20170117203246215.jpg.chip.jpg,Test
55,55_0_3_20170119191938385.jpg.chip.jpg,Test
55,55_0_0_20170104184424541.jpg.chip.jpg,Test
55,55_1_0_20170120222833049.jpg.chip.jpg,Test
55,55_0_3_20170119181109749.jpg.chip.jpg,Test
55,55_0_0_20170117160031913.jpg.chip.jpg,Test
55,55_0_1_20170117170627262.jpg.chip.jpg,Test
55,55_0_3_20170119171327855.jpg.chip.jpg,Test
55,55_0_0_20170105161419947.jpg.chip.jpg,Test
55,55_0_0_20170120222359871.jpg.chip.jpg,Test
55,55_0_0_20170111202253255.jpg.chip.jpg,Test
55,55_0_0_20170120223706509.jpg.chip.jpg,Test
55,55_0_3_20170119202724469.jpg.chip.jpg,Test
55,55_0_3_20170119205307824.jpg.chip.jpg,Test
56,56_0_0_20170113182426934.jpg.chip.jpg,Train
56,56_0_0_20170113185134655.jpg.chip.jpg,Train
56,56_1_1_20170113012653153.jpg.chip.jpg,Train
56,56_1_0_20170110122646077.jpg.chip.jpg,Train
56,56_0_0_20170117174903919.jpg.chip.jpg,Train
56,56_0_0_20170111203827776.jpg.chip.jpg,Train
56,56_1_3_20170119181445803.jpg.chip.jpg,Train
56,56_1_0_20170110141434080.jpg.chip.jpg,Train
56,56_1_0_20170110131907975.jpg.chip.jpg,Train
56,56_0_0_20170109004309811.jpg.chip.jpg,Train
56,56_1_0_20170109220607828.jpg.chip.jpg,Train
56,56_0_3_20170119201957245.jpg.chip.jpg,Train
56,56_0_0_20170111171747473.jpg.chip.jpg,Train
56,56_1_3_20170109132319407.jpg.chip.jpg,Train
56,56_1_2_20170104201008890.jpg.chip.jpg,Train
56,56_0_0_20170111200016066.jpg.chip.jpg,Train
56,56_1_3_20170109141502576.jpg.chip.jpg,Train
56,56_1_0_20170109220504650.jpg.chip.jpg,Train
56,56_0_3_20170113190509801.jpg.chip.jpg,Train
56,56_0_1_20170120222838627.jpg.chip.jpg,Train
56,56_0_0_20170111202409002.jpg.chip.jpg,Train
56,56_0_0_20170113150436903.jpg.chip.jpg,Train
56,56_0_0_20170116235429950.jpg.chip.jpg,Train
56,56_0_0_20170104182229743.jpg.chip.jpg,Train
56,56_0_0_20170104210554380.jpg.chip.jpg,Train
56,56_1_0_20170110141552560.jpg.chip.jpg,Test
56,56_0_3_20170119195816363.jpg.chip.jpg,Test
56,56_1_3_20170109141207996.jpg.chip.jpg,Test
56,56_0_1_20170117173620884.jpg.chip.jpg,Test
56,56_1_0_20170109002302955.jpg.chip.jpg,Test
56,56_1_1_20170110141650039.jpg.chip.jpg,Test
56,56_1_2_20170116235343595.jpg.chip.jpg,Test
56,56_0_0_20170117191631748.jpg.chip.jpg,Test
56,56_1_0_20170110153005989.jpg.chip.jpg,Test
56,56_1_0_20170110122147365.jpg.chip.jpg,Test
56,56_0_0_20170111200430322.jpg.chip.jpg,Test
56,56_1_0_20170110141114577.jpg.chip.jpg,Test
56,56_1_0_20170120222048719.jpg.chip.jpg,Test
56,56_0_1_20170113151553665.jpg.chip.jpg,Test
56,56_0_3_20170104232205049.jpg.chip.jpg,Test
56,56_0_1_20170113174020731.jpg.chip.jpg,Test
56,56_0_0_20170116183723573.jpg.chip.jpg,Test
56,56_0_1_20170113184540735.jpg.chip.jpg,Test
56,56_0_1_20170113185207203.jpg.chip.jpg,Test
56,56_0_0_20170104201536050.jpg.chip.jpg,Test
56,56_0_2_20170112221925748.jpg.chip.jpg,Test
56,56_1_1_20170113012703776.jpg.chip.jpg,Test
56,56_1_3_20170119211416888.jpg.chip.jpg,Test
56,56_0_0_20170120222907250.jpg.chip.jpg,Test
56,56_0_0_20170117173922109.jpg.chip.jpg,Test
57,57_0_0_20170105173211517.jpg.chip.jpg,Train
57,57_0_1_20170111203322229.jpg.chip.jpg,Train
57,57_1_0_20170104235338307.jpg.chip.jpg,Train
57,57_0_0_20170117191704100.jpg.chip.jpg,Train
57,57_1_2_20170109002542575.jpg.chip.jpg,Train
57,57_0_3_20170104212938069.jpg.chip.jpg,Train
57,57_1_0_20170109015631419.jpg.chip.jpg,Train
57,57_0_0_20170117140000703.jpg.chip.jpg,Train
57,57_0_3_20170119181114683.jpg.chip.jpg,Train
57,57_1_3_20170104234847956.jpg.chip.jpg,Train
57,57_0_0_20170104212808228.jpg.chip.jpg,Train
57,57_0_0_20170104183717886.jpg.chip.jpg,Train
57,57_1_2_20170116192548730.jpg.chip.jpg,Train
57,57_0_0_20170109015522309.jpg.chip.jpg,Train
57,57_0_0_20170120222949154.jpg.chip.jpg,Train
57,57_0_0_20170105173458901.jpg.chip.jpg,Train
57,57_0_0_20170111203532804.jpg.chip.jpg,Train
57,57_1_0_20170117135732680.jpg.chip.jpg,Train
57,57_1_0_20170109132244248.jpg.chip.jpg,Train
57,57_0_0_20170120223915670.jpg.chip.jpg,Train
57,57_0_0_20170120223918152.jpg.chip.jpg,Train
57,57_1_1_20170109133029617.jpg.chip.jpg,Train
57,57_1_3_20170104234912850.jpg.chip.jpg,Train
57,57_0_3_20170119181003564.jpg.chip.jpg,Train
57,57_0_0_20170104212600580.jpg.chip.jpg,Train
57,57_0_3_20170119211457489.jpg.chip.jpg,Test
57,57_1_3_20170105001132532.jpg.chip.jpg,Test
57,57_0_0_20170105184101967.jpg.chip.jpg,Test
57,57_0_0_20170109012720243.jpg.chip.jpg,Test
57,57_0_0_20170117192020506.jpg.chip.jpg,Test
57,57_1_0_20170110160643595.jpg.chip.jpg,Test
57,57_0_0_20170117172532619.jpg.chip.jpg,Test
57,57_1_0_20170120221057091.jpg.chip.jpg,Test
57,57_1_0_20170110141704735.jpg.chip.jpg,Test
57,57_0_0_20170112203923347.jpg.chip.jpg,Test
57,57_0_0_20170105173447996.jpg.chip.jpg,Test
57,57_0_3_20170119183926056.jpg.chip.jpg,Test
57,57_0_0_20170111203811339.jpg.chip.jpg,Test
57,57_0_0_20170104212740101.jpg.chip.jpg,Test
57,57_0_1_20170117171247961.jpg.chip.jpg,Test
57,57_0_0_20170111201356375.jpg.chip.jpg,Test
57,57_1_0_20170104205902805.jpg.chip.jpg,Test
57,57_1_0_20170109134356713.jpg.chip.jpg,Test
57,57_0_2_20170105173521150.jpg.chip.jpg,Test
57,57_1_0_20170110120847680.jpg.chip.jpg,Test
57,57_0_1_20170113161208579.jpg.chip.jpg,Test
57,57_1_0_20170120133336768.jpg.chip.jpg,Test
57,57_0_3_20170119201739436.jpg.chip.jpg,Test
57,57_0_3_20170119211315720.jpg.chip.jpg,Test
57,57_0_3_20170119180932004.jpg.chip.jpg,Test
58,58_0_0_20170120222805833.jpg.chip.jpg,Train
58,58_0_0_20170117173237872.jpg.chip.jpg,Train
58,58_0_0_20170111202848963.jpg.chip.jpg,Train
58,58_0_0_20170105173628294.jpg.chip.jpg,Train
58,58_0_0_20170109015209205.jpg.chip.jpg,Train
58,58_0_0_20170105173557845.jpg.chip.jpg,Train
58,58_0_4_20170104213132981.jpg.chip.jpg,Train
58,58_0_3_20170119211656985.jpg.chip.jpg,Train
58,58_0_0_20170117193904073.jpg.chip.jpg,Train
58,58_0_0_20170117193911971.jpg.chip.jpg,Train
58,58_0_0_20170117173315296.jpg.chip.jpg,Train
58,58_0_0_20170109010542295.jpg.chip.jpg,Train
58,58_0_0_20170109015156022.jpg.chip.jpg,Train
58,58_0_3_20170119211548329.jpg.chip.jpg,Train
58,58_0_0_20170104213136437.jpg.chip.jpg,Train
58,58_0_0_20170117153829116.jpg.chip.jpg,Train
58,58_0_3_20170119211734608.jpg.chip.jpg,Train
58,58_0_0_20170111195305743.jpg.chip.jpg,Train
58,58_0_0_20170117194037923.jpg.chip.jpg,Train
58,58_0_0_20170117184403351.jpg.chip.jpg,Train
58,58_0_0_20170117191839091.jpg.chip.jpg,Train
58,58_0_3_20170119181133308.jpg.chip.jpg,Train
58,58_0_0_20170111200444658.jpg.chip.jpg,Train
58,58_0_1_20170117193132038.jpg.chip.jpg,Train
58,58_1_0_20170104185710750.jpg.chip.jpg,Train
58,58_1_3_20170109140246682.jpg.chip.jpg,Test
58,58_1_0_20170113210319682.jpg.chip.jpg,Test
58,58_0_0_20170104213234525.jpg.chip.jpg,Test
58,58_0_0_20170117191918155.jpg.chip.jpg,Test
58,58_0_1_20170113184850673.jpg.chip.jpg,Test
58,58_0_3_20170119211547537.jpg.chip.jpg,Test
58,58_1_0_20170104235908396.jpg.chip.jpg,Test
58,58_0_3_20170119211703657.jpg.chip.jpg,Test
58,58_1_0_20170105173601797.jpg.chip.jpg,Test
58,58_0_0_20170120224554712.jpg.chip.jpg,Test
58,58_1_1_20170112224053755.jpg.chip.jpg,Test
58,58_0_0_20170120224606727.jpg.chip.jpg,Test
58,58_1_3_20170104220324390.jpg.chip.jpg,Test
58,58_0_1_20170113182450903.jpg.chip.jpg,Test
58,58_1_0_20170104185337334.jpg.chip.jpg,Test
58,58_0_1_20170117173247104.jpg.chip.jpg,Test
58,58_0_0_20170111205913082.jpg.chip.jpg,Test
58,58_0_1_20170111200022771.jpg.chip.jpg,Test
58,58_0_3_20170104220900702.jpg.chip.jpg,Test
58,58_0_1_20170111210843429.jpg.chip.jpg,Test
58,58_0_0_20170104185326934.jpg.chip.jpg,Test
58,58_0_1_20170109015140121.jpg.chip.jpg,Test
58,58_0_0_20170111204759653.jpg.chip.jpg,Test
58,58_0_0_20170105173528685.jpg.chip.jpg,Test
58,58_0_0_20170113180611940.jpg.chip.jpg,Test
59,59_0_0_20170104212405077.jpg.chip.jpg,Train
59,59_0_0_20170108235700268.jpg.chip.jpg,Train
59,59_1_0_20170110123116580.jpg.chip.jpg,Train
59,59_0_2_20170109012736672.jpg.chip.jpg,Train
59,59_0_0_20170111203716454.jpg.chip.jpg,Train
59,59_0_1_20170111171747518.jpg.chip.jpg,Train
59,59_1_1_20170113000626569.jpg.chip.jpg,Train
59,59_0_0_20170111203905144.jpg.chip.jpg,Train
59,59_1_0_20170110141603824.jpg.chip.jpg,Train
59,59_0_0_20170105173420933.jpg.chip.jpg,Train
59,59_0_0_20170111171747533.jpg.chip.jpg,Train
59,59_1_1_20170116233345047.jpg.chip.jpg,Train
59,59_1_0_20170105171834484.jpg.chip.jpg,Train
59,59_0_0_20170105163446940.jpg.chip.jpg,Train
59,59_0_4_20170109012655318.jpg.chip.jpg,Train
59,59_0_3_20170119200426948.jpg.chip.jpg,Train
59,59_1_0_20170110141623496.jpg.chip.jpg,Train
59,59_0_0_20170109143000485.jpg.chip.jpg,Train
59,59_0_1_20170117192104465.jpg.chip.jpg,Train
59,59_0_1_20170117190355233.jpg.chip.jpg,Train
59,59_1_0_20170110122835196.jpg.chip.jpg,Train
59,59_1_2_20170104212726717.jpg.chip.jpg,Train
59,59_0_0_20170111171747529.jpg.chip.jpg,Train
59,59_1_2_20170109134248584.jpg.chip.jpg,Train
59,59_0_0_20170104185901246.jpg.chip.jpg,Train
59,59_0_0_20170109013159809.jpg.chip.jpg,Test
59,59_1_0_20170110131916835.jpg.chip.jpg,Test
59,59_0_0_20170104185548054.jpg.chip.jpg,Test
59,59_0_0_20170119211444609.jpg.chip.jpg,Test
59,59_0_0_20170109010613005.jpg.chip.jpg,Test
59,59_0_0_20170111171747514.jpg.chip.jpg,Test
59,59_1_1_20170112210446395.jpg.chip.jpg,Test
59,59_0_0_20170111203739692.jpg.chip.jpg,Test
59,59_0_4_20170117172237604.jpg.chip.jpg,Test
59,59_1_3_20170109134346011.jpg.chip.jpg,Test
59,59_0_0_20170104210317787.jpg.chip.jpg,Test
59,59_0_0_20170120223101163.jpg.chip.jpg,Test
59,59_0_1_20170113182157557.jpg.chip.jpg,Test
59,59_1_0_20170110141359968.jpg.chip.jpg,Test
59,59_1_0_20170110122554230.jpg.chip.jpg,Test
59,59_0_0_20170109012750162.jpg.chip.jpg,Test
59,59_0_0_20170111203940975.jpg.chip.jpg,Test
59,59_1_0_20170104185826390.jpg.chip.jpg,Test
59,59_0_0_20170117195223638.jpg.chip.jpg,Test
59,59_0_0_20170116221951890.jpg.chip.jpg,Test
59,59_0_1_20170113152816239.jpg.chip.jpg,Test
59,59_0_0_20170111205324096.jpg.chip.jpg,Test
59,59_0_0_20170105173441604.jpg.chip.jpg,Test
59,59_1_0_20170110141538799.jpg.chip.jpg,Test
59,59_0_0_20170109011033488.jpg.chip.jpg,Test
