2.395878486833115328e+00,2.230031425371171494e+00,7.836724873133920077e-01
2.642144648149264086e+00,2.797146566646727006e+00,1.599517943572084988e+00
2.951887917165236352e+00,1.134399088970363678e+00,-2.988695840316761831e-01
2.427498208399404334e+00,2.338799804046998609e+00,2.767554754365837422e+00
9.601692077291136274e-01,2.001433598882883302e+00,1.232125705011618111e+00
3.823374816143543242e+00,3.698876048183082688e+00,1.882711253375726645e+00
1.767186452150122600e+00,2.317516572743183456e+00,2.218807658634729396e+00
1.847227212970585786e+00,1.553646432653858156e+00,1.432173103904776701e+00
2.226393454193836607e+00,5.207423380913796862e+00,2.522812634633671003e+00
2.864724354638768400e+00,3.417483101191908013e+00,2.844397987465419497e+00
3.336240180102585828e+00,1.965128791988780543e+00,1.964136050579377679e+00
3.439685499310018102e+00,2.070689288255008087e+00,2.340933480598244465e+00
3.131625857658280943e+00,1.758141210812840693e+00,3.014422445710395859e+00
3.875808764191632338e+00,4.502303001787880454e+00,9.996286210395493033e-01
2.625018011687664021e+00,1.587712422750753083e+00,-6.406388287061933751e-01
3.136664780570220579e+00,2.870724736814955769e+00,4.208843041889254621e+00
2.959740165377424237e+00,2.083536393281335108e+00,2.421108109233099270e+00
4.797559445264863776e+00,1.871177371821755031e+00,1.832345687942951162e+00
3.381447064196676511e+00,2.121150729175325100e+00,1.499115034085264364e+00
5.535165976980255254e-01,2.682649508929608295e+00,2.237378819500958294e+00
1.343765022431856249e+00,2.254129704908570453e+00,1.824747762073668511e+00
1.972789811831651807e+00,3.163036343933702366e+00,3.366592654751227265e+00
3.093055664969173169e+00,3.578952421162516107e+00,2.083779524201757383e+00
2.692708900974110975e+00,2.932316407773290834e+00,3.104483437167848248e+00
1.523125021823811487e+00,2.219889675822882324e+00,3.394529567790663283e+00
2.151046070247145447e+00,1.267680807831455203e+00,7.228901059523208383e-01
3.566691223245719744e+00,3.344575072771914570e+00,1.142783876529607667e+00
2.712597199706341389e+00,2.605210832295128842e+00,3.682957828409597401e+00
1.229755109573578142e+00,2.158236847715127471e+00,2.269254909018780797e+00
1.421378774406838463e+00,2.610854920859336570e+00,2.151522757353104609e+00
3.087263258621490092e+00,3.852393063639004911e+00,1.510503152767236124e+00
2.331769958756501282e+00,1.555366042836491269e+00,2.769715310349019965e+00
3.295259390115702125e+00,3.008923766396947475e+00,2.727198015339081127e+00
3.820998714987679623e+00,4.287756437854258196e-01,2.364639295101484961e+00
2.915505121884459427e+00,2.183506385921706539e+00,-3.721593533401326009e-02
3.334188025593030957e+00,9.144058628514950549e-01,2.208943315075047487e+00
1.753787644721159777e+00,2.355392639714774639e+00,1.164301462698444478e+00
2.880334449011096254e+00,1.681643666502992129e+00,2.824024755190069680e+00
2.676523872175207153e+00,1.926442119514208517e+00,2.354970549853292017e+00
3.501510065691570528e+00,1.080948115325907954e+00,2.079592533713590097e+00
3.540794006977056263e+00,3.891834324664545264e+00,1.121168027506409981e+00
1.697679442665604110e+00,2.429955486214814719e+00,1.523964092331105746e+00
3.867357679249377345e+00,2.327909955166000522e+00,3.514274322067237222e+00
-1.003902124257169737e+00,3.659975448772834206e+00,2.699233752594806024e+00
1.930510963843244499e+00,3.069808054672003017e+00,1.716659594491010132e+00
2.912593092025417274e+00,2.278994197394954568e+00,2.321557123128129785e+00
1.669913991282653054e+00,2.578690802321841335e+00,3.079312131605362435e+00
3.515364008835524690e+00,2.115110501378516528e+00,2.257712528415999564e+00
3.693235146665631685e+00,1.448540690939229769e+00,3.401016631807590951e+00
2.100472898951662781e+00,3.791770602923861144e+00,1.173832591860731744e+00
2.075819363657448235e+00,4.301787011222631740e+00,1.754350826934540253e+00
3.642020138298962539e+00,2.685851170694346646e+00,2.521370454265847716e+00
2.329304234012746111e+00,2.831491077919509713e+00,1.115330415123073182e+00
2.702075166622356139e+00,1.850628249885309051e+00,3.343863515202240677e+00
2.137369680250546633e+00,1.335959691484747358e+00,1.890553791657914262e+00
3.562835946609598015e+00,2.593983659129934338e+00,1.204353641239823469e+00
3.453321339921543665e+00,5.666486040108253519e+00,1.946950315686720945e+00
9.780566616031987071e-01,2.204216611606073517e+00,3.816410483851772728e+00
3.473292153554874861e+00,1.886683143384454198e+00,2.968428681524195589e+00
2.259349702019244788e+00,2.516959464099847388e+00,1.486139746589499655e+00
1.797861353007778273e+00,9.496788378673857167e-01,3.231477976724467460e+00
2.749118512029313233e-01,3.182615373408841819e+00,1.000529532843425384e+00
2.550142066674374597e+00,1.342923696269902711e+00,3.141782653179449269e+00
1.516570332528705212e+00,1.585511217081708280e+00,7.178492248495141892e-01
3.224751617693888406e+00,2.594301513918315205e+00,2.559801952420933002e+00
2.695248618345370772e+00,-5.825496492918039726e-01,1.046307051608460270e+00
3.201015437249802975e+00,4.116603121926347697e+00,3.017267603143805932e+00
1.995668438368105146e+00,3.419457429879667831e+00,2.699567732769744932e+00
4.674163255726544897e+00,3.222322704144612082e+00,2.473771884073877381e+00
2.754388068213651231e+00,3.185392684885150594e+00,1.644786176962642843e+00
4.627537447630222012e+00,2.980185453027071052e+00,3.977741860589549372e+00
4.047745429438517561e+00,2.823744210512529662e+00,3.409074624118022978e+00
3.217269870964672762e+00,3.403586556077048630e+00,1.943594286240126312e+00
2.598186199749373593e+00,2.526727751208886819e+00,2.412553598768188756e+00
3.196889776467474409e+00,1.228155805006026169e+00,1.143733983586634917e+00
3.553593501130590138e+00,1.648759725321788938e-01,2.561093218097255431e+00
2.787599733375992095e+00,3.032433426959213030e+00,2.833854740101092506e+00
2.420435702391144250e+00,4.381657752110497128e+00,3.445013551602524871e+00
2.256362313342722192e+00,2.555118043973046316e+00,1.753411604845277694e+00
1.918689733235047656e+00,1.876279112113591996e+00,2.952043373209880528e+00
2.898675927416845433e+00,3.081803538336389980e+00,2.638441961983046369e+00
3.571250807919567283e+00,2.421403382643724012e+00,1.678950911474018204e+00
2.470178534663821424e+00,2.076052964073088258e+00,2.852649306467707202e+00
2.022031676821660184e+00,2.850144044955001288e+00,-1.155658684152906179e+00
3.421944138474791952e+00,1.462526204525026685e+00,-4.725869494796303694e-01
3.760511464755987188e+00,2.274834496361311853e+00,1.086467640969032589e+00
2.469056697861012228e+00,4.854969229466169267e+00,3.603217271215979345e+00
2.577485811381091452e+00,3.057355389286100067e+00,2.879563201674618433e+00
2.945442047836950739e+00,2.764798178903793868e+00,1.901936097210751075e+00
2.451966766798717945e+00,2.212410174134499918e+00,2.270438871859802976e+00
4.193210037921572209e+00,2.768893408324184513e+00,8.056933857251745712e-01
2.203001217258289568e+00,1.713974119382716932e+00,1.954143036524820243e+00
9.063889491115874053e-01,3.389766837781351239e+00,2.605379956942344144e+00
4.081905106455380405e+00,3.140666579992160923e+00,1.120024023528255475e+00
3.298213802968471775e+00,3.513242162532308921e+00,2.377982096717673244e+00
4.429626455481786351e+00,2.360056291324583277e+00,4.469451084556539833e+00
2.885246333654423179e+00,3.022276009836442956e+00,2.164745332242608900e+00
3.201154898824008832e+00,1.315608266056897513e+00,2.135137262677063053e+00
3.647988961696994270e+00,2.780046230333514501e+00,-1.622655739985561008e+00
1.341903465514439731e+00,3.488804607414257575e+00,3.183441132617879532e+00
2.650010404178907653e+00,1.115608762608079507e+00,4.884747553130126541e+00
3.760230794263263121e+00,2.274037121357525226e+00,-3.953838708725371243e-01
3.527640126571071288e+00,3.865595834388493302e+00,2.948467760625275158e-01
2.529507090959489002e+00,3.322430081032551552e+00,2.415437692883628973e+00
2.359328349090968058e-01,4.856159257283231057e+00,2.351185125409466892e+00
2.217421240736106469e+00,2.517565464053885815e+00,3.940769340118917552e-01
4.224444015063294700e+00,3.516555203122379236e+00,1.929265342095639824e+00
1.456802545308447439e+00,2.886229088487767935e+00,2.511113828283591420e+00
9.198271451263652088e-01,4.249954626486129428e+00,8.243307958367013244e-01
3.947394135787076319e+00,3.191007849870846513e+00,3.214604803839587355e+00
3.170712001493063870e+00,2.985808081919963719e+00,7.200913661531179732e-01
1.967158058006886145e+00,3.083900612364990579e+00,2.995382502968872096e+00
1.921782812696517961e+00,1.350934715362570593e+00,1.724475858943449014e+00
3.182552226366857973e+00,2.314003831163442548e+00,3.144344225651990232e+00
3.361901362079615208e+00,2.267509642415487914e+00,3.474969551892015396e+00
3.180036738284947706e+00,-5.932701443916227335e-01,4.099202776028350925e+00
3.830249762050545126e+00,2.717046289396107817e+00,3.317711590129638566e+00
2.063099668031224798e+00,2.200660616721469509e+00,2.713633813102619641e+00
2.702339020099750133e+00,2.717669926036550887e+00,3.506813389790450319e+00
3.156748392013935423e+00,4.071136800665143163e+00,1.746972830254879039e+00
1.807512855416947062e+00,1.302673034839291200e+00,2.266684135746611872e+00
3.151767680340361810e+00,2.175892587613706741e+00,1.722162550271939541e+00
2.792997499617428048e+00,2.122701760574032370e+00,1.767978439349105813e+00
1.292126501099012392e+00,3.935188310228149522e+00,3.371198976675148451e+00
4.188301405226999563e+00,1.640524533879444080e+00,2.102395308063286450e+00
1.201477840264195684e+00,-1.039735867496918820e+00,2.247991070898961219e+00
1.405231411329519675e+00,1.540492661211925629e+00,3.519367269608795645e+00
3.270324051546255273e+00,2.969361802671083517e+00,3.061329698119739984e+00
1.309740898572821388e+00,2.358924741646676981e+00,2.326449024470949478e+00
3.424896585398016224e+00,4.614741899979311057e+00,1.922862288941935782e+00
3.143558939171547273e+00,1.414045600642724665e+00,2.445108956733471839e+00
1.915242220985158950e+00,2.511122336164238522e+00,2.146753346884429536e+00
1.557539540113702881e+00,3.207952975477235569e+00,2.081798033415668492e+00
1.863395999865973707e+00,3.101002849836007602e+00,3.350118548712880617e+00
2.332638269782765228e+00,2.460761964918225075e+00,2.288240793252804384e+00
2.288819999769439395e+00,1.831479897768896858e+00,2.584723685142802818e+00
1.915774094823700313e+00,4.358274420502526780e+00,1.716784047397564850e+00
3.237152289030768681e+00,3.000560452314219528e+00,2.863432640777275662e+00
1.731310622466040838e+00,1.102901894125076554e+00,3.045069487544670661e+00
1.710842611223491572e+00,2.535912977264693779e+00,2.953249221038475536e+00
2.879519816989970504e+00,2.851975227336871033e+00,1.989162407838328983e+00
3.714248007792233963e+00,3.157392287782405660e+00,2.262009254263956493e+00
9.410459489517573051e-01,1.363546919193056706e+00,3.361630875033202681e+00
2.888203491249686117e+00,3.278756797001290302e+00,2.083332293855872486e+00
1.916102116957633106e+00,2.762266180442130015e+00,2.016873550522863656e+00
3.187288764489009552e+00,2.881558541013409247e+00,1.953709797728069519e+00
1.975001731259092175e+00,2.692513735182620493e+00,1.955105013668515079e+00
2.284096056833501365e+00,3.384396678512934020e+00,1.700878809021176608e+00
3.279935411454859118e+00,2.956388797607806485e+00,4.418595060786595141e+00
3.145013820458301357e+00,1.350208398998383075e+00,-1.051045082413128551e+00
1.702749685681846037e+00,2.145308007017671326e+00,1.493730918525845608e+00
3.363998766910106131e+00,1.650113425371581011e+00,2.777024087836528210e+00
3.128032652970451633e+00,1.981850121183827973e+00,2.864882835904352998e+00
5.548870893144279837e-01,1.904710057320151195e+00,1.485233675526107966e+00
5.298157874588104832e+00,4.093221929295995487e+00,-1.106363835695478803e+00
3.274236925189607739e+00,2.643974396301553842e+00,7.992544438104957072e-01
1.955713601721303041e+00,2.122379707792022341e+00,2.901598331436118450e+00
4.147638091150828821e+00,1.816877133261755040e+00,2.246867379975054924e+00
2.701008022375434248e+00,2.823473606573751127e+00,1.748270083250783369e+00
4.244915967058054740e+00,1.777300925723701130e+00,1.991449468206548223e+00
1.692502760882666601e+00,3.734222142830506019e+00,2.775772704455162998e+00
3.144861418148809040e+00,1.042887332995557914e+00,2.829192423357576036e+00
2.946638247192972404e+00,3.670586239091727876e+00,2.613422192962768786e+00
1.716838810630105128e+00,2.792697352219075224e+00,2.215909202775078857e+00
3.538810218985049438e+00,2.413022685607474571e+00,1.806717513201743897e+00
1.883979127506770102e+00,3.443010954324071449e+00,1.461130243434972220e+00
3.629072538141040027e+00,9.674047470766916623e-01,2.475498038124934297e+00
1.618540051803079693e+00,3.323366956990866594e+00,3.087417195687369276e+00
2.728495500691983544e+00,2.839536736238164494e+00,1.541671313102753071e+00
3.485613461955380465e+00,1.807250760849359095e+00,3.866004724995062425e+00
2.558291257749645276e+00,1.950029550859741168e+00,3.346755824213733188e+00
3.033617352770426212e+00,2.121911711538433387e+00,1.325075956703613000e+00
2.295793156212745156e+00,2.661976628167469716e+00,3.818970594152760967e+00
2.684248115043568195e+00,3.020381241994914756e+00,1.077566352233466418e+00
2.029083149037560485e+00,3.028132497539459678e-01,4.336988661620568841e-01
4.203336410370988929e+00,3.612509057643156662e+00,2.493996711651654152e+00
2.708481622291301960e+00,4.830612678298129126e+00,4.455420129945796504e+00
1.281852674225461897e+00,1.258572322909526031e+00,7.536441342933773990e-01
3.775257529177173055e+00,1.630305162113586670e+00,2.937198925173646558e+00
3.596501180625786720e+00,1.066778010830147005e+00,3.750247236125864081e+00
3.059342636139225746e+00,3.252687522181998414e+00,1.870311976323790315e+00
1.262617738949949331e+00,2.590582131548413436e+00,1.428356068703624526e+00
2.232914450260415240e+00,2.477750397720599462e+00,2.737116517230587132e+00
3.761141273116868078e+00,1.684985842204487660e+00,2.184276162938243893e+00
2.669871349532850324e+00,1.916019871385756135e+00,3.326190890388582844e+00
3.587762448975372997e+00,2.551858093530021687e+00,2.280969585958406931e+00
2.664626182604894034e+00,2.315112188172006480e+00,1.997665864475717257e+00
1.971830312129092544e+00,3.158916174036527469e+00,3.559969172985565589e+00
1.445286778724448107e+00,4.167632869321987954e+00,3.253386527114949356e+00
2.257908651724664040e+00,3.809545387444625231e+00,1.715408194800527530e+00
1.708945143738696659e+00,2.856072369356733365e+00,3.624211770853399184e+00
2.202314070992515749e+00,2.717911012208466204e+00,8.062493451638391706e-01
1.920351865718557427e+00,1.355855523251572992e+00,2.363183924653792012e+00
2.648593400706133139e+00,3.579876130595167183e+00,2.459328274360865318e+00
3.457790591589623208e+00,2.352850885116028579e+00,1.381016581589013192e+00
6.316112726756147877e-01,1.657505065825772839e+00,2.679833447776839073e+00
1.838378666852980015e+00,2.343467102945118175e+00,2.564589376896429851e+00
1.414683825676483320e+00,2.223960215528935080e+00,2.806287483544580574e+00
4.717734872031769555e+00,2.542517164393404805e+00,1.520024473633714068e+00
1.314867380371983918e+00,1.929865903797138404e+00,2.263870927808548483e+00
1.222813518985367276e+00,1.738325098209957398e+00,2.275443877999675735e+00
2.796601281985731546e+00,3.085127163676160134e+00,4.369009514786935000e+00
3.940027323569792017e+00,1.947097967439636701e+00,1.428133419551064875e+00
3.303105183830226110e+00,2.550337957944635026e+00,2.303222857366675314e+00
2.149866135834475500e+00,2.454372458090829490e+00,3.596306109357859881e+00
2.139520052694057650e+00,1.971707857476643344e+00,-8.286385109298526341e-01
7.882347643546986360e-01,2.979624211701474845e+00,2.780892339328246088e+00
2.176755814393047661e+00,1.462799131633621297e+00,3.202797877520835446e+00
3.570698766071084940e+00,2.876231235734579617e+00,2.269782635384925751e+00
2.083728262021695254e+00,3.223909970590354224e+00,3.048726122987840625e+00
2.615763974859304675e+00,1.400468253498586169e+00,1.947948920346721291e+00
2.877781403354616518e+00,2.598533860471550216e+00,4.001056629410119747e+00
2.817358722495840961e+00,2.286676471797288723e+00,3.592599447626341647e+00
1.377150913780658792e+00,1.507047120732164291e+00,4.075059985212960534e+00
1.043537677821194221e+00,3.245359093515817861e+00,2.009877200012943010e+00
3.763822459331533032e+00,1.528125724260663842e+00,2.751391066204757152e+00
2.924712478602866650e+00,2.350302443859612733e+00,3.866652272950901192e+00
3.841042738522394639e+00,2.173136472155028365e+00,2.569253872340598654e+00
2.075488402149748612e+00,3.037267004822396643e+00,3.422469722169235062e+00
3.022270804561841384e+00,2.920505821120113588e+00,1.693029999195974522e+00
3.282840932779888199e+00,3.996342774405543086e+00,1.365100442522520163e+00
3.736399238118868205e+00,2.659881620671582514e+00,2.887643296318553432e+00
3.662773187718278312e+00,3.685784832212735118e+00,2.274079058366571537e+00
3.907139878770296004e+00,2.626436078894722748e+00,3.931365440839437397e+00
3.893516043918538116e+00,4.205675841585392760e+00,2.064333487066163819e+00
2.173786215303286085e+00,9.414174210861646630e-01,2.250732662354016700e+00
1.091160130866660083e+00,1.448240735361009834e+00,4.004164379765420279e+00
1.580553674011068832e+00,3.265739578118004971e+00,3.355817027545633380e+00
2.287075133072557609e+00,1.509061155906985752e+00,1.225875946023693208e+00
3.007894224246356885e+00,2.575231682832596736e+00,2.441626641883562598e+00
2.374056752663320502e+00,1.368228951572011631e+00,3.510107139967688195e+00
2.163759461478540036e+00,3.334613224558348854e+00,2.069920448070607932e+00
3.435144276999307245e+00,3.739096659047659532e+00,2.489742581890373785e+00
3.639752060758819407e+00,2.383567835735555196e+00,3.553205649361624641e+00
3.239781326985404775e+00,1.989430654483939298e+00,3.094843988444975214e+00
3.863635129915730548e+00,2.658702688021330474e+00,1.654329912867707142e+00
2.597149244066955021e+00,3.624719748494870775e+00,1.381318956889537208e+00
3.621196206423382247e+00,3.138287982229928552e+00,2.580820324749716121e+00
2.635622499195975355e+00,3.148320947045717411e+00,4.355757000457406214e+00
2.694673494831386407e+00,2.968876303405931782e-01,3.436771966763517039e+00
2.230138250962178770e+00,1.751050726309753891e+00,2.227685467946748155e+00
2.868289190705278102e+00,1.632579294014289584e+00,6.720506031757056409e-01
4.421483940645009270e+00,7.827954802413079616e-01,2.858852455330656461e+00
3.326339198978696121e+00,5.465419033153199324e-01,3.824874462213478488e+00
3.169807625313135535e+00,3.676450338438399967e+00,1.508292124360667508e+00
2.150141979947806981e+00,1.290050146918679808e+00,2.970598301316880629e+00
4.239939802254788503e+00,9.432423857807747947e-01,1.042687241037255186e+00
2.356092355802126281e+00,2.239958160164595480e+00,2.512662329546273554e+00
2.736385097834006519e+00,3.286814563465632055e+00,2.424867053152239382e+00
3.088449246455041042e+00,1.456539555600571134e+00,9.279265089653684351e-01
2.805793233898195016e+00,2.844922990002042074e+00,2.170213146680467275e+00
5.277413983733979741e+00,3.070696345361387358e+00,1.707865603615642769e+00
3.646162773965795800e+00,1.992687403666784762e+00,3.480838369954587730e+00
2.333948933968106321e+00,2.129913449167673889e+00,2.186326050855940561e+00
2.536322335068701417e+00,2.619410489893168492e+00,1.316808246889879186e+00
3.658288361175475512e+00,2.151557177690453404e+00,3.102161996833494584e+00
3.171312070342684031e+00,1.458418891185787380e+00,4.064474351969782795e+00
1.515108743505649613e+00,2.049414660275073796e+00,2.697072921545778268e+00
3.101529292223502932e+00,-1.615207458918657801e+00,2.461705765426844383e+00
4.364467113607379822e+00,3.539038236386641501e+00,2.182791928934346704e+00
4.013982367619236769e+00,4.645930012938536358e+00,1.583442382721430786e+00
3.126008232581149127e+00,1.720702598766905123e+00,3.474312618269559394e+00
3.097440039290602964e+00,3.299629655978435494e+00,2.723115078135690315e+00
4.279823439436011845e-01,-4.879468023559920264e-01,3.443967509050478437e+00
2.706970621449398262e+00,2.893919334157474932e+00,2.622125242227669961e+00
1.305182255188765961e+00,1.945145944888877487e+00,2.307954675437271064e+00
2.806794582816920958e+00,2.240218714170732373e+00,2.752444591678466335e+00
3.664610271133105446e+00,1.894261838159682521e+00,2.311349386624597546e+00
2.854418922351829924e+00,1.368861885625219932e+00,1.785877590731682063e-01
3.914371813242685239e+00,2.978093278921252196e+00,1.637628020204676904e+00
3.112595751579862569e+00,2.800850864547264507e+00,1.487145789482010594e+00
3.801449297799734062e+00,1.303806517864792291e-01,2.403582272452308377e+00
2.322188791707100020e+00,2.659881838523250330e+00,2.080725184256897453e+00
2.859639395949107765e+00,3.353238971653627942e+00,7.074038094532326681e-01
2.825030385245288933e+00,2.347752055219656242e+00,1.022796948748771584e+00
3.160803297296514547e+00,4.126707852434788215e+00,2.023720703487813799e-01
2.499381986117272358e+00,1.353501470102296045e+00,2.999815613810837611e+00
2.959380040123138045e+00,1.893734391695957475e+00,1.827258779029665436e-01
4.207320855599834708e+00,2.451855425905681507e+00,2.379333410464819831e+00
2.738230082904833829e+00,1.267547876296541753e+00,1.292477071957437218e+00
3.294723597386917557e+00,2.456157470686546329e+00,3.978615415135307587e-01
1.888356335442856748e+00,2.943638289393003316e+00,6.024646101916798502e-01
2.692205455154105476e+00,2.484571370868791096e+00,8.738575023300896305e-01
2.940257847369088573e+00,2.941332500707654507e+00,1.654807786871797637e+00
2.327884532194888223e+00,2.388003408517084480e+00,1.752367477727485801e+00
2.993662806236967899e+00,2.637018742774109192e+00,4.187139797322175228e-01
8.634929358927705412e-01,2.314009013895407030e+00,1.725917312657528235e+00
1.094380567101844060e+00,1.313717656340595230e+00,3.223269383130047405e+00
3.460682083566264833e+00,3.442525338060423490e+00,1.463566400822352565e+00
3.047004039545339715e+00,1.841994628432145786e+00,1.680573434771698071e+00
1.602662567784946424e+00,2.865313584665746038e+00,3.528980310413761257e-01
3.817818815261774468e+00,2.877288078244461200e+00,2.780762928237424880e+00
1.291909077755697854e+00,3.743760417821545339e+00,2.320918313009174394e+00
3.362706962665367172e+00,2.402316898825668012e+00,1.745367200980484590e+00
1.804002436006597598e+00,1.865989693511633130e+00,2.795600157327423840e+00
1.913897597531486916e+00,2.365180283965894859e+00,3.077285388325583959e+00
3.738756208464294239e+00,1.583860007147859905e+00,1.415856369335391607e+00
1.889457187214673040e+00,1.361318415657080116e+00,2.661456426815356213e+00
2.389174546947730793e+00,1.528760488602644019e+00,4.077233643058252532e+00
2.874141217602641962e+00,2.163036543388114019e+00,1.791195720021431903e+00
2.338642190566774026e+00,2.708864307727424148e+00,2.102455947356996369e+00
3.997771758132059094e+00,2.239425028123863015e+00,3.226379837392419070e+00
2.305544495140710470e+00,2.978126064998710021e+00,2.621818258300765869e+00
4.471768586351366537e+00,3.739597635158584232e+00,2.506172910449793179e+00
2.186692132429162161e+00,1.132914370217496636e+00,2.469907686231559651e+00
1.992893782218056575e+00,3.129628936257715655e+00,2.536850466710078855e+00
3.111744065608926135e+00,1.783199898844240794e+00,3.209180033694150946e+00
3.161394613052723734e+00,1.805946665524981620e+00,2.653598729500479703e+00
3.407516978199767621e+00,2.607096678273137069e+00,2.549715372117357770e+00
3.655870374888565255e+00,7.904867191871424170e-01,2.366192359982538296e+00
3.037666448269129127e+00,3.158522465459770334e+00,3.036217046034336953e+00
3.758812006335384925e+00,4.275654667882846205e+00,2.530880131718765469e+00
2.573816644843958557e+00,3.080893391509025303e+00,1.825220874277266869e+00
1.266819083447524363e+00,2.320160488604876559e+00,1.270484846341360052e+00
2.913928521758216927e+00,2.201618163553745955e+00,2.279736063671387480e+00
1.059034601786486895e+00,3.295246410732319386e+00,3.193070612804150610e+00
1.619661063516084853e+00,4.286140679037375278e+00,2.996170905469934365e+00
4.038259423795883762e+00,2.343242394263284289e+00,3.606611112672982955e+00
2.785954385817773105e+00,1.541462341578714756e+00,2.699030076073094087e+00
3.459766906140650633e+00,2.258534054459633289e+00,3.292927315950775036e+00
3.413067788783932244e+00,4.789456857312194060e+00,-2.243869295282098497e-01
2.233985644007695281e+00,2.500498641469998340e+00,1.793522078419270027e+00
3.708527346618518461e+00,4.304978008185822880e+00,1.840475488624271128e+00
3.520439925415141946e+00,3.924761971770515334e+00,1.592193496737318137e+00
4.346021466046302351e+00,1.953723937844519698e+00,1.004711954919097483e+00
3.198378355865669764e+00,2.833775196293451426e+00,3.384846999969478354e+00
3.737181532604742618e+00,4.923319933337687582e-01,1.655969214415962343e+00
4.724713977899741013e-01,2.168288055844442841e+00,2.812067501939217617e+00
3.698961363743785480e+00,2.111164537143241926e+00,-6.658031877479470007e-02
3.144497544873324557e+00,1.522820261830131416e+00,1.896727929759291165e+00
3.404276180705097854e+00,1.435630857762341339e+00,2.075253841705556879e-01
2.461879213548847201e+00,2.595377358207700880e+00,2.707102480910832387e+00
2.600405002555938871e+00,4.498325305770282334e+00,4.705637353611977325e+00
2.585428522221634218e+00,1.937777386341415164e+00,2.602458317362696061e+00
7.373641177362423305e-01,2.974452941658037197e+00,2.114363639082513124e+00
2.441011992628329796e+00,2.154251875967780450e+00,3.202819193384156549e+00
3.166479121342224534e+00,2.049049938419227335e+00,1.887795537024513415e+00
3.939157569759118793e+00,4.124701598281855119e+00,1.799019051433303096e+00
2.242529352483284999e+00,3.228183225881469554e+00,2.342403201689974956e+00
2.449364148961679089e+00,2.545695816419704993e+00,2.682201562862876476e-01
3.150771791024562507e+00,1.303587571242168952e+00,2.316776350417155239e+00
2.550052887352449726e+00,-3.114575691470766738e-01,4.235137226666157773e+00
2.931741105390436530e+00,2.711629389498203757e+00,1.923644322435446474e+00
2.819506382392088728e+00,2.076066723351694066e+00,2.310675310814036099e+00
3.922860970964601623e+00,3.851988252956038306e+00,-5.841767678162352873e-01
2.304797066720590593e+00,2.871262939513382406e+00,2.932373559530482954e+00
2.329426400062474034e+00,3.027266455634568754e+00,1.318810838088177562e+00
2.653299182964557801e+00,1.341181063273649610e+00,1.249145249354957077e+00
2.954658383968025603e+00,2.823977261715061360e+00,1.828178158281901000e+00
2.327366605488978557e+00,2.488744350845358611e+00,1.088119395850544402e+00
2.255590694601715906e+00,2.958373300965138952e+00,6.094697660195144140e-01
1.345832583800337767e+00,4.457458902582838611e+00,1.708070467943926696e+00
5.230100551027747624e-01,2.384510372697635994e+00,2.558356502607375571e+00
2.855295792372997798e+00,1.255936475681046050e+00,2.947487114752811443e+00
3.883060705037843618e+00,2.719002223828657083e+00,2.979160603767780913e+00
4.023177137660185032e+00,1.950952609672538030e+00,1.601615515590822270e+00
3.381071667627516764e+00,8.784563760877056593e-01,7.783407031129145892e-01
4.581236981450308221e+00,3.365173781514094742e+00,3.475255120850153645e+00
1.691620838106124625e+00,3.431157075928114697e+00,1.749114640636912021e+00
1.810902005867022213e+00,1.868438551621198540e+00,6.564281617480756115e-01
4.354487132534783811e+00,2.719929659227613872e+00,1.293090467895672946e+00
1.600715305277950806e+00,2.576406970123008566e+00,4.146655137436089156e+00
2.985838811767453915e+00,2.967904004633419301e+00,1.449820927264423132e+00
2.581324673557524374e+00,3.371251648677748847e+00,3.641464116368863912e+00
3.209676501212865407e+00,1.133847732481390036e+00,2.233030547557169232e+00
2.463373227403365728e+00,3.321038705977242156e+00,2.430314730080844310e+00
1.411695808000471564e+00,2.817269240444444378e+00,3.028965663602485314e+00
2.857581105939765997e+00,1.896243955444282925e+00,2.225795448306549407e+00
2.704752126394621037e+00,2.479983057051658335e+00,3.931609220657278136e+00
4.632161217367695372e+00,2.324897708824077647e+00,3.701659184897385213e+00
2.254281790664522056e+00,2.741764786939632881e+00,5.176553210958019235e+00
1.101550993875845208e+00,3.414069858022310999e+00,4.239981972385129083e+00
2.761603573160084757e+00,3.240221090672559701e+00,3.025245060942829411e+00
1.292323867869766829e+00,3.329915750328278357e+00,3.194053485805703918e+00
2.075082176829265990e+00,1.536406337183547910e+00,2.033984746934334620e+00
2.570235143250823473e+00,2.368410592329455611e+00,1.262799853902255798e+00
3.569641379976943529e+00,2.588458978027659896e+00,2.907310082893981296e+00
3.123114131431245166e+00,4.069728417675932519e+00,3.544610027092589988e+00
1.555038284448212460e+00,3.381209082343351380e+00,3.116355450960399232e+00
2.705408571074104263e+00,2.118299507570848395e+00,3.237693195422346015e+00
2.610577667794141021e+00,3.334436974822656108e+00,2.564516107146143753e+00
3.067295025219353821e+00,1.543127043065104953e+00,3.029979131810156545e+00
2.875257877007530993e+00,1.617410861665306454e+00,3.362078165406943153e+00
2.764368588565066176e+00,9.239553939644216118e-01,2.239556281181581454e+00
2.937075242332495950e+00,2.503984097598749514e+00,4.529808054877885404e+00
2.241305624582741629e+00,2.893972968297167991e+00,1.907038401772148672e+00
2.319446999383073305e+00,2.387384681398109887e+00,2.563894706458669681e+00
3.123008824527926830e+00,2.473279579855624188e+00,2.352668603731026487e+00
3.543802441637461942e-01,2.957116615742083621e+00,1.994429589828766503e+00
2.929198465793578343e+00,5.254724302236237321e+00,7.718922268583481294e-01
2.830585458972368240e+00,3.000851659132179883e+00,1.524038670819677144e+00
1.689074860518019916e+00,2.101474171526295898e+00,2.159742777409602965e+00
3.607815096887323048e+00,3.689913077931234575e+00,2.917815464678535697e+00
2.693248595158253433e+00,2.945595988881118732e+00,2.913647481270174588e-01
2.878582077912608561e+00,1.001771315638141813e+00,3.102527932993377036e+00
2.249706011022970298e+00,2.716700332440414201e+00,2.809031609736368562e+00
2.781225306631625926e+00,3.077026730236120056e+00,2.461435213376815145e+00
2.649763893683588112e+00,3.057609049074359486e+00,2.745585519694692778e+00
1.729563104812021468e+00,3.305889146507531962e+00,1.949966689931210917e+00
3.127445765245314480e+00,2.426940806263589767e+00,2.324921914388476285e+00
1.003109817097750822e+00,1.727012862729762288e+00,1.701225865514583102e+00
9.114099857072353039e-01,3.433717368241143930e+00,1.593505028214058816e+00
1.996711466649406130e+00,2.216426263292874399e+00,3.380220201863461060e+00
3.762243212348803212e+00,2.329481430191702618e+00,2.080301812121053917e+00
4.455037000433955008e+00,3.151091002685663334e+00,3.058475770559458073e+00
3.210317798867639016e+00,1.724927280943568952e+00,2.059664309716965125e+00
2.579098352989775300e+00,1.305126851313303415e+00,2.086263681730585073e+00
3.776546877581050676e+00,2.557285353653838023e+00,1.116450327714671564e+00
2.874618124280308606e+00,2.542307938177471360e+00,2.149107775971545564e+00
2.311782412513388341e+00,4.147993638246409986e+00,2.809073267869003132e+00
2.637947282839153917e+00,1.943986931709350108e+00,9.010606823279879718e-01
1.170820359658975018e+00,2.993220987673149924e+00,2.124482331217095510e+00
2.092381610281616844e+00,2.426515798227593113e+00,3.666094769181926338e+00
2.721332276851094356e+00,2.451875980461396765e+00,1.677382220347359176e+00
3.888440882259426523e+00,2.598476323263054333e+00,3.634310410128061886e+00
1.648153277082728740e+00,3.260473998094719494e+00,1.476868624969755572e+00
2.255136428875602839e+00,2.396887165189974134e+00,3.260867524347581980e+00
1.261371540085415299e+00,2.506115255729385094e+00,2.144022848863356590e+00
1.691226072480061848e+00,1.956528066578678837e+00,4.339543360900732338e+00
2.087879430045743057e+00,9.310909721600235667e-01,1.596721007447545304e+00
4.457771202372295960e+00,2.678581687215683349e+00,2.336901517548999330e+00
2.719039217607175818e+00,1.044119264438461148e+00,1.916180492396623913e+00
3.199804485755271877e+00,7.329441263617794133e-01,2.048383131627078413e+00
1.474664742527936001e+00,1.937662271692389471e+00,2.114096045993892670e+00
4.852242246038200313e-01,4.690508959065763150e+00,8.753772314133204668e-01
3.357807678830081688e+00,4.334843712645680469e+00,2.436460781023710886e+00
4.436721823769555151e+00,1.957338881458193125e+00,3.445465681063927921e+00
2.422886254646793081e+00,4.018393704561288082e+00,2.655616458104541611e+00
7.751748327391674298e-01,5.999849830727925770e-01,1.684799246672248119e+00
4.368680951274578561e+00,4.972307280906133720e+00,2.061296753463589759e+00
4.019651511041251624e+00,2.479225456773709979e+00,1.928883152764465203e+00
9.554063497853657605e-01,3.737538356628279601e+00,3.503368737286003398e+00
2.520561980774416622e+00,2.188632942026475625e+00,1.358068787482743733e+00
2.085120426088392875e+00,2.164164414999261599e+00,2.669861749203322088e+00
4.100653500951341179e+00,2.723163751936403809e+00,4.782158612335624781e+00
2.962059831882183136e+00,2.781863046229982595e-01,3.111882494873343230e+00
1.047321726005439935e+00,2.716324802626405077e+00,3.056317464716112209e+00
3.486139093172849979e+00,1.839392079598193286e+00,2.555663424188586053e+00
9.018061039347264884e-01,1.752047915557511937e+00,1.995257907990214630e+00
2.083940289092359510e+00,1.326027507749745760e-01,1.663268927554312659e+00
3.951589481244603075e+00,3.489384069061246318e+00,2.025872330337233684e+00
2.051824255473712277e+00,1.112984293707011574e+00,2.558181802507831115e+00
2.369086726857878578e+00,2.519696859523647969e+00,2.726137654909809527e+00
2.658983968587547153e+00,1.765803202183950038e+00,9.128180454592355053e-01
3.392426786730402544e+00,3.172791736621220604e+00,4.024120540538196344e+00
3.080964629232759933e+00,1.962788796580225315e+00,1.406941043040694339e+00
2.553782570357692183e+00,2.013175536535749099e+00,1.968036200460877128e+00
2.836463243159036640e+00,1.659315753916935199e+00,9.427113517530563147e-01
1.701103158990703967e+00,3.176842361148566329e+00,8.281395600036626226e-01
3.222186500891199401e+00,1.608890944950528423e+00,6.876267309373598202e-01
2.923261149803926262e+00,1.163683742487924500e+00,1.829284831733937855e+00
4.173064723886170668e+00,1.345726670582389817e+00,2.824610511819925840e+00
2.500181494024882767e+00,2.558044228295754952e+00,2.742044795063887097e+00
1.997246627356319193e+00,2.485124124240995158e+00,2.803902765228756699e+00
2.054127451911501812e+00,2.930447926640893819e+00,2.954294978237635760e+00
1.562378358992063898e+00,3.321442384287718763e+00,2.040204874613748220e+00
2.242540044080084005e+00,8.018741913516704012e-02,2.959823883981105741e+00
2.484156771340757075e+00,-2.622849328040890993e-01,3.974379595586587377e-01
1.784922738773984996e+00,3.559426687348437479e+00,2.945221937149456792e+00
2.218799366000611784e+00,2.093386673464536774e+00,2.744762997230087542e+00
1.220572345447678231e+00,1.364464612455335291e-01,1.995386903529948963e+00
2.296275584828183280e+00,2.620461140183811821e+00,1.967596298551047118e+00
3.070639821234720124e+00,3.219623222409397023e+00,3.775883601364705910e+00
4.566323517501315266e+00,3.129398967739124959e+00,5.621475171389008763e-01
3.893072007520138378e+00,3.985740823328240090e+00,2.341026968507311956e+00
1.457074316343637710e+00,2.649592249230604324e+00,2.560237903836982021e+00
3.224355089403933228e+00,3.885756478160438121e+00,1.709269562150343758e+00
1.021479679930813678e+00,1.326568154044372339e+00,3.094030834776104300e+00
9.435657019971477322e-01,3.080344736026729979e+00,2.240025278114430751e+00
1.062516617930850726e+00,1.108207896784547897e+00,1.923584251961270031e+00
8.918407828812094928e-01,1.177811233609568076e+00,2.331705162954093247e+00
2.869270495215955563e+00,2.553963962011589928e+00,1.050735669945253470e+00
2.533007243409597375e+00,2.160372765367863046e+00,3.494366061050825589e+00
1.869274778225353595e+00,4.892152195846952267e+00,2.585770771602551310e+00
3.564991148453551695e+00,2.704296458346661769e+00,2.775002755641008623e+00
2.890631003446709535e+00,3.054868171628763562e+00,1.654654174294350799e+00
4.078093286100677339e+00,1.108417857725449984e+00,-1.021898182234881741e-01
1.653210743233326063e+00,3.448757938413054447e+00,3.421059601477078882e+00
2.872838660159673374e+00,1.347810810795863512e+00,3.080430412200176882e+00
1.634722514202595178e+00,4.084126771240010889e+00,1.266080763203418225e-01
2.851100737841862021e+00,3.109613577436176612e+00,3.473960307980931361e+00
1.360328142936847673e+00,1.987654687473088488e+00,1.904198607654197462e+00
4.165425102403852442e+00,4.421870844594414152e+00,2.949637796289301672e+00
2.904403466424200886e+00,2.335972113786262128e+00,2.455257618691394139e+00
2.026149502717268014e+00,1.960847103780299916e+00,1.234710252430577082e+00
3.650027426718986057e+00,1.666581350958079799e+00,2.373839242982258124e+00
4.457434363704869895e+00,7.008637271595978824e-01,3.289517359827643705e+00
1.772318502543542840e+00,2.049036067673719597e+00,2.876553186382610150e+00
4.141414585438337070e+00,1.064678293559987887e+00,2.285247500156346145e+00
2.793264359840057498e+00,3.236145170178787112e+00,3.173794996849990113e+00
3.119641640776161573e+00,2.924098952684658137e+00,2.100475613999185587e+00
2.628466675785146922e+00,2.546118626339224367e+00,2.845956027236170804e+00
2.304082798976270219e+00,2.382829897191852453e+00,-2.202439031856792961e-01
3.166542907947896168e+00,2.110045980845525193e+00,1.523126579130402503e+00
2.635398202014174629e+00,3.371998719335965511e+00,4.883434139133660423e+00
1.759644222083007969e+00,3.026973219344928800e+00,2.491578003438397637e+00
3.713021694589089261e+00,2.366644298540706348e+00,2.484999116197157853e+00
2.034829526883472184e+00,1.449916931882572202e-01,2.120253181065419490e+00
1.594973526617846415e+00,2.095631445433415951e+00,1.927849126698040205e+00
1.506999717585529419e+00,2.184281378127713058e+00,2.047524807800890301e+00
