1.543853950500488281e+01,1.792583084106445312e+01,2.141888061357732909e-07,2.368384788287158926e-08
3.401293563842773438e+01,3.888018798828125000e+01,2.726207870562546987e-08,3.661420056033648507e-09
5.202475547790527344e+00,6.115062236785888672e+00,6.056921863506481429e-06,8.886738008251349186e-07
1.965448760986328125e+01,2.291119384765625000e+01,6.980285596758228905e-07,1.077294038975828983e-07
5.995156288146972656e+00,7.201065540313720703e+00,1.536918414141164035e-05,2.596481139760520307e-06
1.746960258483886719e+01,2.032888412475585938e+01,6.303652732797537794e-06,7.084233851761823075e-07
2.727949380874633789e+00,3.055034399032592773e+00,2.132247128411313142e-05,5.452026711094681843e-06
2.038672828674316406e+01,2.334910774230957031e+01,3.560960942283752928e-06,5.188078159301667824e-07
8.607702255249023438e+00,1.000272369384765625e+01,2.394734908262030615e-06,4.656190668028692414e-07
3.992722928524017334e-01,4.119199216365814209e-01,4.235864682822221283e-05,9.967903903951302880e-06
1.812405776977539062e+01,2.010933876037597656e+01,1.811911121141207559e-09,1.161901130863896014e-10
1.890902137756347656e+01,2.121182632446289062e+01,1.197137444730600464e-09,3.478861643202435516e-11
2.795835685729980469e+01,3.263619232177734375e+01,3.181521268658116242e-09,1.396625592953171235e-10
7.310763001441955566e-01,8.181158900260925293e-01,3.064617509762612713e-07,3.268855347515753351e-08
3.427957534790039062e+01,3.980232620239257812e+01,2.466105257781237015e-07,2.647042945946864734e-08
6.015761494636535645e-01,8.639570474624633789e-01,6.271874408714239735e-08,6.168068944489846217e-09
2.686971092224121094e+01,3.093772125244140625e+01,1.526360730486064909e-05,2.472085977978100146e-06
1.797190475463867188e+01,2.085397338867187500e+01,1.199006784569078832e-05,2.105915357486498607e-06
5.503538131713867188e+00,6.039074897766113281e+00,1.955401770686870933e-04,5.558662652010992744e-05
1.238395214080810547e+01,1.362640953063964844e+01,6.021766429558594869e-02,3.766732920400539530e-02
4.660437583923339844e+00,5.220460414886474609e+00,6.469364113372177982e-03,2.547185386291062059e-03
4.832658171653747559e-01,6.643408536911010742e-01,8.242743460284973622e-06,1.554792434188545514e-06
2.573455429077148438e+01,2.983068466186523438e+01,7.299962792119973898e-04,2.948218624299059343e-04
8.365951538085937500e+00,9.625910758972167969e+00,2.779344396536265194e-05,4.544932931727085901e-06
5.064935684204101562e+00,5.714437484741210938e+00,4.134515019238449440e-07,5.683533255140815754e-08
1.640690040588378906e+01,1.813288307189941406e+01,1.678990673437130710e-06,2.950630629827699636e-07
1.307917213439941406e+01,1.526384353637695312e+01,6.257052465152845855e-06,1.450597725161095752e-06
4.793694496154785156e+00,5.312095642089843750e+00,6.995975808954391084e-05,2.037054858783360345e-05
4.147416114807128906e+00,4.338574409484863281e+00,2.056224210784607376e-03,9.894984340424461955e-04
1.884867477416992188e+01,2.168568420410156250e+01,5.187425289321367927e-08,4.725276114836418628e-09
3.297636795043945312e+01,3.747431182861328125e+01,1.236281201566880039e-03,4.288663399737990822e-04
7.051970362663269043e-01,8.375985026359558105e-01,7.687785020693560512e-06,1.549101831976873456e-06
2.199682617187500000e+01,2.536601066589355469e+01,1.061612356634267229e-06,2.494456811108491934e-07
1.831726837158203125e+01,2.135381317138671875e+01,1.211181371244540728e-04,3.399414467347705582e-05
2.779311418533325195e+00,3.638658523559570312e+00,2.458318841264128807e-05,7.660940876508259834e-06
7.521533966064453125e-01,9.596604108810424805e-01,2.713697216188970529e-05,4.970719720276406406e-06
2.079355049133300781e+01,2.324159431457519531e+01,1.518279557380702305e-01,1.143688860087626047e-01
1.730067253112792969e+01,1.945274353027343750e+01,4.129743738923163932e-06,7.267455375270515106e-07
5.431840896606445312e+00,6.071469783782958984e+00,1.231291490988439818e-08,1.094696999714983576e-09
1.648642539978027344e+01,1.869501495361328125e+01,3.310296481373597999e-12,1.081912337497215049e-13
3.049956703186035156e+01,3.451608276367187500e+01,8.602987033146103357e-05,2.253474360502938367e-05
2.416965723037719727e+00,2.531702518463134766e+00,2.803488142860688370e-05,6.226388372054803000e-06
6.067482233047485352e-01,6.857715249061584473e-01,1.175922968697895588e-03,3.928982036267569811e-04
2.450515937805175781e+01,2.756145095825195312e+01,6.900962927477993780e-04,2.385799407785271775e-04
6.190958619117736816e-01,7.618404030799865723e-01,2.407463750575544736e-08,2.536641063866085233e-09
7.109249114990234375e+00,8.270835876464843750e+00,6.536809645824037673e-05,1.305598571388344453e-05
9.812080383300781250e+00,1.117821502685546875e+01,7.071310879624981283e-07,9.823933450059385564e-08
2.764439392089843750e+01,3.070527076721191406e+01,2.370600127310495964e-08,2.904526119618111579e-09
3.699560761451721191e-01,1.116839170455932617e+00,4.445867224367461290e-08,3.960720196261036108e-09
1.106225967407226562e+01,1.273728752136230469e+01,1.508482648654441149e-05,3.839395068483408835e-06
1.736777496337890625e+01,1.939298248291015625e+01,1.445213105299991696e-07,1.576819352866465351e-08
2.698983001708984375e+01,3.003327560424804688e+01,7.217291506604550655e-03,3.995919893053145877e-03
1.155620861053466797e+01,1.304649829864501953e+01,1.139454586240873368e-09,5.721290108340326697e-11
8.643051385879516602e-01,1.262006759643554688e+00,7.915402855385167413e-08,7.054200945599831130e-09
7.967896461486816406e+00,8.236728668212890625e+00,1.458512944220169416e-04,4.047625425535050780e-05
1.570437431335449219e+01,1.779565238952636719e+01,1.447857997316503997e-05,2.888817531632170699e-06
1.617208480834960938e+01,1.815707588195800781e+01,1.117185732812941978e-09,1.144335182168276788e-10
3.631776809692382812e+01,4.099891281127929688e+01,7.307907951381586997e-05,1.812947012291843407e-05
1.874033927917480469e+01,2.137927246093750000e+01,1.632650498378795945e-05,3.010159091321185088e-06
1.288194847106933594e+01,1.469640636444091797e+01,2.858020965168517336e-06,4.567176860037491792e-07
2.083339500427246094e+01,2.390124702453613281e+01,4.038798698346057758e-03,1.599764521145352614e-03
3.256651306152343750e+01,3.668319702148437500e+01,4.234077773945799095e-07,6.949583974957818100e-08
1.779515647888183594e+01,1.981988143920898438e+01,1.739888624674446049e-06,2.561644336651625053e-07
2.633924102783203125e+01,3.122977066040039062e+01,9.037411374812620579e-10,2.390831976839535855e-11
1.465600371360778809e+00,1.549015402793884277e+00,1.758056250578121649e-08,1.435137231275973591e-09
1.199443054199218750e+01,1.366648864746093750e+01,1.189693720613504979e-04,3.506616383602834119e-05
8.012261390686035156e+00,9.440706253051757812e+00,5.960125627479939681e-05,1.253128937522829389e-05
1.709063649177551270e-01,4.174766540527343750e-01,2.151395881389017717e-06,3.850470126076643851e-07
9.883440971374511719e+00,1.089157390594482422e+01,1.153328682634846558e-05,3.032743404296489587e-06
1.162768554687500000e+01,1.320810890197753906e+01,7.160135378547760610e-06,1.332433371137309308e-06
3.589785814285278320e+00,4.048808097839355469e+00,7.257675763205906350e-06,1.707625685021252337e-06
1.376806163787841797e+01,1.607794189453125000e+01,8.646966233039066196e-07,1.812291003377985987e-07
4.740750193595886230e-01,6.985536813735961914e-01,1.405687671501842928e-05,2.779530363539173266e-06
6.548871040344238281e+00,8.176108360290527344e+00,6.994506925498966687e-04,2.292420919386417566e-04
2.626753151416778564e-01,5.570585727691650391e-01,2.043696539777428711e-08,1.656248471704202530e-09
1.188219642639160156e+01,1.369587612152099609e+01,3.412950222436705872e-07,3.131637438258394468e-08
1.327964210510253906e+01,1.469224548339843750e+01,3.610617403334792641e-03,1.636854879044358224e-03
1.378310680389404297e+00,2.094759464263916016e+00,1.284743890717088277e-07,1.533476268189559732e-08
5.605659008026123047e+00,6.391668319702148438e+00,1.541078885800573062e-04,4.533280327939648302e-05
1.369270801544189453e+01,1.630367088317871094e+01,2.708598216549784610e-05,5.180669288229466929e-06
1.888526725769042969e+01,2.169265174865722656e+01,4.681749776747068381e-08,4.110808971002910539e-09
2.889265060424804688e+01,3.346729278564453125e+01,1.081511652456512707e-08,1.109797753695573874e-09
1.458335494995117188e+01,1.633804512023925781e+01,5.251859480970288985e-06,1.145295473237162298e-06
1.416228675842285156e+01,1.676406669616699219e+01,4.992477153908936316e-09,3.295708705941535754e-10
7.705317139625549316e-01,8.490830063819885254e-01,2.179550539993524438e-06,3.773495645398305953e-07
1.684491920471191406e+01,1.948139953613281250e+01,3.240609567389807211e-05,6.492460613405359737e-06
2.306846237182617188e+01,2.601381111145019531e+01,4.533883262713978013e-07,9.590330263264945643e-08
2.470083045959472656e+01,2.777998161315917969e+01,3.321181966053909917e-06,7.612880206786520887e-07
2.444738769531250000e+01,2.700326919555664062e+01,2.427620683476128249e-06,3.805750932728280134e-07
5.849218368530273438e-01,6.969255805015563965e-01,8.319517574850721076e-09,5.402666647391640709e-10
1.951758384704589844e+01,2.217727851867675781e+01,6.263110491344647812e-08,5.500515432022012874e-09
1.746728515625000000e+01,2.037957954406738281e+01,5.357016095164368608e-07,8.879876478573578424e-08
1.775773239135742188e+01,1.994669914245605469e+01,1.127666571232310844e-09,4.788502927510762675e-11
4.092610836029052734e+00,4.778789043426513672e+00,1.881524439339976595e-05,3.874858012953286135e-06
8.840270042419433594e-01,1.062846302986145020e+00,2.409146823856289643e-05,4.910982672468033883e-06
1.375189208984375000e+01,1.591770553588867188e+01,1.680397563208479994e-06,2.965790390496714224e-07
2.677463531494140625e+01,3.016016769409179688e+01,2.964209682211615959e-03,1.131149544104870230e-03
8.037521362304687500e+00,9.082108497619628906e+00,6.677131699106553242e-06,1.690745892402034656e-06
6.563778877258300781e+00,7.196919918060302734e+00,3.134770493381511258e-04,8.371258589268126826e-05
1.673426055908203125e+01,1.951535987854003906e+01,2.052522435480597096e-05,5.229884020407915557e-06
4.397793412208557129e-01,4.957095980644226074e-01,1.789492921622226618e-07,1.882039518674716305e-08
5.439507365226745605e-01,6.154064536094665527e-01,1.504230001678763529e-04,4.094536268045567695e-05
4.335646152496337891e+00,5.020113468170166016e+00,1.225779253871683849e-05,2.076130506234452611e-06
7.812278270721435547e-01,1.041887283325195312e+00,4.303420925966250365e-05,1.220613933355929603e-05
1.284264945983886719e+01,1.457455539703369141e+01,2.625939055883597106e-05,6.312821469234286553e-06
1.448233246803283691e+00,1.723186731338500977e+00,9.474043812796040243e-07,1.525466604701541939e-07
1.018304467201232910e+00,1.173051118850708008e+00,5.496662724979728409e-08,3.983152474518192321e-09
1.021122646331787109e+01,1.217783737182617188e+01,1.354113384228750050e-03,6.444376650333594192e-04
2.474573850631713867e+00,2.684527873992919922e+00,9.849632009450992598e-07,1.894119897594137569e-07
1.555882930755615234e+00,1.772211790084838867e+00,1.878795230503271796e-08,2.040928981372758244e-09
2.532727432250976562e+01,2.921660995483398438e+01,2.584925976867324948e-04,9.541986421157666598e-05
1.732353591918945312e+01,1.977830886840820312e+01,4.061386852135584480e-03,1.375021563983336303e-03
2.769384574890136719e+01,3.153541946411132812e+01,4.111505771642987028e-03,1.766799245541295083e-03
5.120596289634704590e-01,8.531649112701416016e-01,3.141632918202130753e-06,7.207297047506777687e-07
1.642339134216308594e+01,1.889662742614746094e+01,2.738814399605438155e-06,6.350500230678512992e-07
1.419097423553466797e+01,1.570270538330078125e+01,3.690205363504617253e-10,1.706801366907484407e-11
2.062617987394332886e-01,2.378951013088226318e-01,4.711815624891535492e-07,7.485067288204305669e-08
3.301674270629882812e+01,3.773922729492187500e+01,1.126982469090709316e-05,1.839938673309227113e-06
2.299209594726562500e+01,2.625002670288085938e+01,1.058755125848964695e-04,2.654031579318871792e-05
2.152767562866210938e+01,2.400467491149902344e+01,5.068884864178890837e-06,1.093374167926430829e-06
1.896985626220703125e+01,2.248614120483398438e+01,1.002421949758414144e-05,1.895854023714615977e-06
1.309963798522949219e+01,1.552622699737548828e+01,9.957744568633852822e-06,2.022390872047363786e-06
1.514432907104492188e+01,1.742522430419921875e+01,5.759124172000085196e-08,5.691016879971755316e-09
1.199166107177734375e+01,1.326826858520507812e+01,3.542896090447111845e-06,8.851989535263449227e-07
7.869201660156250000e+00,8.769405364990234375e+00,2.391037534632545203e-08,2.219299521932782682e-09
2.057018470764160156e+01,2.467145538330078125e+01,2.853095237842495635e-08,2.109002139594196024e-09
2.502927589416503906e+01,2.896958923339843750e+01,1.617481670823650575e-08,1.424212803247115744e-09
4.529026985168457031e+00,5.594993591308593750e+00,1.094608184204481915e-06,1.525149950221127426e-07
1.838344764709472656e+01,2.150852966308593750e+01,6.252280621876771249e-05,1.381099690156428750e-05
8.171952247619628906e+00,9.702889442443847656e+00,4.692735890099442031e-05,1.444305132225487398e-05
1.261903285980224609e+01,1.468089103698730469e+01,6.698319674092179099e-06,1.536603719931584067e-06
2.085462379455566406e+01,2.447904205322265625e+01,1.225358492257244691e-04,3.280016615458958285e-05
1.682293701171875000e+01,2.015589332580566406e+01,2.003828078356306719e-06,2.049250519831069539e-07
1.890483379364013672e+00,1.954768776893615723e+00,5.649946074881562197e-07,5.031357375173683977e-08
2.165765380859375000e+01,2.466017723083496094e+01,5.896523690984700750e-07,6.985661449299129799e-08
1.552274674177169800e-01,2.137897312641143799e-01,1.981252136240563289e-07,2.027131984494445760e-08
7.759591341018676758e-01,1.653188824653625488e+00,4.366484951390248170e-11,2.871758386646661165e-12
1.238138771057128906e+01,1.410548973083496094e+01,2.590276115821410485e-07,4.081838639313772887e-08
1.260455989837646484e+01,1.430269336700439453e+01,5.845404941443033131e-04,2.059086030604118100e-04
4.372537612915039062e+00,5.271038055419921875e+00,8.561685224593995613e-04,2.877425672249134259e-04
2.946377694606781006e-01,7.650881409645080566e-01,2.165083773497666897e-05,4.726622677198033529e-06
1.949490189552307129e+00,2.313376426696777344e+00,1.303036793104395130e-05,2.568416300530174112e-06
2.437521934509277344e+01,2.797049331665039062e+01,3.134619386280235176e-08,3.673891912914228897e-09
2.328477668762207031e+01,2.644241905212402344e+01,8.621396215408028141e-05,2.576628898354194064e-05
2.820052337646484375e+01,3.387557220458984375e+01,2.185054798209407068e-07,3.109622087604790863e-08
2.694432449340820312e+01,3.073817443847656250e+01,1.774207336602273699e-09,1.211719058424876039e-10
4.437938928604125977e-01,4.977646768093109131e-01,4.127130911949550285e-03,2.387782376732539014e-03
2.484940910339355469e+01,2.838437843322753906e+01,5.947430566477507341e-05,1.568305224319832547e-05
1.606522369384765625e+01,1.796600723266601562e+01,1.112154224889860821e-04,2.953071629924197694e-05
6.014224886894226074e-01,7.206497788429260254e-01,1.704050151540847935e-07,1.196020327220992385e-08
5.650357246398925781e+00,6.231384277343750000e+00,2.231804038965723436e-06,3.198597976483696925e-07
2.497979736328125000e+01,2.870232200622558594e+01,4.993276155329517962e-07,5.890100784888829821e-08
3.459197759628295898e+00,3.972249984741210938e+00,1.282703176952448842e-06,1.434066731476058010e-07
3.781125307083129883e+00,4.319884300231933594e+00,2.653261867741063540e-05,5.816790144219652348e-06
1.617314529418945312e+01,1.867867851257324219e+01,6.185937378055950120e-06,1.052802878098724193e-06
1.586602306365966797e+01,1.839939117431640625e+01,1.402814422368781067e-05,1.975221092631596065e-06
2.144483947753906250e+01,2.427342605590820312e+01,1.683538062371425781e-04,3.748934997666042435e-05
3.741619348526000977e+00,3.814588069915771484e+00,4.596841137738394423e-07,6.574297417571983715e-08
2.103944301605224609e+00,2.483498573303222656e+00,2.086934983158705847e-07,1.854665071521210962e-08
2.932147979736328125e+00,3.333170413970947266e+00,9.763875136181709991e-08,1.081308337314013102e-08
2.434040451049804688e+01,2.787127685546875000e+01,9.967996660975586565e-06,1.998064082298078858e-06
2.192843246459960938e+01,2.527421569824218750e+01,8.929832362447598371e-08,6.358227722103038104e-09
9.933112144470214844e+00,1.167825031280517578e+01,6.511006971354760253e-07,1.052815302160503563e-07
2.099858474731445312e+01,2.436601638793945312e+01,1.344447535300830054e-05,2.887699933895593318e-06
1.610652923583984375e+01,1.795010375976562500e+01,1.309467735188807325e-06,1.970054897548756401e-07
2.650222969055175781e+01,3.006149291992187500e+01,4.118335145131268860e-07,5.072144299012038005e-08
4.348657131195068359e+00,4.995481491088867188e+00,1.171043468251031783e-05,3.041354672495000244e-06
1.187566089630126953e+01,1.440753746032714844e+01,7.713188646119029102e-07,1.240720847173193420e-07
3.082497835159301758e+00,3.607396364212036133e+00,2.224572204739816428e-05,4.713312751647436016e-06
1.102488756179809570e+00,1.603681802749633789e+00,8.046295807417891410e-06,1.695416774472047194e-06
2.975467920303344727e+00,3.363624811172485352e+00,5.963337662062695443e-06,1.227068654408025594e-06
2.309181976318359375e+01,2.627301025390625000e+01,1.649954914362261604e-07,1.998233828404138990e-08
5.095078468322753906e+00,5.491326808929443359e+00,6.948516289739803398e-06,1.779636965792974479e-06
1.974420738220214844e+01,2.271022033691406250e+01,2.037939783761100188e-06,3.536843825036051214e-07
1.214728927612304688e+01,1.347990131378173828e+01,1.589313472405429195e-05,5.181583679181311908e-06
2.188409614562988281e+01,2.518663406372070312e+01,1.607572920891975343e-06,2.377219813776143553e-07
2.508202934265136719e+01,2.862339019775390625e+01,2.237485995260080074e-06,4.450156258495319150e-07
1.602164077758789062e+01,1.830799484252929688e+01,1.456328324600519863e-08,1.160805396249742216e-09
2.875960350036621094e+01,3.179371070861816406e+01,1.984519482078894725e-07,3.715765106715451793e-08
2.629621696472167969e+01,2.949685096740722656e+01,2.226390095672048375e-05,4.493306704433930321e-06
1.245284748077392578e+01,1.478621292114257812e+01,1.682129936314558094e-05,3.750565407523165362e-06
1.498814964294433594e+01,1.728037643432617188e+01,1.867368050023632264e-06,4.232308277729579515e-07
2.843689346313476562e+01,3.286500549316406250e+01,3.299647610699452116e-08,2.224454509480722209e-09
2.602901160717010498e-01,6.134051680564880371e-01,6.397813223646409142e-09,2.753712813330366771e-10
9.080097198486328125e+00,9.960273742675781250e+00,2.436902796221218637e-08,1.601888177660271140e-09
1.349208068847656250e+01,1.533506202697753906e+01,2.419235147867460078e-04,4.943442138960474352e-05
1.785256195068359375e+01,2.089486885070800781e+01,4.108663704381843029e-03,1.473230877094389157e-03
7.563614368438720703e+00,8.461781501770019531e+00,2.297941996395713726e-03,9.192137805287270425e-04
5.784180164337158203e+00,6.279136657714843750e+00,2.622664800655538642e-05,5.747823537405327698e-06
1.956138038635253906e+01,2.326040649414062500e+01,1.596874097786749047e-05,3.344851812248084144e-06
3.372411346435546875e+01,3.806768798828125000e+01,7.205491703299315986e-09,4.151223254034164256e-10
2.969631850719451904e-01,9.923954010009765625e-01,1.444605435132373383e-02,7.063003075436391498e-03
1.310823822021484375e+01,1.520915794372558594e+01,1.743780529633864873e-05,3.810808225701567409e-06
3.741347789764404297e+00,4.426423072814941406e+00,6.012121211873555637e-06,6.767972715593373323e-07
1.072181606292724609e+01,1.205872344970703125e+01,6.291120646650938397e-08,6.048423373261613278e-09
2.425440025329589844e+01,2.729194259643554688e+01,1.465773674436121610e-06,2.502673600579541358e-07
3.979146480560302734e+00,4.742509841918945312e+00,3.684144156412827442e-09,1.768253876655023760e-10
6.173013687133789062e+00,6.944385051727294922e+00,2.783200916955941295e-07,4.552636928556452744e-08
4.985304832458496094e+00,6.030856132507324219e+00,2.211813333097278900e-06,2.009447663819940999e-07
1.283621120452880859e+01,1.503982353210449219e+01,1.909545727796224668e-05,4.766518710286327121e-06
7.445355057716369629e-01,9.684665799140930176e-01,1.354561702193723960e-05,3.057915246573728041e-06
1.723622512817382812e+01,1.963460731506347656e+01,1.664907341428212284e-04,5.336975082786965530e-05
1.436847877502441406e+01,1.625058174133300781e+01,5.605679101183813628e-06,1.372689894085787898e-06
1.078227877616882324e+00,1.235631823539733887e+00,8.123416306293762545e-06,1.190188171296124864e-06
1.156460762023925781e+01,1.356168174743652344e+01,1.221470997265240443e-01,6.536581322808154848e-02
1.048769760131835938e+01,1.224390983581542969e+01,2.937621357279596168e-08,3.261694025979977596e-09
7.522716999053955078e+00,8.834074974060058594e+00,8.676516586314519941e-07,9.336564843476224951e-08
2.479224395751953125e+01,2.899852371215820312e+01,3.266463766138372193e-10,1.512917569002070195e-11
1.242637062072753906e+01,1.439615631103515625e+01,6.781171271175168158e-07,9.957933133630803013e-08
2.622223615646362305e+00,3.283841133117675781e+00,3.871263719590345431e-07,4.918041823787078215e-08
3.017877042293548584e-01,3.237534463405609131e-01,2.469950564493172962e-05,7.723682308502510807e-06
1.611638259887695312e+01,1.791057968139648438e+01,1.314296226295752490e-07,1.503621505083430065e-08
2.205565071105957031e+01,2.495397567749023438e+01,2.344811630589083151e-05,6.489484337124373781e-06
1.210329532623291016e+01,1.358571815490722656e+01,5.273968009276042146e-03,2.806315958405136701e-03
2.530941009521484375e+01,2.918324851989746094e+01,3.665808940844783592e-07,6.705905153392421880e-08
3.912743377685546875e+01,4.437956237792968750e+01,1.701273916004941711e-05,2.400162925630944244e-06
1.955799609422683716e-01,2.263036668300628662e-01,1.964766732642786451e-08,1.370103142050993483e-09
5.802835822105407715e-01,6.101559996604919434e-01,6.256774354174154951e-08,5.144694337211319635e-09
1.138094043731689453e+01,1.303265953063964844e+01,6.095686609919326315e-07,8.928595185420107327e-08
5.770648002624511719e+00,7.001417636871337891e+00,4.364261891487419831e-06,7.610883251407685179e-07
5.796976089477539062e-01,6.682162284851074219e-01,4.240352443063422072e-07,5.598534125184073673e-08
1.601217269897460938e+00,1.801445841789245605e+00,1.605984318864273064e-06,2.850599214454518915e-07
2.131981611251831055e+00,2.475588321685791016e+00,2.740564805092660094e-07,4.669658137945731369e-08
6.203911304473876953e+00,6.999695301055908203e+00,6.676217075285428848e-07,1.281735943492456897e-07
4.444889545440673828e+00,5.041791439056396484e+00,4.197905983749361525e-05,1.151726419940102275e-05
2.897707748413085938e+01,3.359172821044921875e+01,3.104550760912871965e-08,3.375045742881610522e-09
2.099793052673339844e+01,2.448796463012695312e+01,6.655282164258480293e-08,4.782258533619909713e-09
6.209313273429870605e-01,8.097714185714721680e-01,2.427248255165714852e-07,2.014317634912998756e-08
1.068796062469482422e+01,1.210630416870117188e+01,1.494569705662307513e-06,2.285796994461186671e-07
1.616215705871582031e+01,1.886098480224609375e+01,3.389484166727019243e-06,5.657742434550527832e-07
4.582618713378906250e+00,5.257008075714111328e+00,6.056604551218924826e-09,6.109526773379059250e-10
2.132588958740234375e+01,2.390572166442871094e+01,2.442163937163566167e-04,8.784978843451307640e-05
8.861142158508300781e+00,1.070728969573974609e+01,4.065058074353422590e-04,9.469900353475946275e-05
2.624236583709716797e+00,3.051586866378784180e+00,1.580502914766412914e-06,2.387751791843584215e-07
4.453100562095642090e-01,4.922149777412414551e-01,1.354584827061244834e-03,6.165244414972903542e-04
2.413282203674316406e+01,2.730674934387207031e+01,2.382719608523542476e-05,4.070034558434354466e-06
1.707741260528564453e+00,1.920193433761596680e+00,5.950556714040544648e-11,3.893052546999342667e-12
1.499540328979492188e+01,1.723219871520996094e+01,4.448010842872385240e-06,7.291317103974570557e-07
7.190501689910888672e-01,7.538059353828430176e-01,2.500437257529908308e-05,7.288512255954060493e-06
1.164707946777343750e+01,1.320384025573730469e+01,2.556093390060354409e-06,3.788358588496798518e-07
7.440922856330871582e-01,1.284026384353637695e+00,1.429100231504831786e-02,7.517531272627220318e-03
1.110012769699096680e+00,1.459962368011474609e+00,2.913492676487328126e-05,7.232034637649764619e-06
4.902847766876220703e+00,5.663728237152099609e+00,1.859030805129169295e-06,3.126485629278974443e-07
2.125969886779785156e+01,2.433247375488281250e+01,2.632685299042147875e-06,5.725496572406285622e-07
2.812437295913696289e+00,3.274236679077148438e+00,1.199177605945012104e-04,4.491241931220413264e-05
1.565665435791015625e+01,1.806122589111328125e+01,9.314628292813043053e-04,3.187587760671295456e-04
1.127061557769775391e+01,1.333411502838134766e+01,1.138760292279661357e-05,1.746714057615506022e-06
1.925282597541809082e+00,2.237199544906616211e+00,8.132572178885522085e-04,3.248538822389623881e-04
7.761071205139160156e+00,8.882456779479980469e+00,5.451471296102905484e-06,9.626246136873461978e-07
3.848283767700195312e+01,4.400614929199218750e+01,9.946894125034688727e-08,1.239978469902425218e-08
1.297776603698730469e+01,1.497475433349609375e+01,1.349363859537433541e-08,1.194759180478399685e-09
8.365894317626953125e+00,9.206892967224121094e+00,5.171633732925506877e-07,9.911128512340994234e-08
7.639390468597412109e+00,9.215655326843261719e+00,6.470805350861086325e-05,1.969536175144837031e-05
3.558473205566406250e+01,4.160380935668945312e+01,2.874746325987054263e-07,2.774368784708158842e-08
1.554324030876159668e+00,1.850326299667358398e+00,1.981216026447629730e-05,5.583298790745594431e-06
2.312196016311645508e+00,2.487519025802612305e+00,7.040605045084413760e-04,3.039428861200677012e-04
2.310653686523437500e+01,2.696192550659179688e+01,9.675392017913231335e-04,3.064243327794424765e-04
6.601900100708007812e+00,7.383835792541503906e+00,2.617924835801588301e-07,3.401948817094435640e-08
6.811922550201416016e+00,7.845770359039306641e+00,1.350656659737659027e-06,2.235312218101803694e-07
1.564045995473861694e-01,3.830852508544921875e-01,2.516660368989676044e-08,1.886728939748394396e-09
9.841378211975097656e+00,1.125817203521728516e+01,2.146514338274840838e-05,3.885956017135594465e-06
2.087604331970214844e+01,2.403810882568359375e+01,4.268255309608504078e-04,1.333415493297018806e-04
7.177442073822021484e+00,8.145702362060546875e+00,3.738956537352455811e-05,1.087720675552183991e-05
1.535151153802871704e-01,5.487102866172790527e-01,2.478282041477597453e-04,7.332704921386712371e-05
2.670135498046875000e+01,3.091604423522949219e+01,2.966111449477226714e-04,1.009437763391241027e-04
2.154470634460449219e+01,2.408015441894531250e+01,2.003320065391278604e-09,9.756950802852770721e-11
2.915731239318847656e+01,3.398607635498046875e+01,1.523131191449866861e-06,2.223816640278819534e-07
1.906888389587402344e+01,2.159294509887695312e+01,8.312131280785450826e-05,2.571920470967326011e-05
1.560177445411682129e+00,1.792217731475830078e+00,9.224392312712215158e-05,2.558893638004988702e-05
2.252069473266601562e+01,2.603053283691406250e+01,4.946841442032834379e-08,6.115500716941113524e-09
2.928532600402832031e+01,3.381312942504882812e+01,2.802484298347618363e-06,5.529917139202034093e-07
1.812430000305175781e+01,2.128455352783203125e+01,4.179286368455326084e-05,1.063096814707398252e-05
1.121342182159423828e+01,1.279617214202880859e+01,9.707135329994898143e-07,1.360530440530638430e-07
2.021791458129882812e+01,2.319092369079589844e+01,1.836529419030341614e-05,4.239041746401106536e-06
5.727908611297607422e+00,6.735052585601806641e+00,2.167595261159949160e-05,4.271698561486569901e-06
1.013363647460937500e+01,1.139025974273681641e+01,2.056603193856254563e-07,1.638622076916007586e-08
6.941346526145935059e-01,1.653813362121582031e+00,3.631003586690439988e-07,3.517801944186160767e-08
5.060715198516845703e+00,5.740993976593017578e+00,3.222905166855305481e-06,7.501577600210751484e-07
3.228815555572509766e+00,3.737368822097778320e+00,1.911437896850998186e-08,1.803042881665106734e-09
3.623359298706054688e+01,4.285009384155273438e+01,2.126068887609022795e-08,1.413210215517324286e-09
1.312903285026550293e+00,1.528328776359558105e+00,4.751699619298666022e-05,1.050895919391114930e-05
1.966704559326171875e+01,2.266024398803710938e+01,7.416556406220076170e-05,1.855869061428983002e-05
2.698288536071777344e+01,3.084559631347656250e+01,9.717852933466275545e-07,1.515930948547961066e-07
3.609593212604522705e-01,9.094245433807373047e-01,9.034882796854493137e-06,2.181007936086221122e-06
7.523161768913269043e-01,1.047607660293579102e+00,2.081031938827582195e-06,2.710638083991412373e-07
1.687587356567382812e+01,1.936910247802734375e+01,1.047897202344216794e-08,5.497839405954607628e-10
1.819236427545547485e-01,3.463175892829895020e-01,5.861252111760140160e-04,1.793027792864609893e-04
6.234946250915527344e-01,7.464505434036254883e-01,5.267332507769006966e-05,1.542936894377566759e-05
2.804755783081054688e+01,3.214016723632812500e+01,9.127218397741998501e-08,1.120033032986356147e-08
2.561400532722473145e-01,2.953694164752960205e-01,1.468050275788002068e-08,1.532489746214338311e-09
1.805700302124023438e+01,2.085207366943359375e+01,5.401144629452181434e-05,1.526283981972964554e-05
1.232519817352294922e+01,1.435233879089355469e+01,5.258037982791563536e-07,1.057189468745001193e-07
9.319862365722656250e+00,1.064203929901123047e+01,8.514727256603293881e-10,5.672434744141696683e-11
5.806974887847900391e+00,6.738697052001953125e+00,5.126439703295737615e-06,6.536433851955791852e-07
1.662854194641113281e+01,1.880039596557617188e+01,7.903906821769002278e-04,3.197942061200498287e-04
2.010465145111083984e+00,2.349290370941162109e+00,4.662671324512368543e-05,1.251151270525996395e-05
1.114555931091308594e+01,1.242017745971679688e+01,2.504531526025255417e-04,8.079919356146492149e-05
2.693653869628906250e+01,3.042603302001953125e+01,8.058697423374283630e-06,1.810103799848583606e-06
2.257001686096191406e+01,2.681570816040039062e+01,5.636854917390188291e-06,9.491246602544300970e-07
2.212065315246582031e+01,2.488598823547363281e+01,2.352394620208642095e-07,4.178486417982796297e-08
1.132122421264648438e+01,1.311828994750976562e+01,1.789353276659966241e-08,2.393544085155241419e-09
8.752215385437011719e+00,9.952424049377441406e+00,1.824460928824745976e-01,1.265619340449959940e-01
2.360645294189453125e+01,2.720507240295410156e+01,2.171759272417972397e-09,1.567247442935126855e-10
2.057440042495727539e+00,2.582721233367919922e+00,1.550063724730710302e-03,6.225437612407125343e-04
1.168217658996582031e+01,1.346065711975097656e+01,5.987197172713232263e-05,1.640722779916448104e-05
1.606948089599609375e+01,1.811413574218750000e+01,2.374752149525427569e-05,7.078917072245172193e-06
1.575294303894042969e+01,1.859668159484863281e+01,4.601594105763662235e-04,1.602944277595552691e-04
2.694304847717285156e+01,3.026124191284179688e+01,1.195929916208982036e-08,7.686881686730373531e-10
2.248875999450683594e+01,2.637906074523925781e+01,2.987513019525600555e-06,5.214900322680904310e-07
2.393380355834960938e+01,2.752221488952636719e+01,7.179159750051400390e-03,3.435199135470023979e-03
2.813281822204589844e+01,3.150040817260742188e+01,1.102889091200154326e-04,3.371673095897698147e-05
1.740034675598144531e+01,2.044412422180175781e+01,1.358323666322824863e-07,1.279874600745856128e-08
7.839871883392333984e+00,9.236731529235839844e+00,7.452292509868563286e-06,1.852771515653550694e-06
1.297815608978271484e+01,1.488182449340820312e+01,1.453124686634499341e-06,1.832879333862891258e-07
7.606532096862792969e+00,8.577442169189453125e+00,2.879209490898751445e-01,2.361653944016364193e-01
8.701633453369140625e+00,1.035065650939941406e+01,2.696910808008823324e-07,4.642996059844861634e-08
8.743779182434082031e+00,9.959941864013671875e+00,9.364773762010614178e-07,1.810480498298794316e-07
2.363561630249023438e+01,2.608981704711914062e+01,1.640797464674825790e-06,2.429053427843719248e-07
2.755794143676757812e+01,3.091468238830566406e+01,3.315254175628723488e-07,3.893661265630399271e-08
1.117146682739257812e+01,1.251264858245849609e+01,7.816556231166060797e-07,9.796232675052252148e-08
3.035058403015136719e+01,3.521965408325195312e+01,2.974684392698101476e-07,2.666614978830139648e-08
3.237866163253784180e+00,3.256017923355102539e+00,7.308807054961508065e-04,2.781386572091038012e-04
1.971615600585937500e+01,2.262410163879394531e+01,1.200064295159286587e-07,1.414304490188200703e-08
2.851194000244140625e+01,3.261917495727539062e+01,2.549169085375169175e-06,4.452803437637875561e-07
4.101492309570312500e+01,4.644521331787109375e+01,1.721608582638811669e-06,3.127217672593829434e-07
2.902048349380493164e+00,3.179052591323852539e+00,1.087636877339370756e-06,1.943309374530244327e-07
9.192170143127441406e+00,1.030412292480468750e+01,3.679138277368210197e-07,4.716002488525106173e-08
2.906159877777099609e+00,3.311523437500000000e+00,9.384027137959716214e-06,1.130133313709258402e-06
6.726343035697937012e-01,8.445090055465698242e-01,1.212797262617471006e-08,1.328361864949556548e-09
1.480105519294738770e+00,1.503684401512145996e+00,6.744381142453903522e-08,9.609462670034929488e-09
3.570062220096588135e-01,3.807788193225860596e-01,6.908149378820338526e-05,2.434839265158528221e-05
6.446622371673583984e+00,7.291844367980957031e+00,1.295851827798344402e-05,3.095358151239402389e-06
1.030746746063232422e+01,1.148828601837158203e+01,7.241240553290673176e-07,1.168331461021132611e-07
9.316684007644653320e-01,1.279915571212768555e+00,9.452033260304304463e-06,2.288941824413193160e-06
1.821374702453613281e+01,2.083681106567382812e+01,3.427713612946803323e-09,4.319137270059059119e-10
1.880028724670410156e+01,2.182452774047851562e+01,2.678783539988849327e-07,2.990052833107270658e-08
5.203687667846679688e+00,5.858826637268066406e+00,1.165570945760308064e-06,1.603551384454782180e-07
2.411302185058593750e+01,2.828145599365234375e+01,7.323390934621532011e-05,1.657609078203892139e-05
2.532733154296875000e+01,2.911200714111328125e+01,5.325624050021737776e-03,2.360238232789191315e-03
1.380952930450439453e+01,1.588456344604492188e+01,9.544198281141724749e-07,9.876932915986458283e-08
8.880593299865722656e+00,1.020777511596679688e+01,1.663040271410176629e-05,3.362027283737578642e-06
8.840085983276367188e+00,1.020499420166015625e+01,1.111346939419721735e-06,1.626389494746582898e-07
2.750920486450195312e+01,3.086091041564941406e+01,7.725826716330486121e-04,2.280087265767449800e-04
1.383638095855712891e+01,1.592143630981445312e+01,7.762175758171507844e-03,3.717242582358282199e-03
2.118348312377929688e+01,2.516371154785156250e+01,6.363772033779468984e-07,1.057606510146413825e-07
1.196085071563720703e+01,1.357822322845458984e+01,2.262966733800331198e-04,3.517452568280177161e-05
1.123724842071533203e+01,1.282373619079589844e+01,6.573059539771719528e-06,1.082256267770365099e-06
1.414374262094497681e-01,4.263819456100463867e-01,2.544754363897894223e-07,2.852127822805528012e-08
3.830241012573242188e+01,4.292458343505859375e+01,1.536575472416146226e-08,1.449236508577200766e-09
3.556699037551879883e+00,4.034650325775146484e+00,2.475618326447381889e-07,4.048339052875604693e-08
3.678255796432495117e+00,3.817812204360961914e+00,1.987175428769250018e-05,4.803675986209121618e-06
2.481831932067871094e+01,2.950300598144531250e+01,1.473983768374154124e-09,9.288436686460954661e-11
4.071323573589324951e-01,8.194705247879028320e-01,4.460314003434939778e-05,1.260642152561830542e-05
7.622509002685546875e-01,8.524389863014221191e-01,2.496112584510767896e-04,7.765734219167264030e-05
1.731372070312500000e+01,1.920490837097167969e+01,2.171012962848273276e-06,3.832539340886675916e-07
2.553149032592773438e+01,2.893661117553710938e+01,3.221135953011211583e-03,1.445891257058906643e-03
1.334906291961669922e+01,1.505833148956298828e+01,4.742741477620215917e-05,1.120440665636213140e-05
1.109177017211914062e+01,1.269968128204345703e+01,1.576218673016160920e-05,3.856260564205626906e-06
9.755014419555664062e+00,1.164996623992919922e+01,3.423638705868370380e-08,3.501705037045610425e-09
1.473868751525878906e+01,1.708705329895019531e+01,8.458343654479394402e-04,2.765552156437922626e-04
2.181125259399414062e+01,2.454855728149414062e+01,6.647045736052348275e-08,8.169299514637629045e-09
1.541142368316650391e+01,1.740810394287109375e+01,4.597911446468927466e-06,9.525478741334580945e-07
4.772541522979736328e-01,5.037709474563598633e-01,1.688891255957614135e-06,1.927126568879167223e-07
1.326840782165527344e+01,1.515676403045654297e+01,6.920506333435438862e-05,1.734686846138755456e-05
1.796646833419799805e+00,2.278920650482177734e+00,1.764639754884833600e-04,5.389149888873623340e-05
9.891101837158203125e+00,1.179255294799804688e+01,1.889757467177233252e-08,1.455231324332117993e-09
9.438077807426452637e-01,1.474169969558715820e+00,8.839250831282896570e-09,4.605876235963535237e-10
1.116726970672607422e+01,1.284577941894531250e+01,4.928748157828621856e-06,7.828543248100672258e-07
2.262981414794921875e+00,3.256911039352416992e+00,1.089672931471019623e-02,5.343052326400032914e-03
1.752005195617675781e+01,2.106792259216308594e+01,3.075036614230697296e-09,1.228994683799555787e-10
1.274332904815673828e+01,1.467707443237304688e+01,1.579384051320076310e-08,1.208840194610871777e-09
4.221949875354766846e-01,4.836127460002899170e-01,2.859502251928436323e-06,4.587766289643191442e-07
2.407780265808105469e+01,2.762866020202636719e+01,1.817876523512174103e-04,4.564333290818511912e-05
1.443776416778564453e+01,1.553049468994140625e+01,7.794639489411281374e-09,6.788666295776124571e-10
2.594149827957153320e+00,3.592822313308715820e+00,4.488295143378895347e-05,1.103382645356587588e-05
3.656607866287231445e-01,4.445202350616455078e-01,8.340886669122582475e-07,1.449994480595684365e-07
1.389269351959228516e+01,1.571792221069335938e+01,1.415598196590761582e-04,4.334953518830841901e-05
1.275278949737548828e+01,1.453088855743408203e+01,1.441477756036202429e-03,6.752633138799590817e-04
4.038240015506744385e-01,5.716670155525207520e-01,9.699408907437589988e-06,2.104649462986163400e-06
1.714105415344238281e+01,1.927523040771484375e+01,8.137368512312059821e-05,2.077646755793693956e-05
2.417235183715820312e+01,2.758180999755859375e+01,3.981139297670743815e-07,3.928201236513828576e-08
1.476357364654541016e+01,1.722521209716796875e+01,1.475338788931024325e-05,9.866906192090851846e-07
1.574002838134765625e+01,1.783704757690429688e+01,1.245387621362503694e-07,2.066214815910072389e-08
3.548729705810546875e+01,4.127006530761718750e+01,3.951181791750357775e-07,3.578238638723973963e-08
2.107100486755371094e+01,2.453804588317871094e+01,4.297438904399264459e-06,3.955032445990269707e-07
1.417378783226013184e+00,2.507462978363037109e+00,1.021462206485246327e-07,1.062986215716321681e-08
2.177062034606933594e+00,2.395143985748291016e+00,5.346823559465585518e-05,9.542792988759263295e-06
1.019078540802001953e+01,1.142940235137939453e+01,1.883717311024213359e-07,2.830189238522962114e-08
1.146195030212402344e+01,1.334313488006591797e+01,3.429603823157378883e-09,3.389670766296148940e-10
1.414865553379058838e-01,1.646807938814163208e-01,2.359189825542062913e-04,9.357933262188478096e-05
2.366013526916503906e+01,2.644012832641601562e+01,4.584708859168895589e-03,2.040435746221980207e-03
1.307865142822265625e+01,1.510735321044921875e+01,1.315357402442707269e-07,2.022148753999530868e-08
1.322921848297119141e+01,1.489214515686035156e+01,1.050032227833952447e-09,4.982142476350759352e-11
2.867815399169921875e+01,3.287665557861328125e+01,6.183419749006269228e-07,8.315393024149742018e-08
9.145908355712890625e-01,9.714380502700805664e-01,1.815429886697916828e-06,3.202284847847458593e-07
2.607045173645019531e+01,3.089125442504882812e+01,2.385481812083867226e-10,1.032091079267161149e-11
5.926830291748046875e+00,6.842488765716552734e+00,1.329975107822178870e-08,1.380589753630090399e-09
3.564908504486083984e+00,4.025575637817382812e+00,3.098269169943268508e-06,4.431410487448772528e-07
1.958775901794433594e+01,2.221167755126953125e+01,2.426459255779689350e-02,1.439456990688170457e-02
2.578790187835693359e-01,6.083191633224487305e-01,9.524558447493447488e-08,6.143788144896689118e-09
2.666859626770019531e+01,3.042420768737792969e+01,5.660170234975114845e-04,1.613636971894427674e-04
1.171866798400878906e+01,1.343158340454101562e+01,1.125561351871806615e-04,3.162697628694699503e-05
2.059903717041015625e+01,2.337885665893554688e+01,3.926101085294231297e-06,7.343060410280877193e-07
2.128388023376464844e+01,2.477383804321289062e+01,9.331109962484873677e-08,1.003301797197764245e-08
2.532127761840820312e+01,2.911878585815429688e+01,1.188942213958821270e-05,1.808203561270982362e-06
1.140788435935974121e+00,1.408938884735107422e+00,7.767774901079604888e-08,9.132877898387903315e-09
3.192340469360351562e+01,3.574453735351562500e+01,1.970642408921641220e-06,3.885777655754374393e-07
2.139538002014160156e+01,2.419799041748046875e+01,7.313010701448519058e-07,1.046341308597042996e-07
1.367513370513916016e+01,1.563080692291259766e+01,9.658211486129886225e-08,1.720293213436363544e-08
3.946461379528045654e-01,4.792691469192504883e-01,1.156959740511442902e-06,2.086638826170883476e-07
2.289857101440429688e+01,2.654993057250976562e+01,2.463087334092506353e-08,2.600634874116991568e-09
2.169454956054687500e+01,2.529438972473144531e+01,1.227490600996805625e-06,1.853469618340319869e-07
3.827534103393554688e+01,4.333217620849609375e+01,1.387968476707079901e-06,2.195414978145571183e-07
2.440812301635742188e+01,2.861747741699218750e+01,1.319750780881534524e-08,1.713194475172485909e-09
3.710525131225585938e+01,4.250138092041015625e+01,1.424582674047769615e-12,4.884981308350688778e-14
2.240687131881713867e+00,3.189303159713745117e+00,2.115723661609281159e-04,7.549161967573825294e-05
4.050969314575195312e+01,4.628060913085937500e+01,4.576624445251642470e-06,8.133705771129484674e-07
1.145161724090576172e+01,1.296899986267089844e+01,1.461709073224959354e-07,2.437953433576112161e-08
2.877991497516632080e-01,4.368461966514587402e-01,2.161422747880004103e-04,6.286489015538965219e-05
5.115317344665527344e+00,5.949997425079345703e+00,1.176265559023059737e-04,2.779126854596247753e-05
2.035344314575195312e+01,2.367723464965820312e+01,7.142700879747554410e-05,1.529172625064356694e-05
1.985717010498046875e+01,2.280745887756347656e+01,1.390995429950692142e-08,8.224154135483274786e-10
1.675992393493652344e+01,1.934058570861816406e+01,1.949986672133974253e-09,7.809336510788966734e-11
8.340401649475097656e+00,9.385626792907714844e+00,7.228326407981988666e-07,7.493379289291723921e-08
2.055249214172363281e+01,2.296076583862304688e+01,7.932481877129804460e-04,3.153548500198222193e-04
5.238792896270751953e-01,5.917444229125976562e-01,1.212085361090853297e-05,2.662486108084838321e-06
2.541521644592285156e+01,2.896545028686523438e+01,4.183497276377678986e-08,3.452152341765213350e-09
1.420481586456298828e+01,1.678563308715820312e+01,2.854143120737451245e-03,9.461257734404981967e-04
1.576916694641113281e+01,1.847426223754882812e+01,2.986951040195862106e-04,1.106413696104757705e-04
3.200842666625976562e+01,3.615749359130859375e+01,2.853114365319875390e-06,4.100379490390437809e-07
7.984187602996826172e+00,9.078986167907714844e+00,1.157450941757787177e-07,9.504333153831368008e-09
1.140677547454833984e+01,1.279741764068603516e+01,3.186924831294346561e-05,8.383191036631654214e-06
5.015671253204345703e+00,5.419354915618896484e+00,1.391624605156516203e-04,5.182611463266928453e-05
2.677035570144653320e+00,2.982926368713378906e+00,1.092085988592117474e-04,2.968518230994643403e-05
1.666630554199218750e+01,1.951603317260742188e+01,1.648290571152344341e-04,5.158345908617967268e-05
6.026144027709960938e+00,6.397806167602539062e+00,1.759562343822684838e-05,4.395966678394369609e-06
2.463923263549804688e+01,2.844134521484375000e+01,1.040344034808349249e-07,1.126141135898706125e-08
2.908657264709472656e+01,3.338210678100585938e+01,4.496538933029814444e-06,7.296980389925877830e-07
1.513672471046447754e+00,2.032900810241699219e+00,6.722906857005161996e-04,2.109544974180366239e-04
2.437837791442871094e+01,2.734689903259277344e+01,6.003722842529146675e-05,1.071389935008992822e-05
2.881505727767944336e+00,3.248077392578125000e+00,3.394085377195210640e-07,2.918402319807000822e-08
3.871704816818237305e+00,4.958010673522949219e+00,1.461512272268317147e-04,2.765198276188929327e-05
1.606903648376464844e+01,1.785942077636718750e+01,4.764301055892872228e-07,3.855971125732438054e-08
2.941068458557128906e+01,3.355383682250976562e+01,1.182164789039208408e-04,2.932147711037780269e-05
4.436290740966796875e+00,5.468608379364013672e+00,1.438624547507399987e-02,7.267575242618895537e-03
6.576407432556152344e+00,7.483701229095458984e+00,8.970118431372853252e-08,1.441518127087704215e-08
1.222388362884521484e+01,1.364883232116699219e+01,8.160586831618132919e-06,1.272591964196490011e-06
3.027048110961914062e-01,3.825492262840270996e-01,6.831943272778140397e-07,1.064270707118453174e-07
2.475102615356445312e+01,2.902963256835937500e+01,5.295676379080127560e-05,1.418125301333450494e-05
1.390865421295166016e+01,1.574198913574218750e+01,8.062580048595613391e-07,1.737882643904065105e-07
1.268345355987548828e+01,1.500433635711669922e+01,9.089988189936448748e-08,5.672184943961156023e-09
1.460608005523681641e+01,1.664936065673828125e+01,1.856429195695730172e-05,3.769023915300984129e-06
7.224238872528076172e+00,8.528697967529296875e+00,2.130992068916093274e-07,1.954984540919468827e-08
6.557304859161376953e+00,7.486529827117919922e+00,2.949543705388357751e-07,3.500186462890297889e-08
1.191584825515747070e+00,1.236961722373962402e+00,2.397703208411039455e-04,7.028616824722444534e-05
1.700716018676757812e+01,2.010473632812500000e+01,3.829045111219953057e-05,7.746147498211009008e-06
1.818277168273925781e+01,2.052684211730957031e+01,3.063459453112038489e-06,5.327209144923017448e-07
9.573846817016601562e+00,1.053731822967529297e+01,6.460432325272602583e-06,1.116470345008391263e-06
3.316981506347656250e+01,3.837749099731445312e+01,6.338715406289940901e-05,1.821651024819237463e-05
1.419829654693603516e+01,1.592159080505371094e+01,4.675173108051877691e-04,1.595681397925097222e-04
2.528758049011230469e+01,2.962378692626953125e+01,8.775638382640948976e-09,4.085847771229111913e-10
5.994719028472900391e+00,7.810399055480957031e+00,6.913995068537465150e-02,4.801371933979192708e-02
6.275764465332031250e+00,7.331558227539062500e+00,1.145021709825222445e-05,2.852695800026339157e-06
2.037224006652832031e+01,2.296988868713378906e+01,2.233319301725433803e-05,6.579868124356735848e-06
2.790538787841796875e+01,3.204051971435546875e+01,2.069144484179163967e-04,6.641580047378470297e-05
1.181549310684204102e+00,1.503508567810058594e+00,3.228265694932286323e-06,5.117868062676222962e-07
9.015479683876037598e-01,1.042353630065917969e+00,1.316459835032368630e-07,1.489541384680492797e-08
2.620589256286621094e+01,2.929622650146484375e+01,7.216290766667854406e-04,2.866137651428846134e-04
1.542883014678955078e+01,1.747751045227050781e+01,8.386419814154777441e-08,5.529146029914500104e-09
2.833639144897460938e+01,3.217234420776367188e+01,1.071602834246121461e-07,1.044907932401528683e-08
6.134052753448486328e+00,7.134455204010009766e+00,2.272520725266069519e-06,3.630582315894415046e-07
2.224599647521972656e+01,2.578039550781250000e+01,5.927694568448327317e-04,2.050689085205115170e-04
1.942968368530273438e+01,2.251549720764160156e+01,1.777483240167354595e-05,3.933783975729188143e-06
1.621555709838867188e+01,1.836384010314941406e+01,7.990811406455300414e-07,8.485687846837564052e-08
2.569737243652343750e+01,2.922656631469726562e+01,2.470452012831581001e-05,5.145378690674107247e-06
2.024859046936035156e+01,2.300177383422851562e+01,3.648627958485750611e-06,8.853955537069246873e-07
1.430849671363830566e+00,1.649583220481872559e+00,1.256041416181075121e-05,2.136671031160997103e-06
1.053718757629394531e+01,1.161121177673339844e+01,3.497194266493908188e-02,2.359750190837772710e-02
7.916677474975585938e+00,9.189664840698242188e+00,5.668136690561986768e-07,1.430399261259651666e-07
1.749427986145019531e+01,2.045712852478027344e+01,6.799770389531722969e-07,8.146056290625480756e-08
8.278523445129394531e+00,9.446807861328125000e+00,4.397829394986452201e-06,7.540591679955355175e-07
1.849036788940429688e+01,2.048148155212402344e+01,3.163675812362098938e-05,9.588682377881241337e-06
8.323606848716735840e-01,8.617355823516845703e-01,9.554586399840303557e-08,1.219968837062879174e-08
1.170930099487304688e+01,1.388277053833007812e+01,1.045997904858264604e-05,2.116635541726807901e-06
3.013929939270019531e+01,3.447549438476562500e+01,3.916767465916848323e-10,3.053035602107456725e-11
3.315878677368164062e+01,3.776763153076171875e+01,1.061624332332478104e-07,1.239514602069391458e-08
2.704342842102050781e+01,3.060361480712890625e+01,2.927323147772220580e-07,3.044013718866978024e-08
3.824379146099090576e-01,4.548232555389404297e-01,6.333446683604027072e-06,1.126785410865416281e-06
8.280794143676757812e+00,9.685547828674316406e+00,1.060164121653994762e-04,2.486738849666325635e-05
1.042959928512573242e+00,1.482828378677368164e+00,4.841407664213370765e-07,5.216803217189536213e-08
1.656871223449707031e+01,1.956176757812500000e+01,4.683053883791643557e-06,7.609098242600254025e-07
2.831197357177734375e+01,3.166504859924316406e+01,5.250275490031874881e-06,1.502808808007127794e-06
2.775064706802368164e+00,3.348501682281494141e+00,5.542805674002559968e-05,1.639758242943933908e-05
9.105067253112792969e+00,1.106009483337402344e+01,6.425679843768961064e-08,6.286934084442918902e-09
1.004138565063476562e+01,1.126747608184814453e+01,2.230255604140918280e-06,3.258483897150554753e-07
1.313778305053710938e+01,1.506833362579345703e+01,4.133545539186656015e-08,4.314601675936557967e-09
2.622857475280761719e+01,3.053482055664062500e+01,1.693544632863641652e-07,2.272008964299132572e-08
1.242758393287658691e+00,1.672526359558105469e+00,2.557606160935588235e-05,4.386921018173506326e-06
1.621580123901367188e+01,1.848180770874023438e+01,3.846253349149009182e-08,4.635232808691824857e-09
1.894921684265136719e+01,2.175140380859375000e+01,1.017946660297752715e-08,4.428999389460841485e-10
