"","V1","V2","V3","V4","V5","V6","V7"
"1",0.019162022865173,1.01636783917756,0.136897736644862,0.0959709227425625,-0.0699316363095356,-0.190623080947047,0.483532437070709
"2",0.293752515194597,0.43706011493125,0.519623896376921,0.154545720553864,0.948216355991669,1.08383531125086,0.323585313970493
"3",0.72904345685787,0.797726995194051,0.121961272342026,0.103949054333156,1.2003709029252,0.486550185467346,0.93643793982998
"4",1.33367123754726,1.62874551632021,0.594490941004895,0.484953972505359,-0.621720219928075,0.171207196372338,0.488668479398891
"5",2.99809214372014,3.85853047374436,0.171185334039929,0.112112128007488,-0.314738422507316,0.26130667956677,0.789066054084565
"6",0.639874326177678,0.906111804765707,0.477633762101595,0.352433387713021,0.874861098427976,0.232140228776695,0.323338915234147
"7",0.252570840005508,0.298359655072635,0.466683452698843,0.270206684362808,0.597584231674402,-0.0653276667247384,0.370518186120405
"8",0.152385845190247,0.456508032546658,0.077161201421692,0.0619933420988868,0.706743104823474,-0.0653098603162151,0.620299937202669
"9",1.8734786140492,1.98924092823134,0.440018786382551,0.34352130327785,-0.728970613883161,0.68655344676009,0.72426149716179
"10",1.48013346088626,1.56312021539649,0.279896794441652,0.248549398372335,0.184605610610131,0.642510810878389,0.576565852247453
"11",0.284179923399003,0.410683691750011,0.692228182465554,0.477158802460098,1.07575210621975,-1.3703836106586,0.917752248799453
"12",1.60387533321562,1.62000161238968,0.0585169047586902,0.0522793751480717,1.07572987709379,-0.289099439466008,0.836588096173011
"13",0.534146988554021,0.833977308101546,0.175768827307671,0.130841401686248,-0.88081571825951,0.216942622837182,0.826651962031897
"14",0.701933914883107,0.836737911716311,0.391488430671163,0.267639821834848,1.42401326890864,-0.586640760079595,0.405183548733316
"15",5.7425436382656,5.80248387716005,0.140403765349679,0.109539433788955,-0.55050036778101,-0.687079053823133,0.98077951215008
"16",0.429523410363289,0.960006865580449,0.12768282134803,0.0584067490942647,-0.0429452117901131,-0.0266735148204465,0.827318098094637
"17",0.405533756684994,0.551913510596912,0.272244196600028,0.221601385076802,0.11922406567626,-0.708603284409194,0.576493415802626
"18",3.14554511259889,3.49972403662853,0.228237972494829,0.168482447785705,1.09091471571082,0.0451723781155444,0.707562219836296
"19",0.234563660362383,0.26568549847146,0.737033051527395,0.477094835143269,0.749197688653286,-0.668774448561653,0.322698731810348
"20",0.450200592831614,0.537454787511924,0.642714847741252,0.360490380271912,-0.392376832175146,-0.651789941232954,0.970481653252416
"21",0.392803981193389,0.45516371124156,0.521759022602186,0.391400361662805,-1.39279656928521,0.444790567307394,0.582996895944607
"22",0.0423513420032673,0.755449603727361,0.17797746504923,0.136812178854289,1.44636091536662,-1.0825342755267,0.169486732905455
"23",0.261090563836396,0.609408321979777,0.619875687697396,0.475049349255902,-0.115893066983876,-0.0863123182676408,0.490439210665512
"24",0.029581886110386,1.86018769882594,0.64350154769305,0.245826127899498,0.564708999320944,-0.406358502564052,0.605927850897135
"25",0.664430458027932,0.807107341735004,0.319403292661837,0.234238586452593,0.43991982756036,0.319889225954119,0.85697589922226
"26",3.60366615773069,3.73706294735857,0.376844530626149,0.197565236747226,-0.0598610879111634,0.0898055192034859,0.121522699044165
"27",0.773037428319481,0.806952953672008,0.640725794751474,0.260120066956565,-0.869106792092294,-0.510669227865153,0.51887940693463
"28",4.70977227049084,4.97239011467244,0.496786293890795,0.321970520951993,-0.00663900339504623,-0.0303665014760477,0.620947541082072
"29",2.30858268912359,2.46708761986288,0.264074084277365,0.148377420174898,-0.432378628483218,0.410024645989108,0.882310414431797
"30",0.653810188900708,0.69785345454749,0.375967965822649,0.237628876917222,0.406105063494428,-0.0169158666725147,0.123847883423744
"31",0.196116354330037,1.06026878780469,0.69632433673201,0.31468936760435,0.419532897639831,-0.362399258873427,0.904182013370773
"32",0.0458242698474773,0.505991623786671,0.343791083874898,0.16547378130475,0.254422766957626,-0.250981802856326,0.447285713804999
"33",0.0776212413618709,0.114463764960235,0.577134488890987,0.482948712275732,1.17871814128315,-0.0833588784616043,0.742940103247803
"34",0.137421456805466,0.512609540275306,0.165615096934402,0.131668119135978,-0.338523034457017,-0.282849532852698,0.166177256003627
"35",2.9213869885472,3.2262096583092,0.294189591573224,0.117195812956414,0.273706859576087,0.319141467869547,0.249326576045844
"36",0.900690184528472,1.21807215625096,0.742987731102446,0.528902536669653,-1.28488619099865,0.0456261197374212,0.946572917772313
"37",0.962554804400601,1.31363019315968,0.516019114021866,0.381547965329212,-0.570337404337311,-0.13294470243253,0.652525703200121
"38",0.460098571964877,0.592384552132559,0.568167343382831,0.402382419345361,-1.8332502423012,-0.194796200633283,0.327478860140581
"39",0.18707577856842,0.322368582645771,0.416157017586179,0.286395239854701,0.0844654172118419,0.00140800368638676,0.503108750450767
"40",0.581033520243309,0.666311031090916,0.276457145942705,0.249242328652335,-1.57831916524512,0.0932350662666321,0.61878062906246
"41",1.24888773128759,1.33862928836087,0.324116710464274,0.232952036723452,-0.79624687878063,0.522831547127977,0.0220852777843298
"42",0.0498676971300096,0.199491198368047,0.0173885166635069,0.0161429040502607,-0.228321482106695,-0.00962019787217735,0.178727957097069
"43",0.193309402746473,0.269379787622509,0.680802665727033,0.499144289182662,0.0118815982965002,0.495600548796485,0.648712473131389
"44",1.5440453104556,1.60168187750865,0.413786494143249,0.257154745659394,-1.4399341974441,-0.170410899902273,0.298102623514977
"45",2.45174469168153,3.20157991867408,0.131029583992784,0.0800548456676525,0.0569971041168041,0.300120302481994,0.409607665713057
"46",1.31731482603382,1.72456278964894,0.523080213961921,0.36081538422943,0.222006878798645,-0.0200900067376417,0.933174171462812
"47",0.287297040581791,0.364105257109238,0.20817376561549,0.161975346678499,0.913519697885372,-0.0597628542660831,0.456986881094524
"48",0.981836803760872,1.18710741828553,0.598832237590914,0.308562441893152,-0.0665641821858821,-0.37058851765674,0.383803443087993
"49",0.601319437252245,0.729710796114422,0.0513918546439575,0.0382547333381985,-0.533931127826433,-0.0652770042995505,0.120972103702692
"50",0.382475613291246,0.476788196450303,0.369788542188477,0.283473604182643,0.499623363423759,0.185075938932187,0.160018733069765
"51",0.0441530765230423,0.250661733573977,0.443720234797095,0.300391116236537,-1.36803113259895,-0.344806021928415,0.32187003099072
"52",0.366865748514744,0.441251388899977,0.44776301020606,0.360978698784839,-1.17131428249869,0.0180079764198472,0.641862711464663
"53",1.42983987996758,1.46557931081918,0.30914359902087,0.253275634734734,0.100838200203883,-0.381372339924201,0.205408809463351
"54",0.10029012680485,0.299765629274499,0.370442300246167,0.22018913026442,1.1845333887516,-0.180556265676103,0.924645383612319
"55",0.607021113412681,0.71252549685276,0.27090956401644,0.140396603874038,-0.590773358026573,-0.191157730880253,0.554679954630906
"56",0.14191285258866,0.26226001042979,0.162199338185806,0.124570366419132,0.469203813983335,0.401631135878865,0.936341080619707
"57",0.225332502759841,0.297259605326896,0.552518520514385,0.376641082401898,-0.44730767596826,-0.29033795996888,0.353499966773792
"58",0.593831425907842,0.718705932933174,0.323575987285861,0.187391500199545,1.39422564380705,-0.990922606420362,0.454154883152409
"59",0.267877039873021,0.338761888493066,0.54665592925917,0.210258811173673,0.46707847159363,0.433590486913635,0.452874632187644
"60",0.298718194247308,0.495517384052937,0.619564792536874,0.266764028141465,0.820177185471967,-0.0546758259180012,0.969056637509356
"61",0.0357996444983046,1.60685540168143,0.471094535807075,0.126175528386442,-0.0768829955196599,0.128686951920807,0.781863917268675
"62",0.977897642423107,1.06027697007723,0.392710428353174,0.245634158446891,-0.464560582938089,0.734236492130731,0.273116639583709
"63",0.282551389117889,1.05623460739273,0.0811769095665462,0.0683073558090701,1.9184197371387,0.547507803812833,0.882827383994905
"64",0.652140059476993,0.755724732290209,0.516663279754836,0.388228304300304,1.20757193738285,0.0618069045363584,0.438803007757997
"65",0.217489389775894,0.278981851614084,0.462930993464328,0.0752769762121819,-0.175123308769387,-0.735708418055991,0.357026250339122
"66",0.390234970788939,0.550274189977673,0.515422723677431,0.386826990536109,-0.182558725770146,0.0688819407981852,0.389925233599892
"67",0.327125204761746,0.412078317358035,0.575766902703141,0.426329094582757,-1.24915801466389,0.625643031430095,0.373963654287453
"68",0.34520615412319,0.865793318568475,0.722927515004438,0.355038467666207,0.515364518972463,-0.219118963275707,0.986081050236874
"69",0.37534499301498,0.444106160208731,0.224032093617047,0.131220964796907,-0.847370322472489,-0.996184330620216,0.0874324597746678
"70",0.0164248902077823,0.54707081948821,0.730100100401742,0.37418900438017,0.276423899296653,-0.318908495512433,0.500414068513138
"71",2.01025965011028,2.13305956716637,0.612327682647128,0.394082417230164,0.386401266676907,-0.232533990024958,0.471434641537609
"72",1.63872509098906,1.83477605425719,0.588271712645683,0.483059878223914,-0.00725539841816066,-0.162776620816075,0.237776630367661
"73",0.0444096497364084,0.155889154799917,0.457011797072131,0.301122383382532,-0.224646323829976,0.342892865863317,0.195575584418741
"74",0.441278670040834,0.679276991972705,0.381135681432014,0.125441345778194,-0.0515850288802921,-0.191537252046063,0.578465924696061
"75",0.00920903999736504,1.48505203726251,0.249834405308968,0.0620652117594533,-1.82588742177382,0.0281024870623934,0.404592406196906
"76",0.563271915487006,0.623681798671741,0.352061862280804,0.281485231622506,1.69631299296546,-0.278069867771799,0.936907555515768
"77",2.40494657347017,2.65534987997157,0.609181566540475,0.238145174385522,0.657799582585432,-0.302485400639207,0.935180774281599
"78",0.463589384659902,0.580536558486082,0.393989107085192,0.291052433459135,-1.8414174777571,0.192309012320348,0.882622806496003
"79",0.10054166233824,0.200005990048817,0.282876532889161,0.158158631613646,-0.611173063939184,0.86848543292836,0.75511780608274
"80",1.05046711642429,1.45648491724202,0.333493430488707,0.212337960968999,1.18214441942241,0.439869840659701,0.390442228873211
"81",1.61863750049561,1.68616368316524,0.477573683822414,0.281984765221221,0.00201314686420066,-0.187128113898678,0.467488628491978
"82",1.23652612791934,1.4644907684719,0.842075422375208,0.0565349724373551,0.609149200029609,-0.252655622959225,0.054590342513982
"83",0.188689244133437,0.255658076792646,0.267404736013132,0.217788040687714,0.505472772142388,-0.170702666852649,0.850131417792735
"84",0.232056941319238,0.30684098799287,0.0262125661162349,0.0215258906142656,-0.404334224478914,-0.0709199371970774,0.963630025200331
"85",4.55346565642752,4.62380621509625,0.00698567706758413,0.00614395953159691,0.242114908443424,-0.206879228493597,0.580883997214746
"86",0.40147933333378,0.588635747959882,0.682204123443145,0.354855449384512,-0.274035349803329,0.0869009019544013,0.0435215765656973
"87",2.57637024549021,2.87149274916847,0.0339747883664713,0.0318607626683625,-1.10794707661426,0.0365608044458297,0.108852908914425
"88",0.295933851201375,0.432775933921879,0.489009406685145,0.336131519695735,-0.653207369041098,-0.00457105106594658,0.295237927807008
"89",0.0821356767338206,1.19513798617251,0.499186342270909,0.295233475494492,-1.01389093225979,0.164685049539294,0.546973663880997
"90",0.282938030031086,0.407455235432425,0.0523322713053442,0.0439286220671706,-0.586262935235556,-0.783186608420172,0.45435928935515
"91",1.07481791967548,1.38071459766626,0.167829218300995,0.125080991137855,1.15929296740274,-0.108953422266757,0.739511844559381
"92",0.519384217252452,0.688320911777865,0.532905068448766,0.3883855534794,0.351378091966975,-0.00959551630428757,0.817357980776207
"93",0.0739745619117396,0.557705741670158,0.476688194835366,0.302510931937387,1.67346600551206,0.243560286951703,0.013218959185609
"94",0.310620528439666,0.425243472532394,0.25947978718926,0.184151725999877,0.169963758306416,-0.572330347848521,0.115273172520592
"95",0.258723938817639,0.322962920052644,0.723904556506937,0.503423959319651,0.0665562569342733,0.219620015508821,0.479905454998862
"96",3.53922844946798,3.81008389473003,0.61271432144832,0.294822027965062,0.110633019608011,-0.309536226163173,0.221930417880739
"97",0.328981920994196,0.476684473583355,0.310656313011975,0.169435788706975,0.651018806882373,-0.010232539317349,0.578189198367876
"98",0.0761188133833943,2.92638479279302,0.398378584129259,0.290599994858789,0.757936453570935,-0.182260516468491,0.478270764393045
"99",0.609477525263357,0.660162550478299,0.355727033814596,0.247152309133612,-0.632670270906101,1.10546237063357,0.187508749174121
"100",0.0824275741353716,0.109796118102959,0.00146964515173059,0.00139392551525952,0.227215462813581,0.0790020746968261,0.92084178313297
"101",0.315794970995669,0.745218026200372,0.609355519818291,0.410667071924873,0.187002414413996,0.350858044701489,0.550757020398388
"102",3.36175560123643,3.41943736660226,0.555442103004524,0.273455588919963,-1.25164233625821,0.0570702011432318,0.487006598361596
"103",3.01018948131369,3.04404230773773,0.30940141705937,0.274988685681408,-1.17038718176244,-0.486628828811807,0.011172358416465
"104",0.20548001609044,0.27174383548546,0.575089083269575,0.364734621522432,0.659199511566105,-0.591413050855357,0.506464807820108
"105",0.709818653917282,0.741718242129009,0.115540236101374,0.0800770613214553,0.552360743944547,0.528295502689608,0.240376317149776
"106",0.347593095588179,0.407263817034437,0.0925958133860511,0.0553157381197196,-0.91131823084875,0.320442022696566,0.375331131416046
"107",1.70316222566451,2.00873500497756,0.343152088288858,0.241550942870142,-0.0913967248705014,-0.144421997309571,0.322957331761117
"108",0.721694201228205,0.809670436566862,0.390770923050006,0.279442434143562,1.64880690132681,-0.770797110725692,0.595430532233751
"109",0.152196682031641,0.275911121681224,0.246543599530497,0.200079062485628,0.22971340870095,-0.439406767130563,0.768131896469629
"110",0.0839057119359798,0.383392254545312,0.540613250444191,0.365420237750083,0.193722127869514,0.164297838630749,0.438033948890542
"111",0.0793240177605613,0.842926682785635,0.273262491420524,0.199223407920677,-0.64411043873546,0.715821729369848,0.790176668980814
"112",0.0804648849486133,1.56655477117841,0.0963562120041316,0.0864223413137998,0.487266317164129,-0.210701436017013,0.899593981566999
"113",0.27396133254392,0.458777071361615,0.0798164518289978,0.038701482496373,0.393469791026381,0.338033986364888,0.785273222507486
"114",4.00964323365806,4.09926872836587,0.417790491887493,0.303132880498981,-0.183134473408008,-0.0962689426119145,0.1670922341549
"115",0.265163765992079,0.356809309737451,0.159602848530718,0.146509604009486,-1.19889046258873,0.00226634926718369,0.420304959464227
"116",0.166676202642855,0.299544523385678,0.349736665498059,0.20915089249841,0.567634147012836,0.124123771705229,0.455848175694505
"117",0.520409308522469,0.679962374732957,0.290837995149311,0.172846589315706,0.831904901907771,-0.585487447166507,0.929037549978654
"118",0.332348340390291,0.356283295076553,0.0170616979054595,0.0156067389124983,-1.05630370238507,-0.151385808675854,0.901702703243755
"119",0.28627224699426,0.414193391566953,0.097055693804161,0.0697138190665079,0.083274336226688,-0.157154197232077,0.211090386417313
"120",0.470619363821591,0.543706073571545,0.448159264082209,0.241240665218921,-0.785308495959246,0.145678208891347,0.245253384180319
"121",0.623979204484502,0.717514927888815,0.561378268540915,0.318791872344976,-0.348560621509224,0.927302694492972,0.390519691137679
"122",1.32339257659185,1.65166396926865,0.398035622384719,0.339081617624953,-1.30254935643387,0.92301355625544,0.288142956167927
"123",0.583821734530999,0.683283077795205,0.168448992288434,0.127488081491903,0.132580309916556,-0.373326195531043,0.670635457725434
"124",4.70047176393438,5.42318405009564,0.431903512568334,0.32640323853463,-0.67136516696956,-0.837582990539156,0.68258540243589
"125",0.385986183427521,0.501063552005996,0.511910672745897,0.319348494562193,1.0278567360391,-0.455589441357344,0.903877070836662
"126",0.293662144846106,0.423345264741533,0.676783409072637,0.481391468494163,-0.621704537726301,0.351233080276905,0.172112629127731
"127",1.27628214964018,1.42531701391589,0.547521178047867,0.232575130392243,0.303475737244805,0.342141404960497,0.234016069573294
"128",0.748340501689399,1.10234347922883,0.472282742203573,0.1938725932371,0.639067861019487,0.283224015730107,0.574531605346808
"129",0.250606458777834,0.348708837552307,0.040355447792609,0.0369404144091819,-0.794880556593847,0.0950697165432568,0.324274435499676
"130",0.18526468730612,0.541707410178939,0.0913776677868274,0.0766191512652837,-0.662587440387408,0.277892843637935,0.508142512816807
"131",1.45448687180437,1.8039818893069,0.392588979589648,0.251100826494693,-0.624400922344222,-0.484670073264361,0.53267598811315
"132",0.510520553503882,0.859818188291009,0.504756143625619,0.250094660790629,0.00521476777274547,0.0955477726296164,0.811938426413736
"133",0.538311481091755,0.557139061055461,0.481912314145428,0.383331036021194,-0.740461854545086,0.487806704702813,0.885771725424054
"134",0.144111015036468,0.358299391423976,0.263897035537727,0.173220164200861,-1.26296123140924,-0.320958019933764,0.549572760686206
"135",0.281811233798263,0.410112477622415,0.217003875140516,0.164388917499767,-0.605918382606326,-0.420561355593008,0.452207110385298
"136",5.06379667763916,5.3893138269946,0.258023214485252,0.180162554404767,-1.05385803312838,0.73092398976437,0.465597142879914
"137",1.27763683374147,1.89247481767554,0.54966958623913,0.340676591694419,-0.0195954040663703,-0.374532101548041,0.301884881949598
"138",0.215207150636039,0.719425583687605,0.0999292910663624,0.083118022996874,0.300185631777487,-0.244226743321092,0.698578439953685
"139",0.528881436881593,1.93156931252645,0.230415376714392,0.159663962270651,-0.296564307620495,0.0264900527172479,0.884581375641547
"140",0.979394272113562,1.08804178456292,0.250101910880712,0.211722577717535,-0.853767294745579,-0.24157543551155,0.605501934959431
"141",0.818654336352478,0.849178793243403,0.444609330304738,0.349321742945018,-1.17188107338436,0.306147411270986,0.801868984791175
"142",0.0532769437785291,0.648345806063912,0.0173679558648513,0.0160578317331279,-0.790627563302348,-0.245687234362613,0.0365586546233104
"143",0.74703290810575,1.04898484890619,0.607195045947745,0.32094340030821,0.141473368201714,-0.113452920687421,0.535920561286222
"144",1.34486087465381,1.39104274093937,0.64060556281338,0.377241232250544,0.530371816744173,-0.104246527672409,0.720853605726886
"145",0.13994309647641,0.546487310963103,0.73024511691007,0.0899534707613202,0.0386990989441822,-0.267659193117835,0.969004612968721
"146",0.233155354704071,0.272551747266774,0.318343026647978,0.239845673283272,-1.01021745993793,0.714642103194907,0.412811759911187
"147",0.414879414886407,0.66819622659987,0.0276597488280831,0.0250487620731437,-0.818759809097833,-0.182767551882682,0.375295783868755
"148",0.267479787594202,0.473998141149542,0.61855510437991,0.426358968275918,-1.29654215826469,-0.428678115839063,0.609703675672835
"149",5.35506012463133,5.410400598806,0.349115829001254,0.142514381268124,-1.84682429564635,-0.816424641485253,0.138980620604373
"150",0.0678785750966795,0.267828725658411,0.694026159787645,0.319843289520005,-1.42334626835583,-0.446959379648052,0.92366297142516
"151",0.161500260248562,0.505409271443191,0.113262669576531,0.0977071188634825,-0.718357550127333,-0.432864634041051,0.791367646600707
"152",1.21140616139396,1.28385906952405,0.328224260225763,0.214557242747797,0.4608988965802,0.0715765035205028,0.624921153119131
"153",0.0457206474829983,1.04946318101496,0.338568478024823,0.212799109977031,0.371401692780436,-0.134376328755057,0.918720050311277
"154",0.125595749836216,0.302882279882941,0.585899743251351,0.362759650309088,0.192121592903566,-0.160286359495901,0.0282820554543708
"155",0.390867237305945,1.42153482174355,0.495947622273651,0.348167462352854,-0.754680754120915,0.024097237102427,0.435870457789901
"156",0.206797368385394,0.482185105979192,0.556062741093804,0.412897644914211,0.836656890858777,-0.413432251269115,0.870027072660319
"157",0.290423531091542,0.348264766780623,0.385758156158053,0.298623566687009,0.417366587920153,0.128994955232331,0.664769101046654
"158",0.428691291675784,0.558122056281141,0.112950946140791,0.0866443088261169,0.119634096230037,-0.0701347897976123,0.552284143392921
"159",0.203609727577536,0.302857221295126,0.450682329613221,0.272579776481124,-0.670725787175245,-0.507549146166421,0.882055211925096
"160",0.0940264183266446,0.137816439247871,0.417299357094288,0.276816161483713,0.87569106388762,0.153651910077986,0.321584421456459
"161",0.18941353806334,0.746647585700415,0.556447740167818,0.3089886703742,0.00686180126719636,-0.178178163340513,0.576911476191522
"162",0.0543063507024837,0.478421891479657,0.0495570063243326,0.0445498452227485,1.37439301159218,0.328587801290253,0.444449053734121
"163",0.265807723387749,1.15832845078414,0.271888619314364,0.186120840249203,-1.29263941848788,0.300425786875931,0.429771611139533
"164",7.30225776569005,9.6865115935298,0.554638556466143,0.340594320605018,1.61891952178328,0.317400877324982,0.566860325304178
"165",0.194739604545001,0.429434319665085,0.648009997703454,0.427638683503134,0.00256549465282082,-0.368236954023268,0.0182975175205475
"166",0.155022256152253,0.219257670293795,0.543331505068148,0.317950996862358,-1.41703882262722,0.561971298649373,0.153721532873177
"167",0.0601401154291217,0.965384706531977,0.490771283903173,0.301983551162187,1.56868116142736,-0.605226046566991,0.93596003181477
"168",0.0683963580894244,0.318682749387901,0.13486476044903,0.115261973632402,-0.61550611093878,-0.31955627589444,0.801561015322247
"169",0.85768696442995,0.959437794101486,0.468683842155617,0.315774966897228,0.772927431622185,0.535195739665003,0.823532534106881
"170",0.837437096326112,0.920978802602205,0.10177551449551,0.0906792895871842,-1.58240298280729,-0.278287734701475,0.49503918254979
"171",1.84498432716934,1.89470914138597,0.365317673378459,0.277129006489682,-0.302939743134971,-0.598691783963669,0.7193379775284
"172",0.0302477633542947,1.85416651772805,0.20972507864818,0.117676274052826,-1.06988642949804,0.729728185693184,0.185230875622325
"173",0.195642781695052,0.281065409025995,0.11793602147048,0.0953773211893685,-1.42779242089971,0.0295589766493379,0.35443564687823
"174",0.569087724540214,0.706100198599094,0.245728305134182,0.124681529996596,0.922686237112233,-0.17261518756769,0.777603337049946
"175",0.00447454497750686,2.29560843653983,0.0342035186574696,0.0267937935808367,1.40114283140382,-0.211073489172987,0.457314739652092
"176",0.0346711536387344,0.107422556296777,0.145522970730695,0.117708346649722,-0.0668355873945374,0.463693350599468,0.913437248724244
"177",0.105321400255089,1.1306723910702,0.156742728290025,0.120376399028182,-0.0348012232256367,-0.0762988586177464,0.830815245123741
"178",0.0567812978476476,0.152479083535393,0.552071692544542,0.211275373097176,1.30812279120787,0.150694456639801,0.110687169208455
"179",0.188112693285373,0.321862425975366,0.651052682756695,0.421129311852628,-0.427496866096509,0.144496490203596,0.0092750504402207
"180",0.0520715926326926,0.428283193649655,0.270401521529065,0.179491432011639,0.654183308250297,-0.0338553880553489,0.194859024868845
"181",0.419806584575127,0.616428571857495,0.504245053295473,0.325949496886913,0.197921758859927,-0.546443331397592,0.712072891675154
"182",6.49779300204099,6.52644673573837,0.331328882546309,0.268660227389697,1.71960795183067,-0.38675172966792,0.700893893194849
"183",3.14849198864892,3.37744251099323,0.553810518508042,0.252780107591502,1.34255547059329,-0.493041718369573,0.968835589246241
"184",10.1024081879723,10.3433387608284,0.0118934802590805,0.0109722905549884,-1.3103489031601,-0.137057671158069,0.827380694543026
"185",0.276393081513445,0.386047218781572,0.59079773609491,0.422957144309007,1.38688357342123,-0.0397388252154505,0.0806756567088585
"186",1.3336570282719,1.72569606266194,0.261311435889024,0.175303198275183,-0.11842642334237,-0.327250440890243,0.829689489851002
"187",1.0585715402128,1.26323000598029,0.526686660004759,0.234899896755927,0.263888594395428,-0.0122221040462891,0.78590896334586
"188",0.789673574272739,1.00461834092458,0.372949120417839,0.285932739691472,0.292141116813338,0.0734607113155935,0.718033158857698
"189",0.549202103701319,0.596999661255043,0.483587537637289,0.324069759541199,0.230513003583459,-0.393777193024072,0.278803918903783
"190",1.95320402910053,2.04511175444682,0.55013588526983,0.304221857964505,-0.951700800837729,-0.0904167807113968,0.992755811686623
"191",0.310698677281641,0.394148318236374,0.48236765616358,0.429879094167644,0.954629068934237,0.356642870825116,0.305355359981646
"192",1.08796616504874,1.30650885577024,0.212106859580998,0.177009844787302,-0.820878711150137,-0.264426541189904,0.218033218417892
"193",3.05354339342541,3.1964887543597,0.160650106594343,0.116569463324826,-0.010194992393932,0.264977868670658,0.785669232430582
"194",3.37956041117635,3.49633878718331,0.29355839184104,0.238149442840333,1.03650273655298,-0.41125300138746,0.975862043094291
"195",0.181430488782481,0.272880793481731,0.0115246406450322,0.00984119091029495,-0.31450658705543,0.284236731353976,0.71746193410906
"196",1.40260478445602,1.61926830972113,0.464469568104106,0.248260691430034,-1.94135098330423,0.13997821288739,0.175627350312465
"197",0.251930738788319,0.316000409141869,0.231276336984436,0.128504403618217,-1.16908813065073,-0.264444086153519,0.513563390350764
"198",0.179019195111067,0.237192698271486,0.083922908874158,0.071194653092483,-0.275681188897777,-0.0913524380135122,0.235165006916483
"199",0.219063108421046,0.28878084424454,0.433438549728544,0.291417552290755,-0.644671526295904,0.111421535558038,0.860217721009305
"200",0.411126008232989,0.556361623843077,0.0275735040532686,0.025616051870622,-0.51087262575427,-0.152603772506648,0.754134176113366
"201",1.97764234269093,2.07814088525767,0.522909091119558,0.398391845831399,1.40236857743305,-0.302016707149682,0.414478452680661
"202",0.457427942004451,0.480959025710136,0.603462041618012,0.389421954428946,0.958361830773015,-0.0301329489726972,0.320332320313603
"203",0.180949594697179,0.283907368807505,0.70060936124356,0.531500223589701,1.0324405280158,-0.183153180967531,0.319089274148692
"204",0.159849421171991,0.352968700413832,0.27383265954108,0.150367153662156,-0.557948738555369,0.321932973854076,0.123802688839353
"205",0.204054188877732,0.23258755316602,0.35252049787257,0.271595593172217,0.244669781701081,-0.402524875219871,0.912617120638866
"206",0.365893535749268,0.570633527151043,0.467860525947467,0.34283595710322,0.13687074196902,-0.0128063382231619,0.329235157531024
"207",0.115652085814346,0.169114107975812,0.397625550679796,0.156216620995335,1.31201116109639,0.108970944848458,0.154937863412086
"208",0.437543677027981,0.583981834961893,0.404729779070256,0.313511284853125,0.189103578454818,-0.159083657547872,0.169419456683871
"209",0.408654302697693,0.512202475893716,0.210959296587952,0.145770180555294,0.288087251679102,0.246921473842656,0.674009335314984
"210",0.271733861605941,0.37962989916268,0.18404398038281,0.108394821348355,0.227856638169193,-0.376999908705987,0.32325120782539
"211",0.68114804023213,0.78904267063631,0.25196093798231,0.207390955412486,0.298666726122182,-0.274437872545491,0.858828173980748
"212",0.0731625452419498,0.617518447631407,0.466765321107071,0.235427455732854,-0.77746942502554,-0.660696235080981,0.55855179350657
"213",0.493990218087681,0.621401771236466,0.705614655193172,0.277339428796633,-0.441648322145475,-0.435324770532973,0.561330229868159
"214",1.72782683824126,1.89202030816111,0.564815472111892,0.269814076544566,-1.2160850820178,-0.202713530479877,0.681692100004812
"215",0.143256504251266,0.214243199641914,0.162437217647652,0.0926583927875462,0.240091623519055,0.368489572973509,0.503730647488507
"216",0.0405575338881798,1.24726666867312,0.0889371597194617,0.0696377607301931,0.391304273276284,0.0219148937353894,0.288949968443659
"217",0.0927654451450207,0.140294214790148,0.748478385776244,0.256701837408656,1.76944639276426,0.272205794825334,0.890943376627397
"218",0.096656745207862,0.260508907115427,0.659128447644093,0.378250543957325,0.745429193681473,0.0212067562259812,0.846577113803419
"219",5.43748929104026,5.59513110675229,0.0625487922220466,0.0521355393980076,-0.780661970669382,0.0760393235740996,0.176987916101375
"220",0.759950540529822,0.850467030232832,0.398112106552712,0.252038739657918,0.229374283595072,0.0719041879813098,0.577908394367169
"221",2.03895897823463,2.29021418803699,0.464473213784343,0.283740280244036,1.5925315122745,0.0560950376268373,0.813544501723942
"222",0.0199370955730427,0.864214737894894,0.576607372261061,0.273757118147489,-0.200617908079061,-0.193509324318246,0.972902203938524
"223",1.07854055068794,1.49392846635713,0.024972507554611,0.0222813628008732,0.152272371945397,0.186799887929844,0.842838840194026
"224",1.34352963944647,1.40311127201569,0.134683204900945,0.122014096163411,-0.78030872574959,0.748743825085633,0.184468689671656
"225",4.11809798817721,4.90678439361791,0.418321115332648,0.312213578372674,-0.249768579445073,0.884368086902679,0.0811514391826524
"226",2.06152904231023,2.16116871873794,0.457156465321162,0.303939248749823,-0.849146158393401,-1.1488951209905,0.657402033705639
"227",0.0259785909695208,0.864971076096161,0.542418906515564,0.373759698788558,0.15461641426265,-0.44338957310818,0.2724551174841
"228",0.149660201571506,0.183211953322672,0.530587578334441,0.126884800318885,0.579656987366593,0.346334946225648,0.455411941561148
"229",1.39617502031208,1.7019480243153,0.083743759679942,0.0535413397221817,0.0815065502661889,-0.0315822963338391,0.853883261139025
"230",0.211155490548825,0.295173738617866,0.52737469324613,0.194536857847948,0.000636357377674982,0.290610924437159,0.770650758064154
"231",0.519979678388473,0.566711069243985,0.553012350425162,0.367575619705881,-0.141126744855348,0.148095568529107,0.724253861778344
"232",2.18980113254855,2.3134222412768,0.206543932759901,0.161056504438242,-0.158166241631232,0.304314340955124,0.517235272552008
"233",1.42273999764165,1.7615151093502,0.557378959779695,0.280776932415482,-1.97822344177176,-0.527346513919255,0.446659277846075
"234",1.21669656353874,1.3913657650706,0.0279955047386951,0.0236581846705275,-0.426168859453858,-0.172557563070913,0.215631017286086
"235",0.932765588761667,1.16656940578972,0.353649948458171,0.277922161233352,-2.55887998474928,0.580923200741601,0.499561685622999
"236",0.137832324386018,0.259048577482985,0.52273063497679,0.351649312781754,-0.578693778507986,0.35292048042163,0.555448859429374
"237",1.41924991164712,1.47122498471496,0.405414981815021,0.259094034614048,1.63586818699343,0.561730611130822,0.8333947896379
"238",0.281733838090434,0.361213677990911,0.429674250554002,0.335746194281279,-1.28534157417052,-0.0707258041733573,0.565138126370201
"239",2.74937824529232,3.0687503325091,0.458600846748718,0.306709835978903,0.0691705262125045,0.14347157673237,0.290850704607092
"240",0.643647667129671,0.755370440534561,0.475464414830882,0.418988972808195,-1.63172896207508,-0.0449452321029584,0.607950507016693
"241",1.25166347351866,1.33123350019018,0.287601492087673,0.245875737946288,-0.784762085556259,0.414809689238563,0.843148308001762
"242",4.86395408180336,5.10569409763001,0.617071002484739,0.36946099911085,1.63697659794653,-0.323913890600184,0.132384299812713
"243",0.0315089452479657,1.01954509300584,0.320368240921439,0.242209464068411,0.641093831832252,-0.54517308690686,0.0337411387119007
"244",2.67718219037006,2.75748729424455,0.451894280686113,0.284274402027882,-0.730054183635088,-0.169174509484618,0.0131931740193409
"245",0.755169517308891,0.863586462828919,0.0622696475922995,0.0463245591246186,0.193967095367548,0.240541719462691,0.949468434915471
"246",0.242022454900772,0.43035590707255,0.434267023253592,0.348591393841359,0.262299773175809,-0.355462856154602,0.901760864058096
"247",6.23539968462848,6.30582481850815,0.573994487691714,0.490264452964495,-0.396426093797097,-0.258538466608046,0.283947594860625
"248",1.24274256240755,1.31475014123745,0.0862022807213286,0.0696051269684241,0.410141181472383,0.132795673220398,0.828990736479817
"249",0.935629261080243,0.983005606359989,0.151911103504561,0.124223682844683,0.84788899026232,0.154380576317174,0.228765199357117
"250",0.13405283873595,0.250096564534985,0.641311458063233,0.444164100520306,-0.426093914536442,-0.51871085210434,0.223513670323681
"251",0.864232899506744,0.935337545061067,0.33542298760042,0.21118319627664,-1.60460813028597,-0.197081514312326,0.437727639668804
"252",2.15833070065426,2.95792360742523,0.496993042714337,0.340139242694012,-2.01886821123631,0.134245566147267,0.477489925674821
"253",1.9413953147989,2.14724270559901,0.100519767308161,0.084413792536212,-0.312698815143732,-0.739732740032244,0.995221292575077
"254",0.995441722930867,1.38324823056896,0.0407259278618041,0.0362400908212936,-0.572669470427635,0.0713675663548201,0.609309567049628
"255",1.36032223611443,1.54018293683752,0.340525397522413,0.275285583588053,0.197953012394125,-0.567315095775046,0.259663606182829
"256",0.593308945406769,0.793346008628417,0.583418435531868,0.408257570973541,0.0245981395834655,0.226113042207068,0.4566614640636
"257",1.53565492629026,2.158847757884,0.600251036911983,0.288295866036738,-0.211240171490609,0.192117980434821,0.625241468714803
"258",6.38587929260479,6.56349263137234,0.610600491957448,0.38408222187948,0.453175765290374,0.0699104161997301,0.31873590896413
"259",0.0467694905532882,0.213457064287407,0.317567230232404,0.164295363032978,0.00430715440680357,-0.508442507111421,0.0244402104303492
"260",0.579187023936648,0.671389318319861,0.40471799664763,0.252991135460161,-1.02297199509055,-0.488842924242575,0.839751039551338
"261",0.0241782233051962,0.478323065990066,0.435074595488741,0.314214339299505,0.636439558146266,0.597244150360222,0.706315851625881
"262",0.587206825202363,0.738937609747392,0.213605429690797,0.176437105894174,1.02255040162429,0.452170783142688,0.456162911414797
"263",2.82959100216474,2.87726624279897,0.267081285780281,0.197941704099762,0.355550034446415,-0.0590572873725618,0.843564506908359
"264",0.0187812394449244,1.23979805177362,0.573161000921649,0.477925003069682,0.680296301758738,0.100220364233943,0.556668702104963
"265",0.184813257072067,0.272569118425099,0.229178955534396,0.157349116405879,0.7400075749755,-0.260658040587964,0.597739488746609
"266",0.00430580586583921,2.87957275015934,0.601495579799338,0.45376544733266,-0.38576200424664,0.123840437540449,0.971454707272502
"267",0.521195947016455,0.599920069254738,0.313930469623088,0.183854149453948,0.273072289353523,-0.0830173027477088,0.907089337607171
"268",0.279708764299705,0.333501569964432,0.487656953651463,0.396740867811866,-0.620251031749736,0.548729861187846,0.418839637065187
"269",2.64686358564645,2.71650202656446,0.58508693091949,0.418778255506544,0.0809370107509495,-0.43556994973351,0.438220142220669
"270",2.26705710377487,2.37019396910606,0.36927468851701,0.283999494314354,0.300762774611482,0.147739509563282,0.771263959613577
"271",0.10856941387576,1.64369770987891,0.454062358117284,0.381590549548458,-0.033354412537456,-0.00701223960203324,0.109185700645809
"272",1.13812720033947,1.76722186995591,0.579096601786923,0.25799743246162,2.49884821325598,0.545260726540061,0.484741659895855
"273",1.41474522098002,1.54260213251805,0.334585274471695,0.141991505856767,0.413785676751127,0.0214460267167595,0.245991351634031
"274",0.267122534729855,0.367925236691534,0.503561549314639,0.416785513649097,-0.549462328322523,-0.148587926793469,0.902876173678844
"275",3.9313601485371,3.99181855797417,0.163960095765254,0.117709601750157,0.0382397362948135,0.459137824834605,0.0431225840512033
"276",0.199353678604979,0.30652730997081,0.26927127170293,0.171835246341967,-0.250014374769327,-0.674026602479958,0.869791381241947
"277",0.925491609525079,0.982442885135913,0.342775398451826,0.213481342626237,-0.628639639127443,-0.532551951193447,0.810343849736784
"278",0.193672480486644,1.2456488574828,0.541936761792424,0.368777995393922,1.25667918185148,-0.27863401212682,0.410104848535389
"279",2.77495910754313,2.945120386726,0.529151530050431,0.361575760866821,-0.390258894442098,0.00345115165358682,0.673962472912863
"280",0.0263528850620761,1.090453130529,0.213466581263699,0.160047596559893,0.527375230882147,0.152502095133177,0.0550051430817134
"281",0.028661465482315,0.692924649278077,0.329521265122603,0.202315631452274,2.06863323469791,0.284162185730104,0.358841360888274
"282",0.16454296591222,0.215274865656386,0.55812793840959,0.261443291584922,-0.0261479663194974,-0.453989657959195,0.133173432422646
"283",0.920251592301985,1.00884764918899,0.506967336209297,0.342117684981995,0.58819199873969,0.403509609607355,0.493672951089564
"284",2.92593551531254,3.05570648614004,0.198109297028181,0.122117039014158,1.36347845947007,-0.23622365287209,0.939596889157869
"285",0.804498116542598,1.2174070101257,0.529863222975129,0.378970786989491,-1.33352984929277,-0.564290963813139,0.649555117131795
"286",0.430911000032583,0.573027314188698,0.15644200204059,0.102732468254807,-0.320079865604708,-0.104562042953795,0.855246570377762
"287",1.03064673106583,1.15494067086384,0.551734653505768,0.297719911894182,-0.23460613129619,-0.144823610054043,0.982187645173218
"288",0.421235835381559,0.52513646193037,0.0508787450812212,0.0451228282702961,0.483185977472978,0.526670501800258,0.489799710055237
"289",0.21541700575833,0.340771858405583,0.52435931254551,0.248916152278687,0.014411498657894,-0.527661844892859,0.991997411248541
"290",0.130058496770424,0.861149434710689,0.434603842910773,0.265169787685018,0.869515699051016,0.661849565139884,0.804168399130389
"291",0.358385174989703,0.618651945874195,0.302855926424116,0.197025714324478,1.00810460269529,-0.39125385685082,0.443732478823367
"292",1.15774096221822,1.36144882517255,0.100022871798652,0.0835079908825153,-0.753605316589308,-0.780258756114782,0.714913233113144
"293",0.0266021752773556,0.586799659426104,0.575621967255884,0.31493535442899,-0.599759921749649,-0.204790601788158,0.888305351401467
"294",0.212647943465233,0.341459322546217,0.516738641497597,0.310954958448047,-0.760820725318761,-0.192690253489359,0.825856382789706
"295",0.394594148835449,0.680119879448226,0.287459779484895,0.214408428984402,-0.408278737755115,-0.2307214220691,0.183136225165129
"296",0.11370097530246,0.763020546476207,0.269603731766398,0.198402056567484,-0.0955786183688416,-0.0111833825646242,0.716716082572672
"297",0.240821686917273,0.325499513225409,0.486195555869823,0.216106053811368,-1.46728783068369,0.0395429554636146,0.866157512593497
"298",0.306127316733429,0.37816813668063,0.435433181677476,0.351258302148721,-0.537538761816069,-0.0656224540129824,0.23366949531568
"299",0.398106147247209,0.442162591905771,0.527759703217204,0.418739711037097,0.858421233346701,-0.897803549854603,0.671872459053221
"300",0.187433165330868,0.485615174664537,0.257059859599773,0.21622183794813,-0.981755530702479,0.305472848081464,0.965016204840471
"301",0.0479771713195827,0.198465928558023,0.307095288031163,0.182404943094821,0.0390479365870831,-0.0195212190976718,0.0220799225448016
"302",0.81266001223576,0.866988015907583,0.322623033042561,0.227817445545948,-1.34052373331684,-0.108103397345597,0.715481883123911
"303",0.0597022451330897,0.13996283004767,0.368688497127281,0.26930573185394,-0.0961044291348237,-0.138330464338,0.879359921725558
"304",0.122341592266441,0.335089474710439,0.307541109575349,0.237264406442586,-0.0949624597170008,0.416370284671647,0.879142578766296
"305",0.206724477741455,0.390136445084012,0.19681542084034,0.1756280324502,0.91113448940494,0.126669006155197,0.739410426693368
"306",0.216131301385596,0.284829786385994,0.503423431935877,0.318772017513301,0.49028648700884,-0.45570725781523,0.895916430305261
"307",1.58650547704442,1.63525046225305,0.50756055061459,0.422932079620998,-0.146822044784531,0.273232679739247,0.78625216822667
"308",0.097689560663187,0.311497849466247,0.055203025050406,0.0478658768365787,1.06071062986793,-0.787388206544183,0.607618977460574
"309",0.271004304033389,0.70857874141925,0.161593268996476,0.128383607731704,0.411023590612449,-0.626790934447603,0.165291899643677
"310",0.553554226949216,0.588735504976042,0.307549470110869,0.249576516240763,0.821671548103061,-0.0529267758010606,0.734820614939487
"311",0.765914863621563,1.019041782017,0.0724787640849032,0.0632959104364366,0.465946321917886,0.148199850429154,0.801814490440141
"312",0.154438326249923,0.237242205847948,0.63621531818539,0.255667063827277,2.27414537480214,-0.630933273462576,0.127388508591183
"313",0.576811595574038,0.688950084518483,0.179525394412693,0.10733227395917,-0.566807211789697,0.387942445300907,0.176068932777544
"314",0.762506460309938,0.996766710493171,0.146603640932815,0.12256664304299,-0.743811612538097,-0.552223543409413,0.629522736759824
"315",0.144425504338902,1.91207364329834,0.361957781237349,0.252590099659986,0.201762492703223,-0.549053996680008,0.942265869390488
"316",0.596150513210232,1.40614649797025,0.446374940785151,0.341745369500476,0.0117091977956785,0.0575252525506313,0.983911144783146
"317",1.23985080720243,1.36697656588181,0.238792222828982,0.171621900099177,0.785170996106594,-0.103722969164592,0.883378706596269
"318",1.11776868934358,1.27414002591683,0.281086072191403,0.131515873643952,-0.65676445161539,-0.11784678284859,0.142044133585194
"319",0.686821950855162,0.795919298458506,0.136073241154548,0.108645853807224,-0.639940076529124,-0.0822688990597609,0.140408270307604
"320",0.0927442863427113,0.829127518975266,0.415399264012052,0.153303586383792,-0.324816017971614,0.206999042774625,0.500957927261235
"321",0.0440415191709118,0.156691419805446,0.159698263368634,0.104452253423937,-0.309083433723196,-0.290919861727137,0.501943628598262
"322",0.177150375706505,0.995516872782896,0.0303362045318158,0.0275991484086791,0.48947611584414,0.548855725107757,0.209006608711573
"323",0.196526562362294,0.23546190827026,0.544887260161605,0.400267822557882,0.574939191045695,-0.278733266295527,0.598127728201965
"324",4.39377579454375,4.43905453720796,0.536513369524377,0.253950472967424,-0.584655726741909,-0.483809807049625,0.776103112425973
"325",0.0998147837941067,0.151424998454777,0.505607351873845,0.289402549865478,-0.454873391473641,-0.334116492736272,0.0828584931691125
"326",1.27006444502802,1.35867121494327,0.236941023401978,0.149556436983212,-0.851300417906873,-0.656561989209458,0.970056704687208
"327",0.260865350154782,0.553681848388147,0.732377630467408,0.358500372996511,-0.811453321006962,0.206102794528387,0.416256195720705
"328",0.203935121603238,0.337542296049318,0.357162875335271,0.20945289819387,1.10382182468175,-0.3236831359443,0.718412106034577
"329",0.289053768607879,0.40075651296155,0.371520615935855,0.273586701158306,-0.311170056036837,0.288979924165741,0.76427553547243
"330",1.05724987579091,1.09194775860081,0.322938418847278,0.245624012267819,0.531243541789112,0.957846073588543,0.704604386059893
"331",0.6208362725076,0.65584064084379,0.765301224328966,0.318788471736759,1.09740454809657,-0.216414051865817,0.620172975383464
"332",3.15790331443041,3.1927339020684,0.235384557910733,0.168252109585112,-0.281276889555907,0.0550094627762974,0.0896305721168781
"333",0.968508326312108,1.23734200408967,0.499061300411367,0.37797271015384,0.684837813770441,-0.423740025147404,0.64451729874585
"334",0.0705834800146325,0.238304394314746,0.0550372596347856,0.0453690414799709,-1.02773271956123,-0.181213893757614,0.952997693521359
"335",1.28276512954107,1.39419458578439,0.471623914366574,0.32360252510753,-0.395387912934468,-0.261106982696561,0.797737068612983
"336",0.24379350239282,0.423827894086636,0.689039443681437,0.35264131787603,0.34800934129272,0.257138454075289,0.52992476652806
"337",0.37045468211829,0.494259780466651,0.148548964700767,0.113799629506319,-1.03948781033106,-0.0289595022946015,0.0540447660443093
"338",0.0527600555975844,1.99474716066533,0.0860464567782656,0.0776354410032472,-0.375475031057408,0.533209792824432,0.191838693191294
"339",0.228419705799788,0.300183500554639,0.0237117816961979,0.0220983038058172,0.492236411445666,-0.453669485809431,0.364158272987113
"340",0.899344630382022,1.28950460551599,0.377669633344941,0.287300996154326,-0.622795138471864,-0.2638111034515,0.481673000530215
"341",1.60358298856876,1.74726771113084,0.559236751046957,0.291581455681852,-0.483665672358587,-0.0539477231674945,0.950574598286335
"342",2.77745506294539,2.8824867498342,0.581083014837018,0.333008401780453,0.00715629591664684,-0.0956624386676688,0.0902670064823291
"343",1.59325590221433,2.01285041412061,0.123935127163161,0.0803724971915852,1.10387852021115,0.101863984146282,0.819567341095479
"344",4.75412818600308,5.10452286049213,0.487487613409669,0.364153984040568,-0.823887152392611,-0.167718996694945,0.124587050976406
"345",0.216413136827693,1.22961938645076,0.0887328708289795,0.0740757840051059,1.56886123686509,-0.69347619783912,0.825463455980274
"346",0.808300777182798,0.98116351845675,0.371073510693402,0.203431466923943,0.586210003208038,-0.0422198517949836,0.393998075291351
"347",0.136546937895038,0.446351392346307,0.235451366417152,0.208125695285052,0.461682657065415,0.46696063458567,0.778695271104763
"348",6.66879277033432,6.93546264047909,0.0492272303493339,0.0433073751804224,-2.1397599974575,-0.700258657203266,0.850501147635558
"349",1.20143814494578,1.26645538364034,0.232528275712582,0.134307910284338,-0.29722079364408,0.0542036047178581,0.402635667538561
"350",0.794514784419667,0.848410689295946,0.0423010894730163,0.0270008665240635,-0.609911316852545,-0.397502066269495,0.912968305509661
"351",0.0385350595244926,0.152113939836979,0.12340906318778,0.0714712234484874,-0.755462853123282,0.373948846804373,0.613322177233063
"352",0.14084606858529,0.296984891264045,0.437507603161136,0.275332353267771,0.154253234611463,-1.03957926719242,0.356570501078218
"353",1.22113680406842,1.68169462504965,0.598111805280959,0.373504599403507,1.25351414289549,-0.576076852155763,0.121813282074803
"354",0.230446288523262,0.427036046009887,0.564688532141588,0.299602318197876,0.948933952738935,-0.310304368102327,0.65703952699593
"355",1.43542668041016,1.55302992098335,0.433564211463038,0.200409569197338,0.713691610921969,-0.00987238514728191,0.822018132782544
"356",0.495219550917206,0.569489967086578,0.581368462634023,0.449634204164152,-0.0913523973154617,-0.0960007330333796,0.194441319057556
"357",0.281391591560978,0.352181720013558,0.453824533017046,0.299290378918153,1.2146731086101,0.0338525009006888,0.220256134770635
"358",0.465388438519635,0.556040468757133,0.614189299125011,0.421467777678989,-0.140844726136071,-0.0490858714309505,0.560158726882465
"359",4.87044756601942,4.90843928626544,0.34255844480128,0.259021605048406,0.277508273010952,-0.295880900981739,0.288787610311268
"360",1.14032910791536,1.34168604913002,0.149591560410369,0.132949673099001,-0.963521282336096,0.30763633643779,0.21643944628473
"361",0.360591560113606,0.524085345971194,0.538567537823741,0.270661367103212,1.64891216090595,-0.110664661247404,0.548954492439862
"362",0.388325591103297,0.463770145556486,0.41502063276079,0.310865215923711,0.826906230110664,-0.188064518277873,0.169134058127504
"363",3.15709765988207,3.34385089106179,0.427321889335142,0.283071395095841,0.86910295306184,-0.818284938231116,0.255784858490145
"364",0.0556556487491193,0.777467988939124,0.62107450988746,0.324431684824043,0.317942152754066,-0.667085819427942,0.604531195131315
"365",0.45605362401055,0.578769391215213,0.433719185413419,0.284427638029307,-0.097311926835592,-0.333095218366855,0.282831899686206
"366",0.963238361775995,1.06944678149055,0.268120794807475,0.175150372997897,-0.0806812564131568,0.487763856332617,0.127288032665138
"367",0.0500746169882315,0.407660311961881,0.0221865662930206,0.0198145659113801,0.340437472668632,-0.327257154720325,0.592077627697314
"368",0.882768410811782,1.0298303303449,0.49224611338735,0.275039081955061,0.533706218386036,0.472391073661094,0.485219759835632
"369",0.58489458678693,0.763603694253943,0.0189223631993692,0.017360235901854,-0.65556515557936,1.03494608961565,0.18627246798715
"370",1.07598314371373,1.39819342782305,0.142222066280171,0.102226621703249,-1.00684851193201,-0.646048897001373,0.758834775524174
"371",1.77703092824625,2.28682969652345,0.724574943610858,0.359235393468006,1.07824644869141,-0.00388324927744,0.0393794148656511
"372",0.534611622869803,0.630789876811459,0.217131865623675,0.176688004219093,0.700244998012297,-0.72855428733047,0.416694150369453
"373",0.158948812459443,0.174149722951116,0.220818427770527,0.124182584942007,-0.190497462251328,0.311207507767979,0.99248980669978
"374",0.128762191143372,0.977905575828363,0.0570361162294767,0.0537286952266054,-0.122910772043806,0.161078787791772,0.364301439334637
"375",2.68245408362196,2.72862119460202,0.627051244395783,0.37482139918567,-1.91321825776886,-0.402131711835879,0.921725921814687
"376",0.0809040643719928,0.566743865552452,0.464116082286624,0.302492241238143,0.813107817705327,-0.15610867790854,0.672752585110989
"377",0.680106352785233,0.778126990497623,0.219675426601523,0.158027267051939,1.26725329991896,-0.0273333030254138,0.668407652286497
"378",0.0771584533944168,0.126014267433053,0.411022998618504,0.261112014364266,0.267138941230326,0.0037363713992913,0.291012923886242
"379",4.30740971319593,4.34673140335202,0.337798871281522,0.300076803601682,0.097967033084546,0.331934405895988,0.448719089371779
"380",0.0358494180952974,0.2269489335383,0.257999843183116,0.225803036064524,0.59621833988401,-0.223912827187438,0.436740269999675
"381",0.302188163127046,0.357317665307794,0.33500564314281,0.236775860375348,0.166815137959358,-0.0775129201857708,0.421737595195449
"382",0.310352366464221,0.466079700255237,0.151641967721275,0.0978699042251684,-1.46815297141525,-0.122761896871631,0.788096421777113
"383",0.393222337325188,0.516173102753333,0.388487520141307,0.28077588443684,-1.40997445523246,-0.0097091216832742,0.0291820310023853
"384",1.89825495494569,2.12614278058055,0.45838650167799,0.290412267607434,-0.863128948341466,0.186197663084198,0.841869259387696
"385",1.11095901447521,1.27137802003659,0.327531883428325,0.216119804359751,-0.714584112827881,-0.106595522930785,0.393705865167646
"386",5.33500013717897,5.88117274135469,0.53379114604685,0.316282124982059,-1.63599222043282,-0.289249873563036,0.787368220260969
"387",0.0263170007713578,1.55627516059185,0.671399311321786,0.333443949090479,-1.46993909404953,0.262182543652075,0.387536365264891
"388",1.45712855271833,2.23396606187475,0.433099291850042,0.29219782651266,1.16968899168445,0.594208087205216,0.73926639687182
"389",0.128535162562652,0.260863054575129,0.458538998617463,0.327687050318191,-1.29079687389043e-05,-0.361910660600735,0.63893429457308
"390",0.38820801481945,0.646175307171669,0.55803596356651,0.394528882078004,0.533347775929595,0.114497829743548,0.851184169648105
"391",0.0943495395062908,0.171128785309229,0.580255510729449,0.294355600395005,-0.094545466085171,-0.106642010970742,0.440040072641795
"392",0.658764165334044,0.742814238314008,0.529982652976586,0.408578923898608,0.484643978975752,-0.448259010881121,0.633040465841397
"393",0.0792218470190746,0.166975362911526,0.0203121351964839,0.0188945124468458,-0.171920655539438,-0.470308467808845,0.294807146581805
"394",0.334951138986547,0.695796023841968,0.625416233376416,0.45364741633336,-1.37524669126243,0.103907565252281,0.0710275938875304
"395",0.0292115814946182,1.89902392684427,0.31227057600329,0.208133288285749,0.437627441252546,0.211386727417331,0.481842972208724
"396",0.404958229069439,0.464329057289082,0.0253148895741001,0.0230478709630434,0.745787366325001,0.183662832153574,0.0695827478063671
"397",2.92402029673594,3.13531517130754,0.12801261881685,0.105869903089461,0.729955839674942,-0.531269641358944,0.951903561908729
"398",0.0851570903439906,0.519667436657598,0.0402417698254842,0.0330519911807014,-0.911920822092141,0.205642126372421,0.185496566220256
"399",0.575020697347204,0.608493114236223,0.48699440630888,0.3443426044056,-0.172468349529991,-0.10441186759624,0.347095006014759
"400",0.952369003711121,1.1981114874119,0.2827535767277,0.248967616213471,-2.41705583491838,0.338161780352442,0.57826758863643
"401",1.08084882705418,1.22191849177918,0.476046725912738,0.255604923109377,-0.395835643759191,-0.476024189200336,0.345940190412714
"402",0.440144309251777,0.493009706109672,0.26990860940385,0.194033605820492,1.19556509414356,0.452924617259182,0.898646029191546
"403",0.99019437426865,1.06336198566893,0.695235930994979,0.358284891248265,1.21119668564526,-0.288413740428952,0.510531430369975
"404",0.0198673121963812,0.25999122982176,0.38147655918954,0.288212075540368,0.0224133153082069,0.00369084333830607,0.867604540480218
"405",0.0311688441428734,1.55999942293583,0.328238231704471,0.239616069574208,-0.486511964922693,-0.204703709625018,0.678559118709936
"406",1.27314612811556,1.81663435846555,0.511481055625201,0.311194070451813,0.373865942703775,-0.886452509484986,0.767318505224161
"407",0.235923697162073,0.350473370632259,0.295030910707467,0.197173783181134,0.503479784120084,-0.780449469470859,0.0685943730091744
"408",0.23383947009635,0.981360946249226,0.52282053412495,0.270078900694057,-0.231833871735552,-0.907429127763229,0.866035234872905
"409",9.01656454944843,9.04857329677731,0.390539454530694,0.318043710018349,0.832365606918577,-0.0997481396128408,0.960795885083262
"410",0.370999145416819,0.402602250167134,0.456981391090192,0.29634490134109,0.88404115990768,-0.270895374490039,0.109568292703761
"411",0.0952780251224478,0.422569381620001,0.537086258134047,0.313195881289361,0.254809519750138,-0.10233461914328,0.838335493714307
"412",0.234778327862936,0.574063998776574,0.361743359878578,0.238365186184395,1.26938153726704,-0.78555220024001,0.908018075061179
"413",0.350781059289322,0.412518363804583,0.544824012805203,0.323508630274648,-0.0477933546514596,0.223453656966477,0.672392717034024
"414",1.7011521943417,1.79165439717076,0.127634925879996,0.0983932708932635,0.121166816308555,-0.191981618012586,0.116192320176235
"415",0.254547846287683,0.342894519645391,0.397583271054273,0.243728014029303,-0.601909819345765,-0.199971766202811,0.378959649532682
"416",0.151058511440006,0.957906846233881,0.209289854252044,0.156415386723527,0.197407836689603,-0.681602625296745,0.609920906203867
"417",0.947339574039172,1.12884838495886,0.291604271690961,0.204375428001137,0.778308544586339,0.494197046809402,0.584151193671201
"418",0.0144524142686651,2.38140507170496,0.636971519926024,0.390560719039877,0.412851867811105,-0.826240670707972,0.303170010531395
"419",0.338116373277163,0.897209997247023,0.563250567520677,0.34682233968063,-1.10238942769768,-0.261092199725017,0.338781054247942
"420",0.993408047555107,1.06624555807792,0.407346465477233,0.331463996035084,-1.09841385685812,-0.412656006936068,0.262373046783489
"421",0.11645050961214,1.19659614461962,0.220822225841672,0.185193877619742,-1.2403026929178,0.0379281474699602,0.438370702088156
"422",0.0683938970905901,0.119469091376225,0.109319540215004,0.0903308174208058,-0.446288473805531,0.353136271199944,0.0323293896870247
"423",0.450832730075136,0.529429939909121,0.0254893184523188,0.0239710947041941,-1.04239513855418,0.0385093112999861,0.124307427642033
"424",0.0243973748727623,1.93251155692282,0.027339695964981,0.023424241615908,0.942454127907716,0.600284029047724,0.612438504287091
"425",0.914633173078617,0.957793021194124,0.630307442299708,0.535115406565667,0.482139646393869,-0.0762838040541749,0.523402260798413
"426",0.0483762940317169,0.421327877594827,0.345348606166182,0.194556093672573,-0.0803539436789472,0.200510476151542,0.226833040268854
"427",0.0153948431030741,1.22893481806161,0.122796669867627,0.0984536822757862,0.18488569541379,-0.0498681375774707,0.0505184069311049
"428",2.05082388635477,2.12272705682625,0.54021663465602,0.339547247131917,0.389441689569422,-0.143486763962746,0.990275141394878
"429",0.0878643039583658,0.28677007338656,0.587368523968419,0.387943428774857,-0.247708700848512,-0.551336953947,0.410768607957405
"430",0.150470550012033,0.539811516709817,0.0991725223964597,0.0872713074278119,0.684669781704925,0.443976862885057,0.869253316733938
"431",0.0704078772328317,0.422623280662129,0.492482432193625,0.341217269273109,0.735286480655456,0.0487222310286516,0.261788671110457
"432",2.29427045247531,2.37058312745417,0.556630330636792,0.214784313556539,0.196865415413393,0.123851695397534,0.244968383959769
"433",0.808317722028515,1.00716015830727,0.476375121165449,0.270512419445599,0.532170145836105,0.137462731845688,0.930317614721037
"434",2.80834796500887,2.84661619379717,0.436648620718345,0.354006094671981,0.467193159021109,0.263530650514441,0.132540750115525
"435",1.05340142684052,1.33959919825974,0.474215962288169,0.309978838625652,0.86679802580333,0.0448147998408732,0.32248279692789
"436",1.57358657022859,1.62070775558715,0.181206554426943,0.126691533884173,-1.61196652689381,0.0253756992066223,0.481919568778369
"437",0.641321945353418,0.82327918556681,0.00806606134760302,0.0078175799780314,-0.231978912902398,-0.189239740287645,0.883581912444619
"438",0.437803378472987,0.576274953745311,0.209387186402679,0.131924909965812,-0.891929157241184,0.31291793276889,0.526183471518651
"439",0.164268526147778,0.196064670718188,0.614151666348135,0.482323757774318,-0.524065322805706,-0.265151775909316,0.546830803342242
"440",0.0881526168150664,0.400957911695365,0.110701788239627,0.0741943031109463,-0.404984465949076,-0.744881222896161,0.513456365175546
"441",0.10561863538947,0.298603289218944,0.409523620496292,0.33244103886145,0.669270529338146,-0.629099642465599,0.600595712678551
"442",1.1650415779883,1.21009535657143,0.333991313828753,0.163750094486217,0.700419207332759,-0.475815889158237,0.354498941516983
"443",7.14287681093605,7.32106083982881,0.368033645375451,0.200148096298324,0.219105258684654,-0.165397739000936,0.570259865612194
"444",0.918575356354634,1.10469668998214,0.502253789641648,0.261559196569032,-0.692438664844642,-0.263328288736494,0.641068743141978
"445",0.138346888193408,0.271545106550138,0.686627299606464,0.457536934254918,-1.31312363519633,-0.142497723926885,0.709967623618433
"446",0.0976357502584837,1.06985290561966,0.386577999725713,0.331478412341825,-1.3795757655691,-0.281436555831541,0.659792684977706
"447",0.0888464835196678,1.59426429775859,0.466897150316156,0.236900523862424,-1.97781849518675,-0.18294668937425,0.717980670082522
"448",0.483558458346984,0.59473181560101,0.122724589730198,0.104130933478724,-0.633999688824453,0.40600981885352,0.463262066372293
"449",0.104512268786552,0.769948923047774,0.179613753640762,0.152318480869779,0.848500538625493,0.213873807333154,0.839252969664483
"450",0.0156031549504816,0.489393865437116,0.423384367127998,0.215163698890249,1.311338005614,-0.0206549399765752,0.302401984411503
"451",0.101693007017057,0.120125358048848,0.587037540636525,0.435678379749379,-0.239794846423943,-0.064392774248745,0.393140090709062
"452",0.191032393852188,0.28825812156093,0.102051988452873,0.0835566031732181,-0.373510989271686,-0.7727796462446,0.973049370641619
"453",0.0131231427640764,0.602889175839694,0.150566980729659,0.103986697637925,-1.0330798338665,-0.226464691559304,0.658103796481141
"454",0.626471284098624,0.721769855575623,0.0569908086865079,0.0181423096812362,-1.6447278456983,0.108013125998133,0.268178867157331
"455",0.714699460337563,0.869609781560599,0.475369539325641,0.297845078985058,1.14271691154005,-0.226601777400782,0.594297872401572
"456",4.04324845558038,4.21630413896176,0.370850483875167,0.286906290073317,-0.0998965584902591,0.111866958009489,0.655938493973403
"457",0.0380488291528598,1.48810786123522,0.413906142526199,0.247997027762145,-0.34684584731469,0.530673234142868,0.295960111826268
"458",0.149849832025953,0.294139105830938,0.0818906647758232,0.0635429820525191,0.105283722064033,0.0518819069287506,0.50739917577285
"459",1.44139065713025,1.50557464773685,0.555765078469651,0.21404693437619,0.828638226910063,-0.919893405610488,0.677473022122096
"460",0.63032663488035,0.67796882091228,0.332021843587793,0.186052702857905,-0.270483587537526,-0.708182715532104,0.683053666028965
"461",0.676041645634405,0.768786411178045,0.466676326393368,0.350213370437184,-1.35947919482549,-0.275158877361487,0.927555197144146
"462",1.82709867543102,1.90883488532353,0.0435628884036619,0.0389524967283825,1.05231793159882,-0.144085254847101,0.834167933366114
"463",0.363837616057488,0.437602016813347,0.509842767390695,0.229661888442338,-0.137758577976523,0.312263791698329,0.782850631685074
"464",0.512147752912566,0.667312399255463,0.794000940878709,0.506378369614795,0.199202920360722,0.051026490015904,0.766682276622699
"465",4.1915657587969,4.24530708485252,0.165247857417054,0.128886030796991,0.129630481028158,-0.69979784301948,0.989145999733488
"466",0.102100320525171,0.838774853521918,0.659975259465053,0.486590611312631,-1.04313234621912,-0.272678528630525,0.359915843811136
"467",0.0914307559894389,0.218431001582636,0.429725875847845,0.286016721809376,-0.565420089754004,-0.0400895847518355,0.266224438407678
"468",1.2890367751243,1.3914742686078,0.518637089301837,0.344955820737715,1.00308555474064,-0.225901568172902,0.300330054877729
"469",1.35207004149539,1.46026479026346,0.203495210730411,0.174129784836183,0.364472448294947,-0.0241495226890122,0.0893218707433719
"470",2.36615604342868,2.39883647182811,0.151826607647286,0.0974165232637821,-0.629877566314447,0.111559012751254,0.391370506844012
"471",2.31617410074266,2.36449679198435,0.423435639649176,0.249777967348548,-0.590713723573262,0.204900634725501,0.378501397103547
"472",1.54961568411394,1.66887891804284,0.123526884227158,0.0970285374653143,0.484659415352262,-0.483323960633191,0.81946546572011
"473",0.0605308225263825,0.136876920262999,0.0860690227162537,0.0786583876240813,-0.12025123293629,0.584512976940722,0.170837912511741
"474",0.335484349324758,0.478368847177845,0.573710954883333,0.404459306900529,0.982741909683561,0.50938818780552,0.711559923594791
"475",0.05831611593305,2.69915206031098,0.525604539198532,0.364817552066059,0.821086471789261,-0.185118101680891,0.141401249336716
"476",0.574800146827975,1.12444241392889,0.159498522544534,0.106566585243378,-0.323186084030732,-0.343401356865918,0.314579425541688
"477",0.997711253451674,1.07722808355397,0.289183542647669,0.0616121923599841,0.406816024600153,-0.540444025770243,0.290387697912864
"478",1.57162722695025,1.78762267294298,0.524586763004335,0.406800924252595,0.224484876086329,-0.361378173690191,0.789333815066332
"479",0.219682572710151,0.289520305498982,0.0364562840991615,0.0343868411732607,-0.0477803577686973,-0.415414836582426,0.342708755744292
"480",0.275199007162338,0.422031473387106,0.432304540858335,0.253967153590679,-0.692807890033466,0.540297794102045,0.635264421146136
"481",0.225072330642076,0.258866370445134,0.530744099222048,0.479464325374176,-0.65994279948588,-0.3441714682433,0.743787504548018
"482",0.0869004489344207,1.09171438133645,0.546584128600848,0.358826142834767,0.571602543602151,0.0156878180020454,0.241511488081025
"483",1.79220488829184,2.24606394341139,0.134021604897069,0.115614113286408,-0.776971324162554,-0.470142520353072,0.882361247061164
"484",0.113490764724961,0.153784007726872,0.565445176232086,0.301741326412222,-0.514876322076192,0.174584075557394,0.653597375286698
"485",1.01119503817991,1.13652938396889,0.342334924045451,0.230891146671858,1.54777065198429,0.231183403853242,0.529024233932346
"486",0.0952811787792366,0.171324925577802,0.369138627365895,0.211552101590293,-1.67275449738902,0.0220778481992931,0.214598164914297
"487",0.129477031594148,0.167430892596873,0.539624380123146,0.349522021906118,0.600089575041768,-0.0506842240627211,0.363292374342075
"488",1.48912540334217,1.56848952016395,0.261505537666321,0.195244284734745,-0.434580564022742,-0.546675790663508,0.172791347330524
"489",0.115901686887429,0.156279129843154,0.0552827425344763,0.0489294805254764,0.328095365170734,0.329104482722654,0.671329798750117
"490",0.131279374135959,1.79061101644399,0.244418735516034,0.14443625301251,0.3149532561574,0.25861224604627,0.240851116826209
"491",0.40799555938079,0.587171231276049,0.11673468299037,0.0980185388136694,-0.91257239594804,-0.0935844247918203,0.979846008863167
"492",0.962933779016518,0.994463324680118,0.642013503182786,0.364724697362273,-0.694567582040697,-0.306683338122534,0.0945429027576655
"493",0.257613440446304,0.334397755566784,0.163975073963532,0.121416608820997,-1.41631499654399,0.25075893403022,0.531643459869328
"494",0.134247550279707,0.239762715435116,0.365385995168618,0.159387064655613,1.09307984403696,-0.360478146539566,0.949583512540043
"495",0.16761831792201,0.289914200361008,0.520725266300233,0.349266330688883,1.29878748067465,-0.432194561218509,0.320011322210884
"496",0.735419100848682,0.882648146566359,0.215344759333794,0.165181478448011,-0.553222733692758,0.0261433849659191,0.576430788385513
"497",2.49264564412011,2.61297097243297,0.34968476020919,0.240512252343535,0.797235857142713,0.111003340751222,0.664291156400314
"498",4.38002756416364,4.43788482232227,0.426020778200008,0.379555122242326,1.10902464236368,-0.469319179575695,0.580251712001983
"499",8.86898246126888,9.1140668836123,0.404611192582039,0.313688005085814,-0.383608793345911,-0.608596540774455,0.707867810409538
"500",0.348058775278473,0.510870001333307,0.0631755357718701,0.0541349022491772,1.44858073436621,0.470497547228863,0.795357893195431
