2.578263878822326660e-01,6.586197614669799805e-01,8.198076940035736726e-02,5.160419586469328079e-02
3.489304482936859131e-01,3.792381882667541504e-01,7.405103501521455023e-01,7.136537770753437204e-01
1.394533067941665649e-01,1.658760756254196167e-01,6.082968332171471149e-01,5.525242375510098780e-01
1.307414025068283081e-01,1.697598993778228760e-01,6.058038437927293351e-02,5.456585296602040058e-02
3.931948542594909668e-01,5.700695514678955078e-01,2.222655565942733835e-01,1.715281538431421837e-01
2.095856517553329468e-01,2.147121131420135498e-01,3.669819097271547204e-01,3.158822311249844805e-01
8.957353979349136353e-02,2.455317080020904541e-01,5.014760456004275779e-01,4.685152279258297803e-01
1.225739479064941406e+00,1.306831836700439453e+00,5.170339858710711889e-01,4.637597408867915050e-01
5.118576809763908386e-02,6.724061071872711182e-02,7.329406466160122147e-01,7.012860493690662445e-01
2.176809161901473999e-01,2.354218810796737671e-01,6.653463449162766441e-02,5.874712143427313071e-02
2.878935635089874268e-01,3.438646495342254639e-01,3.524356638233412942e-01,3.355609852412579364e-01
3.538367524743080139e-02,3.835458680987358093e-02,9.279672246333553476e-02,7.746416094774344341e-02
2.544892579317092896e-02,2.786963582038879395e-01,7.046512980076996557e-01,6.323798921924616012e-01
8.000134229660034180e-01,8.105875253677368164e-01,5.977554342012769695e-02,5.323051245104809537e-02
5.324699282646179199e-01,5.519644021987915039e-01,1.965024908688562943e-01,1.880099738427313816e-01
9.014971852302551270e-01,1.039884209632873535e+00,3.486763139291455538e-01,3.232968874197125198e-01
2.435942888259887695e-01,2.465935796499252319e-01,3.104844750449283208e-01,1.219801260879099791e-01
1.972826272249221802e-01,2.011322379112243652e-01,7.090218384100552829e-01,6.251228881687481698e-01
8.237652480602264404e-02,9.107174724340438843e-02,9.174346320471099547e-02,8.568812709716722154e-02
7.221862077713012695e-01,7.784108519554138184e-01,6.463338761176882219e-01,5.513005382399994714e-01
8.594948798418045044e-02,1.166362464427947998e-01,5.736666213117221913e-01,4.578534616121722189e-01
5.878958702087402344e+00,6.642983436584472656e+00,5.164161513828108285e-02,3.008630350862351310e-02
6.551156193017959595e-02,8.791384845972061157e-02,8.691481032445547150e-03,4.782472562620543322e-03
1.010387688875198364e-01,1.158832386136054993e-01,4.638491317573817385e-02,4.130880249793061898e-02
2.162335872650146484e+00,2.179947614669799805e+00,5.000737234748210414e-01,3.668260357223246948e-01
8.558378368616104126e-02,1.141883134841918945e-01,6.128142235308339236e-01,5.572089667435217164e-01
6.245107650756835938e+00,6.300265312194824219e+00,3.174361462465050687e-01,2.937957029644808760e-01
1.875545978546142578e-01,1.929944604635238647e-01,6.296873472700628138e-01,5.921784548838500140e-01
2.088384866714477539e+00,2.092470407485961914e+00,4.745119688740351283e-02,2.247692001207790558e-02
1.437942087650299072e-01,3.492467701435089111e-01,7.146308100027554122e-02,5.380510085880746418e-02
1.169038191437721252e-01,2.354138195514678955e-01,6.089440286372074240e-01,5.290574088107936612e-01
2.479200124740600586e+00,2.732425928115844727e+00,6.050024610164521643e-01,5.708183526182293299e-01
4.128482043743133545e-01,4.597293138504028320e-01,2.816569054474140632e-01,1.814215781614996748e-01
5.825690627098083496e-01,7.178606986999511719e-01,6.955925491463936794e-01,6.388906844249421235e-01
1.711981058120727539e+00,1.948636889457702637e+00,7.371237925773179711e-01,7.208743806646495944e-01
6.895548105239868164e-01,6.952208280563354492e-01,7.319942331252032863e-02,5.453406348487183086e-02
3.103770315647125244e-01,3.243589699268341064e-01,8.091656263250144310e-01,7.651850941265219141e-01
1.467367529869079590e+00,1.494402408599853516e+00,1.955155579707874569e-01,1.609146888538573461e-01
3.874586820602416992e+00,4.390620231628417969e+00,7.041916915762995721e-01,6.138587322583979322e-01
1.344318866729736328e+00,1.353339910507202148e+00,6.716639679432755416e-01,6.550587372758097660e-01
2.241318970918655396e-01,3.714090585708618164e-01,2.865983265010562664e-01,1.791952968262434664e-01
1.239803507924079895e-01,1.683533787727355957e-01,7.345350993218702218e-01,6.627096796154102742e-01
1.278653740882873535e-01,1.504274010658264160e-01,3.272793542667850608e-01,2.135102074849782872e-01
9.464200139045715332e-01,1.056868195533752441e+00,2.723045201403175297e-01,2.237264165126789384e-01
6.186642870306968689e-02,6.911138445138931274e-02,2.214336079058045192e-01,1.369528280801537989e-01
5.898179411888122559e-01,6.221131086349487305e-01,3.257749408728201068e-01,3.008423600504990247e-01
7.041951417922973633e-01,7.707043290138244629e-01,1.527625522774810896e-01,1.145487750030333429e-01
7.249718666076660156e+00,8.828731536865234375e+00,6.208336600423413065e-01,5.907807710110959398e-01
1.880355179309844971e-01,2.144247740507125854e-01,6.581241916949911452e-01,6.049667597525244522e-01
3.114744089543819427e-02,3.368549048900604248e-02,6.753448341271446331e-01,5.859702305727159111e-01
3.208954334259033203e-01,3.745588660240173340e-01,6.932146747346377147e-01,6.175120213625814314e-01
2.365465275943279266e-02,2.969161421060562134e-02,5.621907539384212171e-01,5.407855906411781488e-01
1.458530426025390625e+00,1.474491715431213379e+00,3.931883701667116537e-01,3.341487935940947729e-01
1.099427491426467896e-01,2.131532132625579834e-01,5.474080941198653516e-01,4.137159439194551536e-01
2.856004476547241211e+00,2.861650228500366211e+00,6.155234537429700170e-01,5.651583293067474756e-01
4.944940283894538879e-02,5.017296671867370605e-01,4.020559055735395404e-03,3.779489958381898607e-03
2.266385108232498169e-01,2.770752310752868652e-01,8.550231910832206683e-01,8.173058867293607754e-01
3.150385916233062744e-01,3.346935212612152100e-01,5.563324964058252720e-01,3.820411121431632195e-01
1.913333684206008911e-02,2.348191477358341217e-02,1.189639286033866705e-02,1.117399326829493500e-02
2.928635597229003906e+00,2.954391241073608398e+00,4.676161671589845747e-01,4.303009981243988147e-01
3.979045897722244263e-02,6.509730219841003418e-02,7.923354339708839067e-01,7.699784999898235949e-01
1.552201509475708008e+00,1.575914144515991211e+00,3.658772731369308584e-01,3.256864933118386318e-01
3.312143087387084961e-01,3.712896406650543213e-01,6.397117122926161414e-01,4.923557534959277504e-01
8.337520062923431396e-02,3.006366491317749023e-01,4.433510035041485220e-01,3.986110790946991167e-01
1.858095973730087280e-01,3.907000422477722168e-01,7.568008609345179272e-01,6.446046150202311420e-01
2.086114168167114258e+00,2.303447246551513672e+00,2.950776030345849676e-01,2.784244884487820371e-01
1.733836889266967773e+00,1.801546096801757812e+00,7.517493185226999941e-01,6.685000782442633849e-01
3.077157020568847656e+00,3.150282144546508789e+00,3.477479996763763181e-01,2.377024197137125872e-01
2.888152897357940674e-01,3.619642555713653564e-01,4.627263016060206846e-02,4.373681752805141931e-02
2.845223546028137207e-01,3.035977184772491455e-01,3.762647376146824318e-01,3.234242871542345465e-01
2.573848962783813477e-01,6.826890707015991211e-01,4.931051854139473223e-02,4.693139353991726548e-02
5.569407939910888672e-01,6.129782795906066895e-01,5.427687759746353535e-01,4.664264011130499488e-01
2.303844690322875977e+00,2.319150209426879883e+00,5.170862546946480842e-01,4.196166049702525491e-01
1.239667087793350220e-01,1.587059497833251953e-01,7.226611304354103593e-01,6.975212951703774200e-01
7.301134616136550903e-02,8.541436493396759033e-02,6.765291838803056956e-01,5.899841866806412316e-01
3.708073854446411133e+00,3.771380901336669922e+00,5.737043340153523685e-01,5.428105648803596139e-01
6.773393154144287109e+00,7.312264919281005859e+00,1.870500086478760760e-01,1.649145745840481236e-01
1.535999588668346405e-02,9.379123896360397339e-02,5.111718339493369623e-01,4.631505952507372625e-01
1.575355768203735352e+00,1.852115154266357422e+00,4.293507364711045549e-01,3.870428104859225393e-01
2.065182447433471680e+00,2.092941045761108398e+00,1.905653244865346263e-01,1.751663788202083016e-01
1.134175732731819153e-01,1.220691502094268799e-01,3.341222915490778544e-01,2.678606203921254370e-01
6.674000024795532227e-01,7.848477959632873535e-01,6.627327215701941387e-01,5.165061299074461543e-01
4.777361452579498291e-01,4.913472831249237061e-01,1.206151185988757479e-02,4.173864552184380905e-03
4.265361726284027100e-01,7.370483875274658203e-01,3.161307323144818548e-02,3.007622408765164845e-02
2.188793569803237915e-02,3.131840378046035767e-02,5.326737838802105829e-01,4.791361724293965452e-01
4.834809303283691406e-01,5.057220458984375000e-01,7.682542619749486157e-01,6.960856843708266295e-01
1.487082123756408691e+00,1.636292576789855957e+00,5.812218586750411697e-01,5.251183263578361737e-01
1.258825182914733887e+00,1.319742798805236816e+00,8.622846302767306348e-02,6.211675302462155157e-02
2.999436855316162109e-02,1.891980469226837158e-01,7.075233330249464103e-02,6.813000382823647394e-02
6.288443803787231445e-01,6.653177142143249512e-01,2.086405240513461434e-01,1.248112734191691442e-01
1.385992407798767090e+00,1.470527529716491699e+00,2.537058395423835711e-01,2.363527531476542487e-01
4.042178392410278320e-01,4.275346696376800537e-01,4.693620004065369167e-01,3.964399482011522480e-01
5.949376150965690613e-02,2.124172002077102661e-01,6.659634136000285309e-01,6.176448103822123059e-01
1.768619716167449951e-01,2.184418439865112305e-01,3.852833548501928274e-01,2.949431810361282658e-01
6.663538217544555664e-01,6.712012290954589844e-01,7.296087954943385467e-01,6.564438179990806921e-01
7.249156385660171509e-02,7.526630908250808716e-02,8.176711180546363256e-01,7.438020384693307951e-01
2.372118234634399414e+00,2.390058040618896484e+00,7.717662971387883042e-01,7.179262253798677218e-01
4.216528415679931641e+00,4.589372158050537109e+00,7.122577398493556977e-02,4.297623963156432803e-02
1.519542932510375977e+00,1.756680250167846680e+00,7.221290848810182350e-01,6.307994846179962867e-01
2.759876251220703125e-01,2.885690033435821533e-01,2.571917719570234739e-01,2.208362138920896833e-01
1.432040333747863770e-02,2.023553662002086639e-02,5.742924880428873502e-01,5.136647213851426308e-01
5.920363962650299072e-02,6.812953203916549683e-02,7.596444982738521645e-01,6.452312105718238655e-01
4.035641551017761230e-01,4.462977051734924316e-01,7.923931582864357503e-02,4.516360143661546367e-02
6.046699881553649902e-01,6.474258303642272949e-01,7.322079316457834608e-01,6.896635413954710359e-01
7.161946594715118408e-02,8.278607577085494995e-02,6.581451519725594057e-01,6.181849519912697710e-01
1.905794382095336914e+00,1.920026898384094238e+00,3.783912769406621024e-01,3.322999398602259902e-01
1.391171962022781372e-01,2.414557039737701416e-01,5.924380264854612888e-01,5.425775464512971880e-01
1.340319514274597168e+00,1.345330715179443359e+00,8.877333427751881167e-01,8.527025496791935666e-01
2.032645225524902344e+00,2.087356567382812500e+00,3.939493227021473309e-04,7.886164733983402897e-05
2.457422614097595215e-01,2.534976899623870850e-01,4.332013367357397948e-01,3.857897146612521144e-01
3.710233926773071289e+00,4.295221328735351562e+00,5.250474211033114846e-01,3.546157087112367101e-01
7.105920314788818359e-01,8.050928115844726562e-01,6.904383676714564988e-01,6.458357851872754685e-01
1.736863255500793457e+00,2.013868570327758789e+00,2.942106815661982289e-03,2.903459190578105975e-03
3.217350244522094727e-01,3.243707418441772461e-01,5.313616375478580345e-02,5.262039629575082644e-02
1.828779429197311401e-01,2.164437621831893921e-01,1.108949692735186621e-01,8.332624055400883467e-02
8.905742317438125610e-02,1.210181266069412231e-01,1.212009731647370470e-01,1.109236803646264646e-01
1.699840128421783447e-01,2.173503339290618896e-01,2.194041457879225554e-02,1.688353531504088734e-02
1.511912465095520020e+00,1.524788260459899902e+00,1.440939820936382176e-02,1.412849711551483756e-02
7.633618265390396118e-02,1.900098025798797607e-01,4.655119982181742944e-01,4.328736370301740077e-01
2.450366169214248657e-01,2.926395833492279053e-01,2.727483786821521261e-01,2.091293209468508274e-01
4.417676106095314026e-02,4.965463280677795410e-02,2.262987539007018101e-01,1.653174594525148033e-01
1.376602292060852051e+00,1.395874738693237305e+00,2.086461932000188702e-02,1.052418231311613717e-02
3.513626456260681152e-01,4.232160449028015137e-01,5.737245856441040015e-01,4.919068123373394052e-01
2.055322192609310150e-02,5.144887417554855347e-02,8.435714930273330303e-02,7.906591851839039897e-02
2.304683208465576172e+00,2.308685779571533203e+00,7.924104856670570740e-01,7.181425168274686577e-01
1.455411463975906372e-01,1.643937081098556519e-01,6.850314400602297571e-02,3.967028019087542878e-02
1.601231694221496582e-01,1.951850652694702148e-01,6.775618297859167249e-01,6.197932302428834639e-01
3.845645785331726074e-01,3.887237310409545898e-01,6.729352189479629320e-01,6.408115024874614374e-01
8.123596906661987305e-01,8.546856641769409180e-01,7.506018215118848147e-01,7.219223192812938006e-01
4.671826958656311035e-02,2.066964805126190186e-01,1.790968900972005895e-01,1.534755802650090706e-01
7.424703240394592285e-02,8.868401497602462769e-02,5.828653293721823836e-01,4.896939368399465531e-01
1.177785024046897888e-01,1.219891682267189026e-01,6.460836562821280493e-01,5.671028237025605989e-01
1.426671504974365234e+00,1.487112522125244141e+00,6.945016077124995801e-01,6.563663751653772138e-01
3.748942017555236816e-01,4.316841959953308105e-01,6.261357643999448941e-02,4.887706685290810205e-02
3.437102794647216797e+00,3.833868503570556641e+00,6.176827684241072980e-01,4.395975550384915165e-01
3.968188464641571045e-01,4.359216988086700439e-01,6.176207256629467901e-01,5.324447882584290026e-01
6.458346247673034668e-01,6.504753828048706055e-01,6.505875973050607719e-01,4.986807800641456789e-01
3.769369363784790039e+00,4.090472221374511719e+00,1.886308938585849471e-01,1.796417695542531501e-01
1.207090243697166443e-01,1.615473926067352295e-01,1.404635412265708982e-03,1.203749186636626778e-03
5.015043914318084717e-02,4.055410027503967285e-01,4.181651086726646538e-01,3.900682143320074458e-01
1.683306336402893066e+00,2.023081541061401367e+00,3.456996285411373382e-01,2.449368658841859503e-01
1.359350830316543579e-01,1.568469405174255371e-01,7.069666859667753656e-01,6.467015695768258965e-01
3.018451109528541565e-02,3.853676468133926392e-02,7.014211875582507805e-01,6.493270889799361845e-01
1.469367444515228271e-01,1.678159534931182861e-01,8.428700385802015971e-01,7.333263337128411719e-01
2.081235647201538086e+00,2.325085639953613281e+00,7.079820751085823538e-01,5.854831277661600719e-01
1.003153547644615173e-01,1.150002926588058472e-01,6.332782305502765441e-01,5.103803313056132218e-01
3.630401194095611572e-01,5.706930756568908691e-01,2.380011616867421798e-01,2.266811282773825154e-01
1.415113210678100586e-01,2.535600960254669189e-01,6.756570793699764321e-01,5.555523910601983806e-01
9.017011523246765137e-02,1.248118579387664795e-01,6.765788432573942579e-01,6.387186392695463066e-01
6.271053314208984375e+00,7.319563865661621094e+00,7.660667831142556894e-01,6.854392224076440998e-01
5.461978912353515625e-02,4.646949172019958496e-01,2.494504591738256338e-01,2.119717078383479558e-01
1.578300356864929199e+00,1.639829039573669434e+00,6.313844120415019745e-01,5.648547247947942607e-01
1.127558827400207520e+00,1.196594953536987305e+00,2.803597394709604340e-01,2.398161875256328290e-01
4.756829261779785156e+00,5.147037029266357422e+00,7.140306754328923367e-01,6.885455041574686241e-01
9.633301198482513428e-02,1.128525137901306152e-01,5.683864867989085745e-01,5.276683516440789923e-01
1.101379618048667908e-01,1.536842882633209229e-01,7.205080692359200345e-03,6.409102275764133605e-03
5.215932056307792664e-02,2.463855296373367310e-01,6.136492450048894876e-01,5.733175537083516904e-01
4.001324474811553955e-01,4.616302847862243652e-01,7.176146668761709257e-01,7.054456581928866266e-01
6.622923165559768677e-02,3.257640004158020020e-01,3.840383471166414764e-01,3.267464510831513680e-01
2.983954250812530518e-01,3.113355040550231934e-01,4.204370812665036983e-01,3.806844699610927307e-01
2.149084061384201050e-01,2.388816773891448975e-01,7.249701307425489016e-01,6.930667911463197495e-01
4.215969562530517578e+00,4.307418823242187500e+00,6.243441291915230451e-03,5.764306148666020757e-03
1.606000900268554688e+00,1.621528744697570801e+00,3.114426197398710849e-01,2.799031002400433343e-01
2.173637002706527710e-01,2.563690245151519775e-01,5.548036989810795072e-01,5.150016962469268211e-01
8.481402695178985596e-02,8.908234536647796631e-02,2.812326293001720656e-01,2.313092576165983183e-01
1.029182374477386475e-01,1.093497723340988159e-01,3.149053930355609765e-01,2.418115807306350784e-01
1.208562180399894714e-01,1.755741387605667114e-01,3.136986589748852472e-02,2.723067384550392767e-02
1.963943839073181152e+00,1.981661200523376465e+00,8.130659735195338023e-01,7.612186097384869843e-01
1.040933951735496521e-01,1.079384535551071167e-01,7.295662941318196149e-01,6.650066623096838603e-01
2.704358696937561035e-01,3.172343373298645020e-01,7.950577299067206338e-01,7.592772227947887087e-01
2.661663889884948730e-01,3.908461928367614746e-01,2.567534168619317603e-02,2.508059338537149685e-02
3.930503875017166138e-02,8.791893720626831055e-02,2.653502816219891480e-01,2.516293216212994177e-01
7.574792951345443726e-02,8.233124017715454102e-02,6.740892257646525776e-01,5.908146267256980666e-01
3.363236188888549805e-01,3.911516964435577393e-01,9.559981413390150617e-03,8.311220013050735211e-03
6.530372053384780884e-02,9.345206618309020996e-02,6.050623680247715352e-01,5.221354913166570411e-01
1.315920948982238770e-01,1.952543705701828003e-01,5.294587589521034809e-01,4.767743193572169802e-01
2.757506668567657471e-01,5.374372005462646484e-01,6.970956623635908844e-01,6.390992606493344219e-01
3.168289363384246826e-01,3.634385168552398682e-01,6.121446840305582171e-01,5.675583587643200367e-01
3.980191424489021301e-02,2.063070237636566162e-01,5.354145393087066385e-01,4.847264276680184336e-01
2.920111641287803650e-02,1.911027282476425171e-01,6.169243368501966529e-01,5.772963774748132160e-01
3.077374219894409180e+00,3.150371074676513672e+00,2.112514156304798330e-01,2.034652070097554000e-01
6.310341358184814453e-01,6.357042789459228516e-01,7.304383639220142221e-01,6.829964453245080946e-01
9.474085643887519836e-03,2.857737801969051361e-02,3.787596309980855169e-01,3.491190123301398662e-01
4.279104709625244141e+00,4.636161804199218750e+00,3.607879922563131947e-01,2.938093235857150431e-01
3.857088983058929443e-01,4.328963160514831543e-01,5.403843765345653916e-01,5.106833586109673639e-01
1.631719432771205902e-02,2.477935887873172760e-02,1.778979142999843055e-01,1.569578591360052955e-01
4.134391248226165771e-01,6.523980498313903809e-01,1.892622616092292098e-01,1.269385575531212229e-01
3.804948329925537109e-01,4.012661278247833252e-01,6.114472450846927254e-01,4.913803109059108332e-01
2.602150142192840576e-01,3.103529214859008789e-01,7.347154350834833592e-01,7.006650837949904842e-01
4.225698113441467285e-02,6.149899587035179138e-02,5.956047413597386209e-01,5.600083885158884112e-01
3.508425503969192505e-02,4.807070270180702209e-02,5.191177990839433987e-01,4.702119730519273011e-01
1.713015198707580566e+00,1.729965806007385254e+00,3.491122598709927027e-01,2.894079482220771604e-01
6.640248894691467285e-01,6.712900996208190918e-01,7.596470923255465024e-01,6.730980736152257782e-01
1.011750325560569763e-01,1.101934835314750671e-01,8.444896190853599105e-01,7.576073465671759877e-01
4.325390815734863281e+00,4.336855411529541016e+00,1.504742818510238500e-01,1.370629125093841272e-01
3.904784470796585083e-02,1.990272402763366699e-01,4.572885645503537710e-01,3.837512120690552142e-01
6.173205003142356873e-02,1.355277448892593384e-01,8.949610081580505749e-02,8.561693387178376247e-02
2.865326404571533203e-01,3.505979776382446289e-01,3.151794526120607065e-01,2.680571871236868131e-01
4.231562837958335876e-02,7.313309609889984131e-02,5.456319292676747867e-01,5.057572843233557602e-01
7.402339935302734375e+00,7.751601219177246094e+00,7.004922354924066896e-01,6.014799673111115297e-01
1.908156394958496094e+00,1.969148397445678711e+00,5.438625637843512717e-01,4.947153750395666960e-01
1.389395594596862793e-01,2.392887473106384277e-01,6.632449076997219972e-01,6.283890940359051491e-01
7.525556683540344238e-01,8.170033097267150879e-01,6.354591749189841821e-01,6.039529326276231735e-01
4.112657159566879272e-02,5.690936744213104248e-02,4.718200490720065310e-01,3.471959230763170812e-01
1.693147420883178711e-01,2.176116704940795898e-01,4.409085257504951061e-01,3.694283309237480495e-01
7.048764228820800781e-01,1.084745764732360840e+00,3.773092131309971342e-01,3.228467975073617824e-01
2.237271070480346680e-01,3.599780797958374023e-01,6.066765090287064011e-01,5.041447444785717158e-01
2.121165841817855835e-01,2.213101238012313843e-01,4.147403884987985734e-01,3.874220876175098471e-01
3.268765658140182495e-02,1.465755403041839600e-01,2.416454810742142967e-01,1.598577471463072941e-01
2.200177311897277832e-01,2.717595994472503662e-01,4.443458243694215493e-01,3.664809175520938878e-01
1.706355690956115723e+00,1.737941980361938477e+00,6.750811983135296401e-01,6.073909949919463758e-01
4.073617458343505859e+00,4.120763778686523438e+00,5.685724771487740137e-01,4.582091144933878035e-01
6.608593463897705078e-01,8.726942539215087891e-01,2.365500364748751028e-01,2.026848419774949783e-01
6.590353250503540039e-01,7.141916155815124512e-01,6.318214739990761775e-01,5.929715621365061473e-01
1.316843330860137939e-01,1.717513352632522583e-01,3.732610277264610810e-01,3.293013973796544147e-01
1.920432038605213165e-02,2.819979377090930939e-02,7.126661121112997099e-01,6.627408291431253762e-01
4.781681671738624573e-02,2.709361612796783447e-01,2.851802128668928793e-01,2.530303088228297304e-01
1.921046829223632812e+01,1.940131568908691406e+01,7.431155056817805304e-01,7.104322026459028994e-01
1.625334143638610840e+00,1.757705688476562500e+00,7.208588320306877906e-01,6.169702984675368151e-01
3.893489837646484375e-01,4.670726060867309570e-01,5.570174302526649246e-01,4.850764853452796399e-01
4.065370559692382812e-02,7.651331275701522827e-02,4.591834878971222667e-01,4.274742975421238489e-01
1.091430664062500000e+00,1.112518429756164551e+00,7.288167062434083299e-01,6.117742107500286908e-01
4.771105766296386719e+00,5.722064018249511719e+00,7.244336996406192108e-01,6.817465345616260386e-01
6.428452581167221069e-02,2.674183845520019531e-01,4.570128730880416712e-01,3.907889120955074791e-01
2.877331711351871490e-02,4.145307093858718872e-02,7.870425256640429801e-01,7.427482064614699953e-01
1.767701357603073120e-01,1.912919580936431885e-01,3.638576439818741459e-01,2.696225403570271517e-01
1.156627312302589417e-01,1.627620905637741089e-01,3.119596450499314000e-01,2.978566110586727822e-01
1.408759057521820068e-01,2.257248908281326294e-01,3.601404649665829183e-01,2.799533657644489582e-01
2.216056108474731445e+00,2.331706523895263672e+00,6.044448070853479793e-01,5.394440324826493827e-01
3.378359973430633545e-01,3.924207091331481934e-01,7.324273240591898659e-01,6.320217449367011575e-01
6.490633964538574219e+00,6.548693180084228516e+00,7.975445539225796132e-01,7.574265377997377868e-01
1.955942660570144653e-01,2.251285463571548462e-01,6.509317573413171409e-01,6.031918934736798521e-01
4.499863833189010620e-02,9.377112239599227905e-02,7.677273311750383300e-01,6.995306915589842855e-01
5.896466597914695740e-02,4.788803458213806152e-01,7.970553707390526377e-03,7.811657489155576783e-03
4.113363623619079590e-01,5.116528272628784180e-01,6.416723239832052839e-01,6.047019463045805177e-01
4.567474499344825745e-02,5.138734728097915649e-02,6.026883080922800229e-01,4.913895426882392004e-01
1.695965975522994995e-01,2.986075878143310547e-01,3.809961096435640626e-01,2.837929938485698189e-01
3.929479792714118958e-02,6.562471389770507812e-02,8.936041806338573812e-02,5.505714148204504665e-02
5.890316888689994812e-02,6.980746984481811523e-02,7.307789438677252392e-01,6.728351327538922844e-01
7.881970703601837158e-02,1.914104670286178589e-01,6.262597538747228798e-01,5.882654018200466073e-01
7.310491085052490234e+00,8.796434402465820312e+00,1.174187544260998917e-01,1.091538718478366476e-01
1.319268047809600830e-01,1.709406971931457520e-01,1.923882566679446793e-01,1.777577320866544630e-01
7.495537400245666504e-02,8.987769484519958496e-02,7.057062603293341452e-01,5.592023673420523089e-01
6.283693015575408936e-02,1.155667826533317566e-01,3.652989763772884757e-02,3.303244278321249006e-02
8.805295825004577637e-02,1.204673424363136292e-01,4.005353973798545519e-01,3.617122255144645804e-01
1.622802317142486572e-01,1.850672811269760132e-01,5.666977012056320095e-01,4.734047126668149974e-01
6.062454700469970703e+00,6.616268634796142578e+00,7.244551540310951721e-01,6.768686526536978887e-01
1.544743627309799194e-01,1.745682656764984131e-01,5.608258085922026570e-01,4.768802501415830841e-01
2.535122036933898926e-01,3.437312841415405273e-01,1.779018932488877214e-01,1.556178787609388547e-01
6.502878665924072266e-01,7.330912351608276367e-01,4.949651647427737444e-01,4.371775536904919379e-01
4.753310382366180420e-01,4.934566617012023926e-01,1.620059916832000679e-01,1.249948071054283738e-01
3.531358242034912109e-01,3.912116885185241699e-01,5.566382212401941310e-01,3.076184370584923444e-01
3.173223137855529785e-02,1.322691887617111206e-01,5.816692570821599961e-01,4.876656427449615472e-01
1.901179254055023193e-01,2.267833948135375977e-01,9.990356413073919750e-02,8.441361316720208396e-02
1.623458862304687500e+00,1.637048363685607910e+00,1.417088041750693694e-01,1.197687758038671890e-01
2.861389517784118652e-01,3.803814053535461426e-01,4.426661990056824925e-01,2.920484393718114635e-01
4.233610630035400391e-01,7.648751139640808105e-01,6.905353440277881560e-01,6.723576489096880771e-01
3.703219443559646606e-02,4.034817591309547424e-02,6.930227801075191651e-01,6.563613889303747673e-01
2.176023274660110474e-01,2.214944809675216675e-01,7.927610095437769289e-01,7.508306817380072662e-01
1.938684225082397461e+00,1.997521758079528809e+00,3.398859594954020125e-01,2.781150219923580469e-01
7.965878397226333618e-02,9.329096972942352295e-02,6.808501116898345584e-01,6.550742241277903721e-01
7.192541956901550293e-01,7.229924201965332031e-01,2.959251372283789872e-01,2.599876849546692292e-01
1.189144030213356018e-01,1.488163620233535767e-01,4.826872505422009629e-01,4.188007856248594507e-01
9.353803843259811401e-02,1.662933826446533203e-01,1.339988742087294682e-02,1.184640577646728365e-02
9.903910160064697266e-01,1.028231620788574219e+00,3.555215918822132171e-01,2.779107850224708520e-01
1.888317584991455078e+00,1.899659156799316406e+00,5.627645229001458915e-01,4.633107479258631312e-01
1.956357657909393311e-01,2.448164224624633789e-01,5.454383662854894732e-01,4.802989039923601933e-01
1.358056515455245972e-01,1.725548207759857178e-01,4.918292581151944565e-01,4.664464228775430654e-01
1.039055705070495605e+00,1.453234195709228516e+00,6.918439099519154700e-01,5.726228307189994426e-01
4.930695056915283203e+00,4.934198379516601562e+00,7.466803980024609988e-01,6.178746435139467197e-01
1.628218650817871094e+01,1.813898658752441406e+01,7.744267134488556081e-01,6.950068825945950879e-01
1.465944796800613403e-01,2.225553095340728760e-01,5.209023199464578591e-01,4.634394604907028925e-01
1.730957813560962677e-02,2.926371060311794281e-02,3.567114430418301119e-01,3.151425245967688360e-01
2.180421590805053711e+00,2.416029930114746094e+00,1.094752097486961784e-02,1.049014682553395250e-02
6.973864436149597168e-01,7.892434000968933105e-01,4.868721729770126849e-01,4.046971298592511035e-01
2.260740660130977631e-02,4.821039736270904541e-02,2.026342638831035714e-02,1.646140897581716001e-02
3.616318106651306152e-01,4.238319396972656250e-01,4.786507883808777120e-02,2.636042337707078520e-02
2.185010910034179688e-02,1.043877303600311279e-01,5.715478008281774658e-01,4.804655461012580231e-01
4.083264470100402832e-01,4.719358682632446289e-01,8.982420082643166603e-02,8.188630494580489971e-02
2.998260855674743652e-01,4.222975969314575195e-01,6.314517572565599979e-01,4.949489236703272788e-01
3.092247247695922852e-01,3.973339200019836426e-01,2.116123791504878615e-01,1.992713390565903353e-01
1.114960074424743652e+00,1.128341436386108398e+00,1.678097809569117915e-02,1.603702600092687947e-02
2.805759012699127197e-01,3.179734349250793457e-01,3.814393822210548901e-01,3.411462893089233228e-01
1.813094496726989746e+00,2.086931228637695312e+00,1.536318247059584863e-01,9.866921394376299004e-02
4.521654129028320312e+00,5.167284488677978516e+00,6.960341084451434623e-01,6.033377558541584973e-01
2.435317635536193848e-01,3.501132726669311523e-01,6.372808666310685322e-01,6.010251082618274232e-01
1.487210392951965332e-01,3.601902127265930176e-01,1.373550744341944796e-02,1.219562786586775305e-02
5.583924055099487305e-02,7.576675713062286377e-02,4.699201336960889264e-01,4.358692343282798976e-01
8.328599333763122559e-01,8.546731472015380859e-01,1.193478079636764444e-01,7.576948863473975671e-02
3.020423352718353271e-01,4.340902864933013916e-01,7.370755624904560266e-01,6.897736923514152796e-01
4.267599061131477356e-02,5.199968069791793823e-02,6.358225525253448085e-01,4.835098676103117832e-01
7.235071063041687012e-02,8.327739685773849487e-02,4.202008042807025556e-01,2.941430496043337395e-01
4.047437906265258789e-01,4.899800419807434082e-01,7.965035675337985843e-01,7.261760022804073511e-01
4.188581183552742004e-02,5.384851247072219849e-02,7.785717488399261921e-01,7.331541457407793061e-01
1.982827931642532349e-01,2.215746641159057617e-01,4.964833769856442647e-01,4.116377551533763057e-01
1.283863037824630737e-01,2.438188791275024414e-01,7.683493305252879768e-01,7.115693547033251631e-01
1.623500466346740723e+00,1.807067036628723145e+00,7.131962937025202454e-01,6.603827202967876842e-01
1.312181949615478516e+00,1.420630812644958496e+00,2.246213760643768764e-01,2.142671080521297289e-01
1.053462505340576172e+00,1.059890389442443848e+00,5.089754361824818663e-01,4.653289839733589228e-01
1.705580353736877441e-01,2.207551747560501099e-01,6.268538416176253625e-01,5.582460924092175203e-01
4.771821573376655579e-02,9.915170073509216309e-02,7.642666271538653966e-01,7.169699511471888664e-01
5.781906247138977051e-01,5.843490958213806152e-01,2.942518094184135014e-01,2.377127806573449131e-01
1.236184954643249512e+00,1.257609367370605469e+00,2.966211694084892603e-01,2.225223892826768690e-01
5.576493218541145325e-02,5.917710438370704651e-02,4.721595246399778456e-01,4.066770676319870215e-01
7.621045708656311035e-01,7.945994138717651367e-01,2.004361291747464580e-01,1.833885640808919915e-01
5.713617801666259766e-01,7.128865122795104980e-01,7.074764318428716781e-01,6.654864514975067369e-01
5.628372192382812500e+00,6.575973987579345703e+00,4.169388156367641041e-01,3.202143630504512006e-01
8.981577306985855103e-02,1.017742678523063660e-01,1.488588364129187491e-01,1.368046170839585796e-01
8.115200698375701904e-02,1.771395057439804077e-01,6.012469100490105411e-01,5.386963563871636218e-01
2.794480025768280029e-01,3.743728995323181152e-01,6.258280970437013480e-01,5.751384979429420286e-01
1.708320975303649902e-01,3.224734961986541748e-01,7.320441610682194566e-01,7.137903485939037784e-01
2.464462630450725555e-02,4.212296754121780396e-02,2.121698609253755419e-01,1.528153461887483688e-01
2.491148412227630615e-01,3.884178400039672852e-01,5.758200298292139863e-01,4.803269015140504972e-01
1.176179766654968262e+00,1.208474993705749512e+00,3.472376666611265428e-03,1.670578030268488057e-03
6.564307212829589844e-02,8.580340445041656494e-02,5.585961928095390938e-01,4.485651204932236680e-01
7.670769840478897095e-02,9.384733438491821289e-02,6.669354233719742009e-01,5.950263774981716658e-01
4.049045085906982422e+00,4.828558444976806641e+00,4.004781095399229107e-02,3.654674877815899947e-02
2.109645605087280273e-01,3.764668703079223633e-01,6.657186578883105277e-01,6.376515294948336132e-01
6.237998604774475098e-01,6.256332397460937500e-01,7.122101370610788296e-01,5.992999136074166344e-01
1.819872707128524780e-01,2.009898275136947632e-01,4.880205211237590435e-01,4.402795163478609441e-01
1.428620457649230957e+00,1.450982570648193359e+00,1.860112076360037614e-01,1.201374197214427619e-01
1.151674464344978333e-01,1.862931251525878906e-01,4.303220246519294245e-01,3.790362729653838358e-01
4.825078323483467102e-02,1.471036374568939209e-01,7.710235925453003958e-01,5.857303901592592066e-01
1.384875625371932983e-01,1.597207784652709961e-01,6.718079784777362118e-01,5.462900086986434145e-01
6.967258453369140625e-01,7.706989049911499023e-01,2.038033505325474448e-01,1.649766656995239056e-01
1.293021440505981445e-01,1.419104039669036865e-01,7.794667744097421025e-01,7.322303898709907610e-01
2.317434787750244141e+00,2.344481945037841797e+00,7.397288159418841103e-01,6.648503206609616134e-01
6.885739415884017944e-02,8.106893301010131836e-02,4.532680286894955612e-01,3.745713906332681642e-01
6.339341402053833008e-02,1.869282126426696777e-01,4.815899965186909437e-02,4.047875087540631078e-02
1.102739572525024414e-01,1.553646028041839600e-01,2.378102101199032758e-01,1.864245072687131244e-01
2.865386307239532471e-01,3.648740053176879883e-01,4.148086377809279135e-04,2.181827584885054350e-04
2.826908230781555176e-02,1.382549852132797241e-01,8.059875426943667875e-01,7.442193779671578691e-01
9.774570912122726440e-02,1.176743432879447937e-01,6.062099269511787014e-01,4.817627309298218030e-01
2.193013191223144531e+00,2.668501615524291992e+00,7.094183514753042985e-01,6.039389334350804273e-01
8.085651695728302002e-02,1.367718875408172607e-01,5.114677129811606715e-01,4.612409305036203055e-01
2.834841012954711914e-01,3.045389950275421143e-01,2.965352757433125652e-01,2.005926667329813173e-01
1.189715623855590820e+00,1.211180806159973145e+00,1.611122672359882046e-01,1.505098684501217643e-01
9.437237977981567383e-01,9.522522091865539551e-01,4.626086034169317740e-01,4.196182917115593436e-01
1.516520529985427856e-01,2.021979838609695435e-01,6.907932660536341141e-01,6.430076510629808562e-01
5.599085241556167603e-02,6.508368253707885742e-02,4.423654698038905764e-01,3.435391936453013884e-01
4.493222236633300781e-01,4.916883707046508789e-01,2.605110370697284461e-01,2.170865733332916769e-01
5.808026716113090515e-02,6.644444167613983154e-02,7.199088718133146436e-01,6.748149325141816757e-01
1.002069339156150818e-01,1.241430863738059998e-01,4.527953482027174403e-01,4.242777153028733927e-01
2.142534852027893066e-01,3.710477054119110107e-01,2.590291720132164022e-01,1.606291966582624742e-01
2.056394577026367188e+00,2.065065622329711914e+00,4.155126432381373025e-02,3.403641540491392226e-02
6.121989488601684570e-01,7.157716155052185059e-01,7.012204095280649696e-01,6.340882942802378297e-01
1.719360113143920898e+00,1.840364575386047363e+00,7.080386964861278276e-01,5.924968715713945233e-01
1.290519237518310547e-01,1.367530524730682373e-01,3.322900665865828884e-01,2.457544417616502885e-01
2.177640646696090698e-01,2.467078268527984619e-01,2.048148724140141375e-01,1.695385043566714489e-01
1.741809368133544922e+00,1.765069484710693359e+00,1.670558723332128404e-01,1.062855026803508074e-01
3.707602024078369141e-01,3.889979422092437744e-01,5.412760233520040876e-01,4.851952017579289622e-01
1.510645747184753418e-01,1.705256104469299316e-01,6.735147036988003988e-01,6.555914621339196113e-01
7.921145111322402954e-02,8.799476176500320435e-02,4.625906076048453830e-01,4.168724787080463345e-01
1.809060573577880859e-01,3.217577040195465088e-01,6.209976782873440904e-01,5.824281198614504884e-01
7.765615582466125488e-01,8.413600325584411621e-01,4.121343162720750852e-01,3.713516638304595885e-01
1.913799047470092773e-01,2.415976822376251221e-01,5.490901707798048204e-01,4.994628546898964849e-01
9.734889864921569824e-01,9.869702458381652832e-01,6.193160650061851902e-02,5.491464872882650949e-02
8.821098506450653076e-02,1.004627496004104614e-01,7.512202941077361640e-01,6.909703424644489944e-01
5.001009464263916016e+00,5.026444435119628906e+00,4.784799803256262196e-01,4.292170305516957995e-01
1.463132023811340332e+00,1.502841234207153320e+00,2.008421437639092422e-01,1.293843816748026510e-01
8.008002042770385742e-01,8.414548635482788086e-01,3.145420953259601138e-01,2.089813100268846369e-01
4.612554311752319336e-01,5.115826129913330078e-01,6.664243437180045193e-01,6.213201173875657624e-01
1.873232722282409668e+00,2.126062154769897461e+00,4.583348733777465878e-01,4.272592332196778475e-01
1.564823649823665619e-02,8.893512189388275146e-02,2.484986372093496709e-01,1.872986528651451321e-01
1.858708262443542480e-01,2.631878554821014404e-01,7.543236551403432744e-01,7.065372700375998072e-01
2.200865447521209717e-01,3.076971173286437988e-01,7.536572417120891432e-01,6.844486271342569150e-01
3.520924970507621765e-02,4.416608810424804688e-02,5.356836342533120021e-01,5.086723864332216571e-01
7.864294946193695068e-02,2.029828429222106934e-01,6.017900336577127751e-01,5.450021894753639407e-01
1.638163626194000244e-01,1.731549203395843506e-01,6.853084364417421082e-01,6.512903250327678473e-01
1.004891693592071533e-01,1.407130658626556396e-01,7.952194312170544066e-01,7.385178155140997847e-01
4.451513886451721191e-01,4.582959711551666260e-01,3.096061662326802244e-01,2.882738699078166711e-01
6.694220304489135742e-01,7.588871121406555176e-01,6.759999111715082609e-01,5.644152083154084787e-01
2.849675528705120087e-02,4.201873391866683960e-02,6.979944036583493050e-01,5.449663300481696337e-01
1.043876782059669495e-01,1.429171413183212280e-01,7.686375649008265754e-01,7.027898981064291117e-01
4.595477879047393799e-02,6.655853986740112305e-02,4.782170698504668582e-01,4.401040433995104251e-01
2.672020792961120605e-01,3.123303949832916260e-01,1.665137065641465464e-01,1.228878363019227371e-01
3.715604066848754883e+00,3.742551565170288086e+00,6.404906340931302289e-01,6.088543792319150993e-01
8.815355896949768066e-01,8.951117992401123047e-01,5.506320804687080406e-01,4.793027100738503909e-01
5.250348895788192749e-02,9.336833655834197998e-02,1.196427649605547594e-01,1.020382440523549539e-01
8.259494602680206299e-02,1.426596343517303467e-01,5.854966134480936724e-01,5.395119378399606536e-01
1.140357106924057007e-01,2.371395677328109741e-01,4.838628636902791991e-01,3.862988433735211058e-01
4.889543727040290833e-02,6.567858904600143433e-02,2.136746291922684282e-01,1.586139567207143219e-01
1.913302093744277954e-01,1.991366595029830933e-01,5.876114226128473783e-01,5.146022762067918865e-01
2.560865879058837891e-01,5.525230169296264648e-01,2.346343218715257750e-02,1.985020277643129161e-02
2.134921215474605560e-02,3.303235024213790894e-02,4.185364723769324780e-02,2.939595878487794023e-02
7.573463767766952515e-02,8.717321604490280151e-02,5.747609066301591074e-01,5.105281629699102153e-01
4.691844940185546875e+00,5.630367755889892578e+00,4.532421886940913858e-01,4.013125988260989874e-01
7.030104845762252808e-02,7.390008866786956787e-02,5.328672003902921173e-01,4.521804141507821950e-01
1.009434685111045837e-01,1.333915591239929199e-01,1.185910703573927472e-01,1.161978039908015403e-01
2.673862457275390625e+00,2.740960597991943359e+00,7.566800808024614078e-01,5.955120347956415205e-01
4.747988283634185791e-02,5.920900404453277588e-02,6.766298522604388133e-01,6.363270751373432121e-01
3.727989271283149719e-02,1.060891598463058472e-01,8.085242829683279009e-01,7.636180724250630769e-01
9.175503253936767578e-01,9.514495730400085449e-01,5.661057692330813129e-01,5.402427422072628715e-01
5.086004734039306641e-01,5.187813639640808105e-01,3.660206845529180297e-01,3.527911150493673320e-01
1.072251081466674805e+00,1.078493952751159668e+00,5.188038872737270601e-01,4.862520754585553662e-01
1.617535352706909180e+00,1.896161556243896484e+00,6.734950710853010447e-01,5.669471990814108908e-01
3.875400125980377197e-02,2.043155282735824585e-01,6.110222220091147127e-01,5.358293568102134863e-01
6.354799270629882812e-01,6.517531275749206543e-01,5.432421756713862182e-01,4.509589005968125397e-01
1.587245166301727295e-01,6.328247785568237305e-01,7.266514067706283386e-01,6.907891136079661321e-01
4.657270014286041260e-02,1.182599514722824097e-01,1.176433819674205239e-01,5.172023053765123501e-02
6.548944950103759766e+00,6.867889404296875000e+00,6.668449432967525903e-01,6.503525665091243191e-01
1.512592673301696777e+00,1.572779536247253418e+00,6.926067882323687641e-01,6.001151810496548888e-01
1.153740435838699341e-01,1.306450664997100830e-01,1.222977043169435341e-01,8.082791688945784037e-02
5.266287177801132202e-02,6.461283564567565918e-02,5.686071593260884072e-01,4.458542906946397766e-01
6.613344699144363403e-02,9.618605673313140869e-02,7.647204123341224680e-01,7.147681865645758581e-01
7.316686630249023438e+00,7.345730781555175781e+00,1.273792093344148779e-01,9.567898461513957287e-02
4.723701626062393188e-02,7.510798424482345581e-02,7.532207434243275435e-01,6.998444567335626587e-01
4.396290183067321777e-01,4.440030455589294434e-01,7.879533717129943993e-01,7.608020076743396976e-01
3.692424297332763672e-02,1.182033568620681763e-01,1.630316711617913472e-01,1.359016927226004978e-01
5.395252704620361328e-01,5.429515838623046875e-01,4.749849976600611923e-01,2.999706654117373916e-01
6.006671860814094543e-02,7.385807484388351440e-02,6.130714569213450149e-01,3.857542726859931603e-01
1.157949447631835938e+00,1.215547919273376465e+00,7.094695988063137726e-01,6.748142664461345142e-01
1.799939572811126709e-01,3.528276085853576660e-01,6.429674202795763183e-01,5.079359322440375468e-01
1.546236127614974976e-01,1.999801695346832275e-01,1.463861218322407565e-01,1.140474074952864125e-01
7.362761497497558594e-01,8.048935532569885254e-01,5.895974091959407248e-01,4.937521694274539241e-01
9.141249060630798340e-01,1.004366159439086914e+00,6.393516000026749913e-01,5.821081102563588905e-01
3.712658166885375977e+00,4.240559101104736328e+00,7.190008849129316815e-01,6.553964500474430688e-01
3.414577007293701172e+00,3.427847385406494141e+00,1.075273230229747967e-01,9.933725688044903190e-02
8.966978639364242554e-02,1.065776795148849487e-01,6.880364719247553662e-01,6.569431694037473068e-01
1.339764799922704697e-02,4.537584632635116577e-02,3.323209532780941888e-01,2.634658207776611194e-01
6.480515003204345703e-02,3.359274864196777344e-01,2.126218910407053353e-01,1.265895172077414754e-01
1.028761267662048340e-01,1.390465199947357178e-01,2.864296142108785914e-01,2.068761711377273826e-01
3.163478970527648926e-01,3.264326453208923340e-01,6.646351938572052642e-01,5.425584716497294790e-01
7.747801393270492554e-02,9.061671793460845947e-02,7.366226943624613055e-01,6.755616097108864126e-01
7.172040641307830811e-02,1.552119851112365723e-01,6.205971058060913981e-01,5.621076042539807638e-01
6.724119186401367188e-01,7.180558443069458008e-01,2.214576171633533819e-01,1.645081174254939826e-01
3.545790910720825195e-02,2.773507535457611084e-01,7.194489543409442467e-01,6.833166641790571205e-01
2.634267210960388184e-01,2.756996154785156250e-01,3.934145907484626892e-01,2.876197130783196831e-01
1.079304933547973633e+00,1.097145795822143555e+00,6.071687726231950188e-01,5.873446571762446222e-01
9.033427387475967407e-02,5.467672944068908691e-01,6.519931152542318697e-02,4.792397015216370848e-02
1.133227467536926270e+00,1.186931610107421875e+00,7.262948403763298533e-01,6.341121654686481257e-01
5.072607398033142090e-01,5.849339365959167480e-01,4.819909803364391121e-01,4.494418093402061665e-01
7.977727055549621582e-02,1.818308681249618530e-01,7.307923945596582760e-01,6.631428460969395200e-01
8.223738074302673340e-01,1.010453701019287109e+00,7.501926791181048326e-01,7.139926428669375325e-01
2.585521638393402100e-01,3.184613585472106934e-01,2.394563320653297911e-03,2.014803370932460869e-03
5.039987564086914062e-01,5.597925782203674316e-01,5.630341788506441070e-01,5.002095324289331790e-01
4.973300993442535400e-01,5.244455337524414062e-01,2.597750516571062374e-02,2.195821154557819899e-02
7.251378148794174194e-02,7.575249671936035156e-02,7.173616596901783993e-01,6.994794377208942704e-01
1.030413389205932617e+00,1.068560004234313965e+00,2.094220372316688006e-01,1.732418814248095629e-01
1.735762357711791992e-01,1.836405992507934570e-01,7.030414644036753202e-02,5.688382473559550068e-02
2.999004125595092773e-01,5.041602253913879395e-01,6.131385173272257960e-01,4.231558860933879451e-01
1.567585587501525879e+00,1.575995087623596191e+00,6.433376290559261745e-01,5.786881377937878046e-01
6.533879637718200684e-01,6.709675192832946777e-01,6.985044088049958688e-01,6.313702762933007806e-01
3.837041184306144714e-02,6.470132619142532349e-02,5.624135541240082858e-04,1.069291279148232299e-04
9.664496779441833496e-01,9.692365527153015137e-01,6.176551750726898549e-01,5.780451070033437722e-01
1.040817499160766602e-01,1.241057664155960083e-01,3.604271851371294022e-01,2.936782538776184781e-01
6.791561096906661987e-02,8.871110528707504272e-02,1.842921146178096437e-01,1.710126208584710206e-01
5.005872994661331177e-02,1.197010502219200134e-01,6.021337994499258439e-01,5.520882154979636081e-01
4.493976593017578125e+00,5.213876724243164062e+00,6.060265497733596796e-01,5.902148437584565643e-01
9.181343764066696167e-02,1.454164981842041016e-01,8.452857103507342984e-01,8.313429510013836676e-01
1.689427644014358521e-01,2.410124540328979492e-01,5.217742346077204330e-01,4.934204856435855380e-01
1.138832271099090576e-01,1.827604323625564575e-01,5.017224720851443109e-01,4.577942399011472041e-01
7.835760593414306641e+00,8.799018859863281250e+00,2.397031381493691660e-02,2.050856797744049498e-02
2.974727563560009003e-02,3.570232167840003967e-02,7.406718626678958639e-01,6.652624628297778564e-01
2.099447011947631836e+00,2.107912063598632812e+00,6.273362088296988714e-01,5.214270762086474775e-01
3.104113340377807617e-01,3.451058864593505859e-01,7.540448187932682345e-01,6.359001754088411396e-01
8.234084397554397583e-02,2.652041018009185791e-01,2.646950604698827814e-03,2.336765595401080198e-03
3.631641864776611328e-01,4.026776850223541260e-01,6.755293318405883873e-01,5.763341385198331723e-01
1.168771088123321533e-01,1.415715366601943970e-01,7.210006702376595689e-01,6.668140590492349640e-01
8.918744325637817383e-01,1.100257396697998047e+00,7.186379670676367182e-01,6.678954492574717960e-01
4.347592353820800781e+00,5.242621421813964844e+00,1.865861876383133056e-01,1.142082152949094875e-01
1.040696874260902405e-01,1.198219209909439087e-01,7.728549933719291998e-01,7.210528662267166045e-01
2.482958436012268066e-01,3.654221296310424805e-01,4.802862510205470614e-01,4.057638265775674324e-01
2.197125740349292755e-02,8.032741397619247437e-02,8.291092758571658727e-01,7.322376370639274157e-01
1.230098381638526917e-01,1.892249882221221924e-01,2.314712250947603134e-01,1.507941683138940281e-01
1.175779998302459717e-01,1.027323722839355469e+00,7.764768700014219593e-01,7.284203167775716858e-01
1.313288956880569458e-01,1.852948963642120361e-01,2.252660292612760351e-01,2.089717990938363412e-01
8.631882816553115845e-02,1.570944488048553467e-01,4.081840532920898990e-01,3.755546877865885702e-01
2.782931804656982422e+00,2.826829910278320312e+00,5.019714179157375167e-01,4.634427059697634466e-01
1.579432487487792969e+00,1.708132028579711914e+00,2.361816345059261080e-01,1.942440385982522888e-01
3.524615615606307983e-02,8.429765701293945312e-02,3.784633720958999747e-01,2.740189870438818343e-01
1.418122462928295135e-02,1.690254919230937958e-02,1.346846819469357248e-01,8.963456272965403260e-02
2.233089685440063477e+00,2.264720916748046875e+00,6.445481778947683704e-01,6.088469199347603666e-01
2.182718992233276367e+00,2.421068668365478516e+00,4.578618536204615008e-03,2.791928125147558060e-03
1.471725851297378540e-01,1.509491354227066040e-01,7.640952322137866126e-01,5.369043225544616327e-01
1.008849665522575378e-01,1.276416778564453125e-01,6.343515482599277888e-01,5.666574384206695125e-01
3.152654767036437988e-01,8.141289949417114258e-01,6.314622637278701767e-01,5.902684139916462014e-01
3.048559278249740601e-02,1.107344999909400940e-01,1.546565304191728218e-01,1.368879238449686730e-01
5.098320007324218750e+00,5.111790657043457031e+00,4.926986532628434001e-01,4.344352291718696635e-01
5.470888614654541016e-01,1.419040799140930176e+00,4.567081737230598293e-01,3.829253109284944667e-01
8.846136182546615601e-02,1.086171343922615051e-01,2.942956910558552908e-01,1.859975704156558440e-01
5.675955116748809814e-02,8.755955845117568970e-02,7.447341728351608570e-01,6.840398407018084548e-01
5.383858829736709595e-02,5.775378644466400146e-02,5.816452465983207309e-01,5.606666690706062495e-01
2.952287197113037109e-01,3.475526869297027588e-01,6.076922720086344043e-01,5.476735895811664090e-01
3.818962872028350830e-01,4.072599411010742188e-01,2.253516519699780285e-01,1.968704937943491218e-01
3.017037548124790192e-02,7.290138304233551025e-02,2.230503450440518010e-01,1.575779245482173407e-01
1.929103612899780273e+00,2.117269277572631836e+00,4.655685160781992682e-01,3.454853334570756607e-01
1.816461831331253052e-01,2.168691456317901611e-01,2.200924383540364127e-01,1.643431373954032382e-01
7.128178596496582031e+00,7.277904987335205078e+00,7.723598891267290378e-01,7.059592286722837784e-01
1.937372833490371704e-01,3.618449568748474121e-01,5.240739995667680340e-01,4.701106047999799031e-01
5.612419247627258301e-01,5.736408829689025879e-01,1.060360699734042011e-02,7.691334778714864484e-03
5.424745380878448486e-02,1.039219722151756287e-01,6.414102848068008456e-01,5.562114273488059091e-01
2.731605470180511475e-01,3.167034685611724854e-01,6.183690015371647863e-01,5.147877548749064669e-01
2.991711616516113281e+00,3.054626941680908203e+00,8.373438242277475574e-02,7.659496500746681980e-02
9.045883268117904663e-02,1.135101839900016785e-01,6.876538959453124544e-01,6.230506815270393517e-01
1.236595492810010910e-02,7.825896143913269043e-02,4.926817574220309082e-01,4.396705794527701605e-01
2.172953337430953979e-01,3.019822835922241211e-01,5.021420302742519715e-01,4.633647462707047304e-01
7.654215693473815918e-01,8.531961441040039062e-01,7.276233305029877751e-01,6.973714084461908325e-01
2.230149269104003906e+00,2.476644992828369141e+00,5.771089395248213405e-01,4.161592095795523250e-01
8.232026547193527222e-02,9.349553287029266357e-02,3.038999364836553196e-01,2.700184615298365509e-01
